Machine_ID,Machine_Type,air_temperature_k,process_temperature_k,rotational_speed_rpm,torque_nm,tool_wear_min,type,target
M-CNC-001,CNC Milling Spindle (High Precision),298.62,312.56,2517.6,48.95,36,H,0
M-CNC-002,CNC Milling Spindle (High Precision),296.41,311.8,2282.0,53.32,13,L,0
M-CNC-003,CNC Milling Spindle (High Precision),301.83,305.91,1527.3,32.34,61,M,0
M-CNC-004,CNC Milling Spindle (High Precision),299.02,306.62,2301.3,30.58,59,M,0
M-CNC-005,CNC Milling Spindle (High Precision),299.19,311.07,1559.4,45.57,110,H,0
M-CNC-006,CNC Milling Spindle (High Precision),300.25,305.53,1317.1,62.96,174,L,0
M-CNC-007,CNC Milling Spindle (High Precision),298.13,304.88,2431.6,42.61,30,M,0
M-CNC-008,CNC Milling Spindle (High Precision),296.24,312.18,1665.8,51.5,62,M,0
M-CNC-009,CNC Milling Spindle (High Precision),299.83,305.66,2945.3,56.01,169,L,0
M-CNC-010,CNC Milling Spindle (High Precision),300.19,312.3,1359.3,32.84,17,M,0
M-CNC-011,CNC Milling Spindle (High Precision),298.72,306.44,2691.7,39.27,57,M,0
M-CNC-012,CNC Milling Spindle (High Precision),296.99,311.22,1334.2,64.48,141,H,0
M-CNC-013,CNC Milling Spindle (High Precision),296.04,311.34,2472.3,54.16,141,H,0
M-CNC-014,CNC Milling Spindle (High Precision),298.51,305.04,2753.6,49.93,66,H,0
M-CNC-015,CNC Milling Spindle (High Precision),298.18,306.93,2513.3,50.5,160,M,0
M-CNC-016,CNC Milling Spindle (High Precision),296.84,310.42,2569.4,47.45,141,M,0
M-CNC-017,CNC Milling Spindle (High Precision),299.66,307.85,1245.8,29.32,15,M,0
M-CNC-018,CNC Milling Spindle (High Precision),298.2,308.58,2833.6,34.97,79,L,0
M-CNC-019,CNC Milling Spindle (High Precision),297.6,304.69,1721.6,31.45,168,L,0
M-CNC-020,CNC Milling Spindle (High Precision),300.43,311.84,2646.6,32.46,161,M,0
M-CNC-021,CNC Milling Spindle (High Precision),301.65,312.06,1772.4,29.4,48,M,0
M-CNC-022,CNC Milling Spindle (High Precision),301.73,311.75,1212.5,45.43,80,M,0
M-CNC-023,CNC Milling Spindle (High Precision),296.84,307.04,2897.2,37.93,98,L,0
M-CNC-024,CNC Milling Spindle (High Precision),298.55,312.75,2932.4,35.07,94,M,0
M-CNC-025,CNC Milling Spindle (High Precision),297.99,304.33,2297.2,45.11,18,M,0
M-CNC-026,CNC Milling Spindle (High Precision),302.36,306.16,1460.8,44.58,177,M,0
M-CNC-027,CNC Milling Spindle (High Precision),300.7,310.85,1627.7,54.13,72,M,0
M-CNC-028,CNC Milling Spindle (High Precision),300.43,308.82,1362.5,58.41,64,H,0
M-CNC-029,CNC Milling Spindle (High Precision),296.29,309.32,2419.6,25.66,97,M,0
M-CNC-030,CNC Milling Spindle (High Precision),300.52,305.57,2443.7,40.47,169,H,0
M-CNC-031,CNC Milling Spindle (High Precision),298.39,305.02,2864.4,60.09,53,M,0
M-CNC-032,CNC Milling Spindle (High Precision),301.72,309.0,2153.4,34.67,25,L,0
M-CNC-033,CNC Milling Spindle (High Precision),302.3,309.7,1810.3,38.97,133,L,0
M-CNC-034,CNC Milling Spindle (High Precision),302.21,311.02,2355.7,28.37,37,L,0
M-CNC-035,CNC Milling Spindle (High Precision),300.25,304.08,1382.6,51.54,10,H,0
M-CNC-036,CNC Milling Spindle (High Precision),299.84,310.23,2373.5,33.97,131,M,0
M-CNC-037,CNC Milling Spindle (High Precision),298.28,310.72,2369.3,58.97,121,M,0
M-CNC-038,CNC Milling Spindle (High Precision),296.66,307.31,1677.4,34.76,175,M,0
M-CNC-039,CNC Milling Spindle (High Precision),302.24,309.68,2630.7,45.11,108,M,0
M-CNC-040,CNC Milling Spindle (High Precision),297.37,310.5,1705.4,25.97,119,H,0
M-CNC-041,CNC Milling Spindle (High Precision),302.58,312.59,2846.8,39.81,12,L,0
M-CNC-042,CNC Milling Spindle (High Precision),299.0,312.7,2934.5,59.12,60,M,0
M-CNC-043,CNC Milling Spindle (High Precision),301.96,306.85,1505.1,47.27,169,M,0
M-CNC-044,CNC Milling Spindle (High Precision),299.99,304.87,2307.0,64.6,33,M,0
M-CNC-045,CNC Milling Spindle (High Precision),302.14,310.67,2454.6,53.1,71,M,0
M-CNC-046,CNC Milling Spindle (High Precision),301.67,311.29,2760.7,61.53,96,M,0
M-CNC-047,CNC Milling Spindle (High Precision),301.59,309.85,2463.5,56.83,161,M,0
M-CNC-048,CNC Milling Spindle (High Precision),298.63,304.85,2240.9,26.44,89,M,0
M-CNC-049,CNC Milling Spindle (High Precision),298.01,309.32,1254.9,26.49,149,M,0
M-CNC-050,CNC Milling Spindle (High Precision),296.89,308.7,2586.0,33.63,115,H,0
M-CNC-051,CNC Milling Spindle (High Precision),296.36,308.78,2173.1,50.5,133,L,0
M-CNC-052,CNC Milling Spindle (High Precision),299.61,306.91,2631.3,35.83,84,H,0
M-CNC-053,CNC Milling Spindle (High Precision),296.18,312.66,2704.8,52.84,79,H,0
M-CNC-054,CNC Milling Spindle (High Precision),297.1,306.25,2188.6,53.58,122,M,0
M-CNC-055,CNC Milling Spindle (High Precision),302.68,310.64,2197.8,49.47,81,M,0
M-CNC-056,CNC Milling Spindle (High Precision),298.49,310.82,1225.9,29.64,17,H,0
M-CNC-057,CNC Milling Spindle (High Precision),301.99,310.33,2053.5,28.91,93,M,0
M-CNC-058,CNC Milling Spindle (High Precision),297.21,307.9,1917.3,49.63,117,H,0
M-CNC-059,CNC Milling Spindle (High Precision),298.62,309.63,2105.6,59.26,121,H,0
M-CNC-060,CNC Milling Spindle (High Precision),296.49,309.78,1247.7,48.43,169,M,0
M-CNC-061,CNC Milling Spindle (High Precision),298.72,309.79,2024.9,46.82,170,M,0
M-CNC-062,CNC Milling Spindle (High Precision),302.73,312.15,1552.4,27.77,27,H,0
M-CNC-063,CNC Milling Spindle (High Precision),296.66,310.15,1328.1,37.76,153,H,0
M-CNC-064,CNC Milling Spindle (High Precision),301.7,306.54,1412.7,52.87,116,L,0
M-CNC-065,CNC Milling Spindle (High Precision),301.15,311.23,1707.7,32.1,137,L,0
M-CNC-066,CNC Milling Spindle (High Precision),302.93,307.71,1869.6,56.06,67,L,0
M-CNC-067,CNC Milling Spindle (High Precision),302.01,307.86,2551.6,55.18,27,L,0
M-CNC-068,CNC Milling Spindle (High Precision),299.54,311.44,1776.1,60.82,76,H,0
M-CNC-069,CNC Milling Spindle (High Precision),302.34,304.82,1774.8,63.0,171,M,0
M-CNC-070,CNC Milling Spindle (High Precision),300.42,308.04,1727.8,38.15,124,L,0
M-CNC-071,CNC Milling Spindle (High Precision),301.54,311.11,1364.2,44.78,19,M,0
M-CNC-072,CNC Milling Spindle (High Precision),299.09,311.99,1831.6,29.68,34,L,0
M-CNC-073,CNC Milling Spindle (High Precision),300.33,304.91,1351.4,53.04,22,L,0
M-CNC-074,CNC Milling Spindle (High Precision),300.94,304.73,1352.7,64.47,73,M,0
M-CNC-075,CNC Milling Spindle (High Precision),301.69,312.53,2974.8,55.14,73,H,0
M-CNC-076,CNC Milling Spindle (High Precision),301.44,309.03,1963.6,61.25,28,M,0
M-CNC-077,CNC Milling Spindle (High Precision),296.08,308.22,1301.3,29.75,29,M,0
M-CNC-078,CNC Milling Spindle (High Precision),301.22,309.25,2931.9,39.99,58,L,0
M-CNC-079,CNC Milling Spindle (High Precision),297.57,312.67,1221.9,63.8,17,L,0
M-CNC-080,CNC Milling Spindle (High Precision),299.69,312.94,1332.8,47.15,174,M,0
M-CNC-081,CNC Milling Spindle (High Precision),300.41,310.26,2018.2,50.1,109,L,0
M-CNC-082,CNC Milling Spindle (High Precision),296.32,306.53,2910.7,60.61,87,M,0
M-CNC-083,CNC Milling Spindle (High Precision),297.94,305.69,2034.7,39.13,109,H,0
M-CNC-084,CNC Milling Spindle (High Precision),302.82,312.88,2456.7,46.44,62,L,0
M-CNC-085,CNC Milling Spindle (High Precision),300.79,305.46,2839.7,57.9,171,L,0
M-CNC-086,CNC Milling Spindle (High Precision),300.29,307.76,2878.9,59.64,17,H,0
M-CNC-087,CNC Milling Spindle (High Precision),298.64,311.29,2977.1,31.02,111,M,0
M-CNC-088,CNC Milling Spindle (High Precision),302.79,311.58,2709.0,43.75,80,M,0
M-CNC-089,CNC Milling Spindle (High Precision),296.39,311.78,2663.2,64.99,179,M,0
M-CNC-090,CNC Milling Spindle (High Precision),301.38,312.5,2729.4,34.89,86,H,0
M-CNC-091,CNC Milling Spindle (High Precision),302.68,309.46,1611.6,51.87,115,M,0
M-CNC-092,CNC Milling Spindle (High Precision),296.79,310.04,2136.6,55.89,98,L,0
M-CNC-093,CNC Milling Spindle (High Precision),299.86,309.05,2778.0,41.14,32,H,0
M-CNC-094,CNC Milling Spindle (High Precision),301.29,309.58,2467.3,33.52,33,H,0
M-CNC-095,CNC Milling Spindle (High Precision),298.45,309.31,1906.0,42.5,163,M,0
M-CNC-096,CNC Milling Spindle (High Precision),299.6,311.05,1913.8,49.88,156,L,0
M-CNC-097,CNC Milling Spindle (High Precision),297.03,312.34,2085.8,35.33,88,L,0
M-CNC-098,CNC Milling Spindle (High Precision),299.45,306.96,2340.1,34.61,22,H,0
M-CNC-099,CNC Milling Spindle (High Precision),296.9,305.37,1449.9,50.63,40,M,0
M-CNC-100,CNC Milling Spindle (High Precision),302.28,308.27,2401.6,31.89,42,H,0
M-CNC-101,CNC Milling Spindle (High Precision),297.18,306.51,1518.6,28.55,30,M,0
M-CNC-102,CNC Milling Spindle (High Precision),297.44,307.28,2106.2,52.62,16,L,0
M-CNC-103,CNC Milling Spindle (High Precision),300.4,304.74,2772.4,61.83,20,M,0
M-CNC-104,CNC Milling Spindle (High Precision),301.64,310.73,1532.1,33.37,72,M,0
M-CNC-105,CNC Milling Spindle (High Precision),300.33,307.32,2032.6,54.9,16,M,0
M-CNC-106,CNC Milling Spindle (High Precision),300.99,312.06,2121.0,46.28,28,M,0
M-CNC-107,CNC Milling Spindle (High Precision),299.73,306.18,1684.6,40.09,13,M,0
M-CNC-108,CNC Milling Spindle (High Precision),297.48,306.95,1415.6,60.62,110,M,0
M-CNC-109,CNC Milling Spindle (High Precision),301.52,308.49,1356.5,46.48,109,L,0
M-CNC-110,CNC Milling Spindle (High Precision),299.02,305.15,1710.8,39.52,119,M,0
M-CNC-111,CNC Milling Spindle (High Precision),298.49,312.88,2290.4,34.49,27,H,0
M-CNC-112,CNC Milling Spindle (High Precision),297.72,305.45,1535.8,36.4,39,L,0
M-CNC-113,CNC Milling Spindle (High Precision),296.56,308.72,1938.7,64.3,29,M,0
M-CNC-114,CNC Milling Spindle (High Precision),302.79,311.79,2670.7,35.32,39,M,0
M-CNC-115,CNC Milling Spindle (High Precision),302.51,309.01,2228.9,36.2,140,H,0
M-CNC-116,CNC Milling Spindle (High Precision),298.27,307.83,2113.7,34.7,29,M,0
M-CNC-117,CNC Milling Spindle (High Precision),298.02,309.23,1477.9,44.25,100,H,0
M-CNC-118,CNC Milling Spindle (High Precision),298.36,305.21,1314.1,64.6,64,L,0
M-CNC-119,CNC Milling Spindle (High Precision),297.78,310.13,2568.4,48.83,90,M,0
M-CNC-120,CNC Milling Spindle (High Precision),298.44,312.37,2695.1,63.6,31,L,0
M-CNC-121,CNC Milling Spindle (High Precision),302.57,305.63,1319.7,54.64,107,L,0
M-CNC-122,CNC Milling Spindle (High Precision),296.98,311.16,1562.9,31.55,37,L,0
M-CNC-123,CNC Milling Spindle (High Precision),300.66,308.71,1845.9,60.09,76,L,0
M-CNC-124,CNC Milling Spindle (High Precision),299.07,307.39,2032.8,37.06,137,M,0
M-CNC-125,CNC Milling Spindle (High Precision),297.63,312.1,1891.0,46.74,164,M,0
M-CNC-126,CNC Milling Spindle (High Precision),296.82,312.46,2329.9,38.4,33,L,0
M-CNC-127,CNC Milling Spindle (High Precision),300.34,308.8,2809.0,56.54,35,M,0
M-CNC-128,CNC Milling Spindle (High Precision),297.74,310.7,1260.4,47.8,139,L,0
M-CNC-129,CNC Milling Spindle (High Precision),298.39,311.39,1399.1,58.86,31,M,0
M-CNC-130,CNC Milling Spindle (High Precision),301.58,305.35,1612.7,53.89,132,M,0
M-CNC-131,CNC Milling Spindle (High Precision),300.86,308.88,1653.2,38.83,40,L,0
M-CNC-132,CNC Milling Spindle (High Precision),300.08,307.61,2031.6,62.89,36,M,0
M-CNC-133,CNC Milling Spindle (High Precision),299.54,309.5,1232.6,59.88,168,M,0
M-CNC-134,CNC Milling Spindle (High Precision),300.88,312.3,2473.0,31.1,107,M,0
M-CNC-135,CNC Milling Spindle (High Precision),298.97,310.63,2881.9,62.02,86,H,0
M-CNC-136,CNC Milling Spindle (High Precision),302.89,311.55,1424.4,61.83,157,M,0
M-CNC-137,CNC Milling Spindle (High Precision),300.14,307.59,1298.6,38.41,146,H,0
M-CNC-138,CNC Milling Spindle (High Precision),298.33,307.58,2167.3,61.79,68,M,0
M-CNC-139,CNC Milling Spindle (High Precision),301.16,308.07,1604.3,43.1,33,H,0
M-CNC-140,CNC Milling Spindle (High Precision),299.49,307.77,2846.7,39.5,108,M,0
M-CNC-141,CNC Milling Spindle (High Precision),296.09,309.97,1520.5,63.44,35,M,0
M-CNC-142,CNC Milling Spindle (High Precision),296.6,312.97,2104.0,48.82,21,L,0
M-CNC-143,CNC Milling Spindle (High Precision),297.47,312.08,1569.3,32.63,16,M,0
M-CNC-144,CNC Milling Spindle (High Precision),299.95,304.59,2595.9,43.13,99,M,0
M-CNC-145,CNC Milling Spindle (High Precision),298.81,309.04,1479.4,32.28,156,L,0
M-CNC-146,CNC Milling Spindle (High Precision),298.61,306.44,2359.2,41.35,14,H,0
M-CNC-147,CNC Milling Spindle (High Precision),301.01,309.93,1248.8,33.88,49,M,0
M-CNC-148,CNC Milling Spindle (High Precision),296.14,304.94,2639.8,32.14,120,M,0
M-CNC-149,CNC Milling Spindle (High Precision),296.7,306.19,2500.1,59.23,151,M,0
M-CNC-150,CNC Milling Spindle (High Precision),300.68,305.84,1727.7,60.85,12,H,0
M-CNC-151,CNC Milling Spindle (High Precision),297.46,304.24,1526.6,48.32,81,L,0
M-CNC-152,CNC Milling Spindle (High Precision),301.72,307.08,1667.0,40.19,110,M,0
M-CNC-153,CNC Milling Spindle (High Precision),300.37,307.68,2193.7,42.45,60,L,0
M-CNC-154,CNC Milling Spindle (High Precision),301.35,305.26,2763.2,44.5,162,L,0
M-CNC-155,CNC Milling Spindle (High Precision),298.98,304.2,1683.6,46.67,117,M,0
M-CNC-156,CNC Milling Spindle (High Precision),296.98,311.51,2971.9,46.03,39,M,0
M-CNC-157,CNC Milling Spindle (High Precision),296.13,312.23,1412.0,48.06,56,M,0
M-CNC-158,CNC Milling Spindle (High Precision),300.56,311.47,1571.6,25.44,33,L,0
M-CNC-159,CNC Milling Spindle (High Precision),302.12,309.38,2280.9,51.6,39,L,0
M-CNC-160,CNC Milling Spindle (High Precision),298.93,307.45,2134.1,26.88,38,L,0
M-CNC-161,CNC Milling Spindle (High Precision),296.58,309.43,1641.6,40.57,59,M,0
M-CNC-162,CNC Milling Spindle (High Precision),301.03,306.67,2219.5,44.04,122,L,0
M-CNC-163,CNC Milling Spindle (High Precision),301.13,305.93,1256.1,35.49,111,H,0
M-CNC-164,CNC Milling Spindle (High Precision),299.47,309.37,1801.6,55.84,28,H,0
M-CNC-165,CNC Milling Spindle (High Precision),301.1,308.46,2439.1,42.39,51,L,0
M-CNC-166,CNC Milling Spindle (High Precision),301.6,310.25,1689.9,48.61,71,H,0
M-CNC-167,CNC Milling Spindle (High Precision),302.42,305.23,2910.4,42.84,41,M,0
M-CNC-168,CNC Milling Spindle (High Precision),302.11,310.59,2651.8,51.35,127,L,0
M-CNC-169,CNC Milling Spindle (High Precision),297.75,308.4,1598.2,64.51,170,H,0
M-CNC-170,CNC Milling Spindle (High Precision),300.94,312.33,1525.0,47.72,165,H,0
M-CNC-171,CNC Milling Spindle (High Precision),300.88,306.68,2863.9,63.84,170,M,0
M-CNC-172,CNC Milling Spindle (High Precision),302.03,311.6,1774.4,58.16,16,M,0
M-CNC-173,CNC Milling Spindle (High Precision),297.61,305.09,1338.5,52.85,67,L,0
M-CNC-174,CNC Milling Spindle (High Precision),296.46,306.84,2171.1,56.63,64,M,0
M-CNC-175,CNC Milling Spindle (High Precision),302.2,309.54,1619.3,25.98,157,H,0
M-CNC-176,CNC Milling Spindle (High Precision),302.12,308.76,2890.3,56.95,179,M,0
M-CNC-177,CNC Milling Spindle (High Precision),301.37,307.62,2063.8,50.1,158,L,0
M-CNC-178,CNC Milling Spindle (High Precision),301.38,307.76,1958.4,54.5,50,H,0
M-CNC-179,CNC Milling Spindle (High Precision),298.48,306.59,1733.4,34.34,17,H,0
M-CNC-180,CNC Milling Spindle (High Precision),302.91,307.85,1891.8,52.19,47,L,0
M-CNC-181,CNC Milling Spindle (High Precision),301.5,304.8,1951.6,60.16,170,M,0
M-CNC-182,CNC Milling Spindle (High Precision),300.29,305.5,2984.1,34.27,170,M,0
M-CNC-183,CNC Milling Spindle (High Precision),300.25,308.61,1615.2,32.06,47,H,0
M-CNC-184,CNC Milling Spindle (High Precision),301.46,307.15,1304.1,63.76,160,L,0
M-CNC-185,CNC Milling Spindle (High Precision),302.96,305.57,1913.2,55.33,128,H,0
M-CNC-186,CNC Milling Spindle (High Precision),301.71,306.02,1602.9,46.48,110,M,0
M-CNC-187,CNC Milling Spindle (High Precision),296.64,311.9,1678.1,30.18,161,L,0
M-CNC-188,CNC Milling Spindle (High Precision),302.03,311.29,2379.4,47.03,24,M,0
M-CNC-189,CNC Milling Spindle (High Precision),298.61,306.34,2502.2,44.84,23,M,0
M-CNC-190,CNC Milling Spindle (High Precision),300.78,304.69,2732.2,44.81,91,M,0
M-CNC-191,CNC Milling Spindle (High Precision),301.77,307.13,2420.4,47.63,55,L,0
M-CNC-192,CNC Milling Spindle (High Precision),301.58,309.93,2731.0,59.69,130,L,0
M-CNC-193,CNC Milling Spindle (High Precision),300.88,310.12,2313.5,55.11,36,L,0
M-CNC-194,CNC Milling Spindle (High Precision),302.1,304.26,2686.5,30.15,66,L,0
M-CNC-195,CNC Milling Spindle (High Precision),297.13,311.36,2697.8,45.3,11,M,0
M-CNC-196,CNC Milling Spindle (High Precision),300.32,312.83,2337.3,35.39,117,M,0
M-CNC-197,CNC Milling Spindle (High Precision),301.46,304.96,2569.9,46.65,173,M,0
M-CNC-198,CNC Milling Spindle (High Precision),300.43,312.39,1384.5,62.49,126,H,0
M-CNC-199,CNC Milling Spindle (High Precision),298.11,310.37,1321.2,48.29,68,M,0
M-CNC-200,CNC Milling Spindle (High Precision),296.32,311.84,2952.3,63.76,137,H,0
M-CNC-201,CNC Milling Spindle (High Precision),301.31,304.22,1239.8,37.94,93,L,0
M-CNC-202,CNC Milling Spindle (High Precision),300.78,308.01,1692.5,64.88,82,M,0
M-CNC-203,CNC Milling Spindle (High Precision),297.15,311.15,2448.6,33.83,24,M,0
M-CNC-204,CNC Milling Spindle (High Precision),300.58,306.46,2911.6,31.04,83,L,0
M-CNC-205,CNC Milling Spindle (High Precision),298.94,309.75,1915.7,35.97,177,M,0
M-CNC-206,CNC Milling Spindle (High Precision),302.26,306.07,1583.6,26.25,120,M,0
M-CNC-207,CNC Milling Spindle (High Precision),302.05,308.26,2942.7,32.42,157,L,0
M-CNC-208,CNC Milling Spindle (High Precision),301.4,311.6,2569.8,50.05,32,H,0
M-CNC-209,CNC Milling Spindle (High Precision),302.45,309.55,2633.8,44.26,29,H,0
M-CNC-210,CNC Milling Spindle (High Precision),300.8,307.87,1560.9,44.66,20,M,0
M-CNC-211,CNC Milling Spindle (High Precision),297.88,311.18,1758.7,43.21,11,H,0
M-CNC-212,CNC Milling Spindle (High Precision),298.75,308.32,2280.0,36.67,128,L,0
M-CNC-213,CNC Milling Spindle (High Precision),301.46,304.36,2064.9,29.2,51,L,0
M-CNC-214,CNC Milling Spindle (High Precision),297.0,308.49,2312.7,53.1,105,H,0
M-CNC-215,CNC Milling Spindle (High Precision),298.29,308.66,1358.2,39.03,15,H,0
M-CNC-216,CNC Milling Spindle (High Precision),298.78,305.19,2221.6,52.58,146,M,0
M-CNC-217,CNC Milling Spindle (High Precision),297.17,304.94,2345.6,53.26,15,L,0
M-CNC-218,CNC Milling Spindle (High Precision),296.36,308.87,2476.3,59.84,131,L,0
M-CNC-219,CNC Milling Spindle (High Precision),298.38,311.33,1344.2,60.79,103,L,0
M-CNC-220,CNC Milling Spindle (High Precision),299.17,309.79,2147.5,54.26,23,H,0
M-CNC-221,CNC Milling Spindle (High Precision),297.73,305.44,2769.2,33.77,175,M,0
M-CNC-222,CNC Milling Spindle (High Precision),297.27,311.11,2385.7,44.93,104,L,0
M-CNC-223,CNC Milling Spindle (High Precision),297.6,312.97,2954.6,51.01,43,M,0
M-CNC-224,CNC Milling Spindle (High Precision),296.51,304.28,1663.8,43.5,157,L,0
M-CNC-225,CNC Milling Spindle (High Precision),301.2,307.83,1822.7,39.84,177,H,0
M-CNC-226,CNC Milling Spindle (High Precision),302.07,309.21,1989.5,54.01,92,L,0
M-CNC-227,CNC Milling Spindle (High Precision),302.3,307.8,1698.3,48.69,165,M,0
M-CNC-228,CNC Milling Spindle (High Precision),300.36,309.68,2519.6,30.26,131,L,0
M-CNC-229,CNC Milling Spindle (High Precision),297.26,306.14,2948.5,32.24,155,M,0
M-CNC-230,CNC Milling Spindle (High Precision),297.73,311.84,2001.5,45.59,71,M,0
M-CNC-231,CNC Milling Spindle (High Precision),297.14,307.52,2944.9,35.33,121,M,0
M-CNC-232,CNC Milling Spindle (High Precision),301.41,305.18,2945.7,43.15,50,H,0
M-CNC-233,CNC Milling Spindle (High Precision),297.19,308.68,1806.6,58.16,83,M,0
M-CNC-234,CNC Milling Spindle (High Precision),300.32,310.36,1500.7,31.7,16,L,0
M-CNC-235,CNC Milling Spindle (High Precision),300.65,308.27,2719.5,57.23,109,L,0
M-CNC-236,CNC Milling Spindle (High Precision),297.44,305.01,1685.5,27.28,100,L,0
M-CNC-237,CNC Milling Spindle (High Precision),296.28,305.1,2014.0,62.36,63,M,0
M-CNC-238,CNC Milling Spindle (High Precision),296.29,305.34,2975.9,63.6,10,L,0
M-CNC-239,CNC Milling Spindle (High Precision),300.47,311.81,2018.5,45.62,93,M,0
M-CNC-240,CNC Milling Spindle (High Precision),296.98,304.27,1754.3,53.19,44,M,0
M-CNC-241,CNC Milling Spindle (High Precision),302.79,304.85,2410.7,42.75,157,H,0
M-CNC-242,CNC Milling Spindle (High Precision),300.85,311.54,2900.3,52.33,94,M,0
M-CNC-243,CNC Milling Spindle (High Precision),302.08,309.14,1254.7,62.24,127,M,0
M-CNC-244,CNC Milling Spindle (High Precision),297.51,309.93,1909.0,51.05,28,M,0
M-CNC-245,CNC Milling Spindle (High Precision),303.0,304.43,2958.9,41.28,158,L,0
M-CNC-246,CNC Milling Spindle (High Precision),299.97,310.65,2781.3,41.17,65,M,0
M-CNC-247,CNC Milling Spindle (High Precision),301.65,310.86,2636.1,42.42,149,H,0
M-CNC-248,CNC Milling Spindle (High Precision),299.81,304.05,1784.3,39.66,77,M,0
M-CNC-249,CNC Milling Spindle (High Precision),298.72,308.04,1627.6,39.93,48,H,0
M-CNC-250,CNC Milling Spindle (High Precision),300.22,310.01,2315.1,43.54,74,L,0
M-CNC-251,CNC Milling Spindle (High Precision),299.63,308.31,1246.2,38.65,74,M,0
M-CNC-252,CNC Milling Spindle (High Precision),300.06,308.8,2294.2,55.6,148,L,0
M-CNC-253,CNC Milling Spindle (High Precision),302.69,304.16,1552.4,25.3,120,L,0
M-CNC-254,CNC Milling Spindle (High Precision),297.7,312.34,1308.5,62.38,69,H,0
M-CNC-255,CNC Milling Spindle (High Precision),299.4,306.31,1712.8,37.29,146,M,0
M-CNC-256,CNC Milling Spindle (High Precision),298.18,309.49,2489.1,35.9,80,H,0
M-CNC-257,CNC Milling Spindle (High Precision),297.27,310.13,1526.6,46.01,130,H,0
M-CNC-258,CNC Milling Spindle (High Precision),299.97,306.31,2933.3,44.34,147,M,0
M-CNC-259,CNC Milling Spindle (High Precision),296.3,309.7,2912.5,49.06,149,L,0
M-CNC-260,CNC Milling Spindle (High Precision),297.6,305.91,2299.8,41.44,152,L,0
M-CNC-261,CNC Milling Spindle (High Precision),298.47,306.13,2604.9,35.99,149,M,0
M-CNC-262,CNC Milling Spindle (High Precision),300.67,304.86,2322.9,43.07,109,H,0
M-CNC-263,CNC Milling Spindle (High Precision),301.16,311.77,1590.1,28.83,14,M,0
M-CNC-264,CNC Milling Spindle (High Precision),300.25,308.92,1617.5,40.64,111,M,0
M-CNC-265,CNC Milling Spindle (High Precision),302.91,305.23,2451.3,41.17,82,L,0
M-CNC-266,CNC Milling Spindle (High Precision),300.85,312.92,1431.1,29.16,133,M,0
M-CNC-267,CNC Milling Spindle (High Precision),297.92,304.71,1354.2,60.77,42,M,0
M-CNC-268,CNC Milling Spindle (High Precision),297.59,307.19,1325.0,45.76,21,L,0
M-CNC-269,CNC Milling Spindle (High Precision),297.64,308.86,2784.1,51.04,100,M,0
M-CNC-270,CNC Milling Spindle (High Precision),298.33,310.03,2989.5,51.47,104,L,0
M-CNC-271,CNC Milling Spindle (High Precision),299.26,304.54,2212.1,63.31,39,M,0
M-CNC-272,CNC Milling Spindle (High Precision),297.41,308.82,1374.0,43.01,138,M,0
M-CNC-273,CNC Milling Spindle (High Precision),300.65,311.16,2868.9,34.39,77,H,0
M-CNC-274,CNC Milling Spindle (High Precision),302.95,312.34,2171.9,58.68,98,M,0
M-CNC-275,CNC Milling Spindle (High Precision),296.62,310.8,1429.9,58.04,142,L,0
M-CNC-276,CNC Milling Spindle (High Precision),296.25,306.73,1673.6,39.41,24,L,0
M-CNC-277,CNC Milling Spindle (High Precision),299.88,306.75,1914.6,42.89,112,M,0
M-CNC-278,CNC Milling Spindle (High Precision),302.44,308.47,2985.9,59.06,45,L,0
M-CNC-279,CNC Milling Spindle (High Precision),296.81,311.36,1885.1,60.12,157,L,0
M-CNC-280,CNC Milling Spindle (High Precision),301.53,306.74,1345.7,41.12,39,M,0
M-CNC-281,CNC Milling Spindle (High Precision),298.42,312.78,2353.7,57.9,32,L,0
M-CNC-282,CNC Milling Spindle (High Precision),302.46,308.38,2291.3,55.59,39,M,0
M-CNC-283,CNC Milling Spindle (High Precision),298.79,305.32,1861.6,27.73,14,H,0
M-CNC-284,CNC Milling Spindle (High Precision),302.74,308.95,2938.5,42.3,63,M,0
M-CNC-285,CNC Milling Spindle (High Precision),299.08,304.95,2353.5,33.64,115,M,0
M-CNC-286,CNC Milling Spindle (High Precision),297.06,304.55,2605.4,43.39,19,L,0
M-CNC-287,CNC Milling Spindle (High Precision),296.4,310.26,2970.6,34.57,34,H,0
M-CNC-288,CNC Milling Spindle (High Precision),298.12,304.91,2445.9,27.49,96,L,0
M-CNC-289,CNC Milling Spindle (High Precision),301.7,309.54,1751.3,49.96,99,M,0
M-CNC-290,CNC Milling Spindle (High Precision),296.91,311.98,2009.6,32.78,72,M,0
M-CNC-291,CNC Milling Spindle (High Precision),301.79,310.6,2584.7,25.44,80,M,0
M-CNC-292,CNC Milling Spindle (High Precision),296.13,306.34,2568.5,30.48,101,M,0
M-CNC-293,CNC Milling Spindle (High Precision),296.08,306.17,2956.6,57.06,173,M,0
M-CNC-294,CNC Milling Spindle (High Precision),296.77,308.93,2017.9,58.77,26,M,0
M-CNC-295,CNC Milling Spindle (High Precision),297.05,306.92,2527.2,44.04,73,M,0
M-CNC-296,CNC Milling Spindle (High Precision),299.22,311.07,2805.8,63.21,143,M,0
M-CNC-297,CNC Milling Spindle (High Precision),300.82,307.94,1658.4,58.63,16,L,0
M-CNC-298,CNC Milling Spindle (High Precision),299.23,309.73,2386.8,60.8,118,M,0
M-CNC-299,CNC Milling Spindle (High Precision),296.47,308.67,1470.3,54.5,97,M,0
M-CNC-300,CNC Milling Spindle (High Precision),296.29,304.76,2489.4,27.88,22,H,0
M-CNC-301,CNC Milling Spindle (High Precision),302.7,310.64,1835.9,36.86,69,L,0
M-CNC-302,CNC Milling Spindle (High Precision),300.63,305.67,1513.4,28.94,122,L,0
M-CNC-303,CNC Milling Spindle (High Precision),297.86,304.19,1347.9,63.71,60,L,0
M-CNC-304,CNC Milling Spindle (High Precision),300.37,307.44,1570.2,29.86,114,L,0
M-CNC-305,CNC Milling Spindle (High Precision),300.51,308.77,1275.5,63.74,145,M,0
M-CNC-306,CNC Milling Spindle (High Precision),302.86,309.42,2248.4,54.92,148,M,0
M-CNC-307,CNC Milling Spindle (High Precision),296.9,307.04,2870.6,33.98,73,M,0
M-CNC-308,CNC Milling Spindle (High Precision),299.08,309.52,2897.5,34.63,30,H,0
M-CNC-309,CNC Milling Spindle (High Precision),302.21,309.81,1714.6,57.64,156,L,0
M-CNC-310,CNC Milling Spindle (High Precision),302.43,306.27,2559.1,43.42,153,L,0
M-CNC-311,CNC Milling Spindle (High Precision),301.44,309.91,1519.4,46.8,177,L,0
M-CNC-312,CNC Milling Spindle (High Precision),296.3,305.48,1437.1,54.04,149,M,0
M-CNC-313,CNC Milling Spindle (High Precision),299.54,311.57,2519.0,46.69,110,M,0
M-CNC-314,CNC Milling Spindle (High Precision),298.08,309.09,2440.0,59.93,118,L,0
M-CNC-315,CNC Milling Spindle (High Precision),297.12,308.15,1216.8,34.87,133,L,0
M-CNC-316,CNC Milling Spindle (High Precision),296.69,307.61,2640.1,33.16,104,L,0
M-CNC-317,CNC Milling Spindle (High Precision),300.31,305.69,1839.7,56.35,104,H,0
M-CNC-318,CNC Milling Spindle (High Precision),301.33,304.32,2542.3,33.1,172,M,0
M-CNC-319,CNC Milling Spindle (High Precision),298.29,305.34,1750.1,60.07,179,M,0
M-CNC-320,CNC Milling Spindle (High Precision),299.14,310.5,2795.2,48.72,76,M,0
M-CNC-321,CNC Milling Spindle (High Precision),300.87,304.03,2315.3,39.22,145,H,0
M-CNC-322,CNC Milling Spindle (High Precision),300.12,308.33,2356.2,27.59,108,M,0
M-CNC-323,CNC Milling Spindle (High Precision),299.92,309.43,2417.6,57.2,55,L,0
M-CNC-324,CNC Milling Spindle (High Precision),299.49,304.69,1305.4,38.37,143,L,0
M-CNC-325,CNC Milling Spindle (High Precision),301.52,308.66,1992.4,30.9,65,M,0
M-CNC-326,CNC Milling Spindle (High Precision),296.62,305.99,2276.8,54.43,179,L,0
M-CNC-327,CNC Milling Spindle (High Precision),300.5,307.79,2345.1,56.43,30,M,0
M-CNC-328,CNC Milling Spindle (High Precision),301.88,307.45,2229.4,48.51,41,M,0
M-CNC-329,CNC Milling Spindle (High Precision),298.34,304.24,1243.5,58.27,56,M,0
M-CNC-330,CNC Milling Spindle (High Precision),298.09,312.47,1666.7,42.19,158,L,0
M-CNC-331,CNC Milling Spindle (High Precision),297.3,311.22,2024.7,44.32,32,H,0
M-CNC-332,CNC Milling Spindle (High Precision),301.1,308.47,1986.3,54.18,140,H,0
M-CNC-333,CNC Milling Spindle (High Precision),300.27,305.22,2552.5,51.28,172,H,0
M-CNC-334,CNC Milling Spindle (High Precision),296.4,306.54,1671.1,34.88,164,M,0
M-CNC-335,CNC Milling Spindle (High Precision),297.9,310.83,2009.5,56.07,21,M,0
M-CNC-336,CNC Milling Spindle (High Precision),296.24,304.56,2831.6,30.57,100,M,0
M-CNC-337,CNC Milling Spindle (High Precision),298.43,312.1,1239.3,51.55,173,M,0
M-CNC-338,CNC Milling Spindle (High Precision),302.56,304.47,1953.8,35.41,134,L,0
M-CNC-339,CNC Milling Spindle (High Precision),297.8,309.89,1556.6,47.61,88,L,0
M-CNC-340,CNC Milling Spindle (High Precision),300.26,307.15,1405.4,31.05,48,M,0
M-CNC-341,CNC Milling Spindle (High Precision),301.95,309.05,2142.1,29.59,156,L,0
M-CNC-342,CNC Milling Spindle (High Precision),296.47,310.37,2178.4,28.27,87,M,0
M-CNC-343,CNC Milling Spindle (High Precision),297.16,312.51,2730.0,51.76,88,M,0
M-CNC-344,CNC Milling Spindle (High Precision),300.56,308.91,1312.1,45.5,147,M,0
M-CNC-345,CNC Milling Spindle (High Precision),296.36,311.08,1562.5,35.34,38,M,0
M-CNC-346,CNC Milling Spindle (High Precision),301.3,308.67,1568.8,60.11,159,L,0
M-CNC-347,CNC Milling Spindle (High Precision),297.67,308.06,2973.0,55.88,14,H,0
M-CNC-348,CNC Milling Spindle (High Precision),299.25,312.18,2169.7,44.91,27,M,0
M-CNC-349,CNC Milling Spindle (High Precision),301.75,307.42,2596.1,63.58,44,M,0
M-CNC-350,CNC Milling Spindle (High Precision),298.01,311.14,2239.7,50.38,145,M,0
M-CNC-351,CNC Milling Spindle (High Precision),302.41,308.8,1484.3,52.84,144,M,0
M-CNC-352,CNC Milling Spindle (High Precision),302.0,312.16,1698.4,64.34,33,M,0
M-CNC-353,CNC Milling Spindle (High Precision),297.29,312.05,2377.7,31.08,84,M,0
M-CNC-354,CNC Milling Spindle (High Precision),296.58,311.94,2646.5,45.21,174,M,0
M-CNC-355,CNC Milling Spindle (High Precision),302.89,310.01,2342.4,31.64,159,M,0
M-CNC-356,CNC Milling Spindle (High Precision),297.14,304.11,2207.6,46.1,132,L,0
M-CNC-357,CNC Milling Spindle (High Precision),296.56,310.58,1537.3,59.33,149,M,0
M-CNC-358,CNC Milling Spindle (High Precision),300.97,306.83,2048.1,57.87,88,M,0
M-CNC-359,CNC Milling Spindle (High Precision),299.46,311.45,1803.4,31.95,131,L,0
M-CNC-360,CNC Milling Spindle (High Precision),296.7,306.16,1455.5,38.92,86,L,0
M-CNC-361,CNC Milling Spindle (High Precision),300.56,309.59,1834.3,58.66,90,L,0
M-CNC-362,CNC Milling Spindle (High Precision),300.44,305.14,2417.1,38.0,126,H,0
M-CNC-363,CNC Milling Spindle (High Precision),297.22,311.7,1608.9,58.48,57,M,0
M-CNC-364,CNC Milling Spindle (High Precision),300.86,308.61,1749.6,33.51,15,M,0
M-CNC-365,CNC Milling Spindle (High Precision),300.57,312.44,2768.2,55.64,144,M,0
M-CNC-366,CNC Milling Spindle (High Precision),297.82,312.16,2407.3,47.42,28,M,0
M-CNC-367,CNC Milling Spindle (High Precision),299.22,311.78,2184.0,40.22,176,H,0
M-CNC-368,CNC Milling Spindle (High Precision),298.96,304.38,2531.8,61.72,57,L,0
M-CNC-369,CNC Milling Spindle (High Precision),298.05,312.2,2557.1,57.2,13,L,0
M-CNC-370,CNC Milling Spindle (High Precision),301.09,306.74,2692.9,36.26,158,H,0
M-CNC-371,CNC Milling Spindle (High Precision),300.93,308.87,1373.8,34.68,12,M,0
M-CNC-372,CNC Milling Spindle (High Precision),298.11,309.39,1735.0,37.0,136,H,0
M-CNC-373,CNC Milling Spindle (High Precision),302.32,311.67,2402.0,48.73,161,H,0
M-CNC-374,CNC Milling Spindle (High Precision),296.55,306.16,2630.2,26.39,109,L,0
M-CNC-375,CNC Milling Spindle (High Precision),301.99,308.69,1314.6,58.25,111,H,0
M-CNC-376,CNC Milling Spindle (High Precision),296.66,312.19,2404.6,58.17,159,M,0
M-CNC-377,CNC Milling Spindle (High Precision),299.62,307.87,1770.5,42.38,141,M,0
M-CNC-378,CNC Milling Spindle (High Precision),302.25,307.99,2292.8,50.25,110,L,0
M-CNC-379,CNC Milling Spindle (High Precision),297.66,308.61,1387.6,40.38,92,M,0
M-CNC-380,CNC Milling Spindle (High Precision),302.65,309.41,2538.5,45.25,117,H,0
M-CNC-381,CNC Milling Spindle (High Precision),297.78,307.26,2050.5,26.83,33,M,0
M-CNC-382,CNC Milling Spindle (High Precision),302.8,306.98,2067.7,32.84,113,M,0
M-CNC-383,CNC Milling Spindle (High Precision),297.45,308.65,1209.9,25.31,47,H,0
M-CNC-384,CNC Milling Spindle (High Precision),296.76,307.05,2644.7,47.88,97,M,0
M-CNC-385,CNC Milling Spindle (High Precision),302.52,307.57,1356.8,49.68,29,M,0
M-CNC-386,CNC Milling Spindle (High Precision),299.55,311.87,2088.4,53.09,178,H,0
M-CNC-387,CNC Milling Spindle (High Precision),297.92,307.55,1959.3,41.44,164,L,0
M-CNC-388,CNC Milling Spindle (High Precision),300.26,306.78,2682.8,63.2,149,H,0
M-CNC-389,CNC Milling Spindle (High Precision),300.45,304.46,1663.7,27.38,112,M,0
M-CNC-390,CNC Milling Spindle (High Precision),296.8,307.45,2021.2,39.76,30,M,0
M-CNC-391,CNC Milling Spindle (High Precision),301.26,304.64,1344.3,39.19,170,M,0
M-CNC-392,CNC Milling Spindle (High Precision),300.75,307.26,2268.6,25.41,118,L,0
M-CNC-393,CNC Milling Spindle (High Precision),300.29,311.86,2503.2,29.82,163,H,0
M-CNC-394,CNC Milling Spindle (High Precision),299.74,305.28,1221.1,41.88,60,M,0
M-CNC-395,CNC Milling Spindle (High Precision),300.04,304.39,1421.4,47.35,68,L,0
M-CNC-396,CNC Milling Spindle (High Precision),300.57,311.61,2446.5,42.2,124,M,0
M-CNC-397,CNC Milling Spindle (High Precision),298.14,311.1,2003.6,56.94,149,L,0
M-CNC-398,CNC Milling Spindle (High Precision),302.42,307.88,1774.0,48.29,73,M,0
M-CNC-399,CNC Milling Spindle (High Precision),300.94,310.2,1874.2,31.67,83,H,0
M-CNC-400,CNC Milling Spindle (High Precision),302.23,307.11,1478.0,26.02,119,M,0
M-CNC-F1-001,CNC Milling Spindle (High Precision),307.72,318.93,1937.3,37.45,100,M,1
M-CNC-F1-002,CNC Milling Spindle (High Precision),307.92,320.83,2978.5,43.16,102,H,1
M-CNC-F1-003,CNC Milling Spindle (High Precision),308.88,318.36,2109.8,63.56,61,H,1
M-CNC-F1-004,CNC Milling Spindle (High Precision),305.25,323.04,1488.0,25.93,111,M,1
M-CNC-F1-005,CNC Milling Spindle (High Precision),307.31,329.7,1409.1,63.24,52,L,1
M-CNC-F1-006,CNC Milling Spindle (High Precision),309.82,328.75,2971.2,36.54,138,M,1
M-CNC-F1-007,CNC Milling Spindle (High Precision),308.08,322.43,2174.5,31.17,84,M,1
M-CNC-F1-008,CNC Milling Spindle (High Precision),311.1,328.84,1992.8,37.09,44,H,1
M-CNC-F1-009,CNC Milling Spindle (High Precision),305.46,322.45,1686.4,63.66,84,M,1
M-CNC-F1-010,CNC Milling Spindle (High Precision),309.64,319.81,1999.3,50.05,75,M,1
M-CNC-F1-011,CNC Milling Spindle (High Precision),312.95,329.44,2322.1,47.78,93,M,1
M-CNC-F1-012,CNC Milling Spindle (High Precision),308.16,318.51,2056.0,46.72,40,L,1
M-CNC-F1-013,CNC Milling Spindle (High Precision),312.28,327.39,2160.1,59.8,27,L,1
M-CNC-F1-014,CNC Milling Spindle (High Precision),306.0,328.32,1696.4,60.08,136,H,1
M-CNC-F1-015,CNC Milling Spindle (High Precision),308.7,330.75,2070.1,59.54,88,M,1
M-CNC-F1-016,CNC Milling Spindle (High Precision),307.29,320.64,2571.2,40.46,78,M,1
M-CNC-F1-017,CNC Milling Spindle (High Precision),309.62,329.25,2965.3,41.3,120,L,1
M-CNC-F1-018,CNC Milling Spindle (High Precision),309.59,330.43,1560.9,29.37,124,M,1
M-CNC-F1-019,CNC Milling Spindle (High Precision),311.78,329.61,1312.4,60.34,70,M,1
M-CNC-F1-020,CNC Milling Spindle (High Precision),310.01,330.04,1234.4,44.07,102,L,1
M-CNC-F2-001,CNC Milling Spindle (High Precision),303.93,310.02,1649.1,96.41,117,M,1
M-CNC-F2-002,CNC Milling Spindle (High Precision),299.11,322.36,1213.3,123.41,100,L,1
M-CNC-F2-003,CNC Milling Spindle (High Precision),299.95,308.21,2306.8,116.49,109,H,1
M-CNC-F2-004,CNC Milling Spindle (High Precision),304.53,319.53,2187.8,113.62,123,M,1
M-CNC-F2-005,CNC Milling Spindle (High Precision),297.89,315.31,1316.5,98.47,64,H,1
M-CNC-F2-006,CNC Milling Spindle (High Precision),300.49,309.66,2412.4,121.29,19,L,1
M-CNC-F2-007,CNC Milling Spindle (High Precision),302.23,312.49,1315.3,102.4,116,L,1
M-CNC-F2-008,CNC Milling Spindle (High Precision),297.5,309.09,1804.3,93.73,41,M,1
M-CNC-F2-009,CNC Milling Spindle (High Precision),305.03,321.94,1807.7,119.53,53,M,1
M-CNC-F2-010,CNC Milling Spindle (High Precision),299.26,317.61,2668.5,106.75,57,M,1
M-CNC-F2-011,CNC Milling Spindle (High Precision),298.23,321.33,1954.6,100.24,88,M,1
M-CNC-F2-012,CNC Milling Spindle (High Precision),297.72,318.24,1562.9,111.41,120,L,1
M-CNC-F2-013,CNC Milling Spindle (High Precision),302.53,315.8,1414.3,114.01,46,M,1
M-CNC-F2-014,CNC Milling Spindle (High Precision),299.84,310.01,2144.3,83.55,110,M,1
M-CNC-F2-015,CNC Milling Spindle (High Precision),297.0,315.67,1270.3,92.92,104,H,1
M-CNC-F2-016,CNC Milling Spindle (High Precision),305.39,308.06,1570.2,112.55,52,H,1
M-CNC-F2-017,CNC Milling Spindle (High Precision),300.6,312.06,2464.1,94.49,115,L,1
M-CNC-F2-018,CNC Milling Spindle (High Precision),301.34,321.65,1766.0,121.98,21,M,1
M-CNC-F2-019,CNC Milling Spindle (High Precision),301.94,313.81,2149.1,110.99,10,H,1
M-CNC-F2-020,CNC Milling Spindle (High Precision),304.13,318.0,2649.1,113.4,137,L,1
M-CNC-F3-001,CNC Milling Spindle (High Precision),298.09,304.95,4772.7,88.25,16,M,1
M-CNC-F3-002,CNC Milling Spindle (High Precision),302.7,308.5,4249.1,83.4,37,M,1
M-CNC-F3-003,CNC Milling Spindle (High Precision),298.59,304.47,4751.4,82.33,120,L,1
M-CNC-F3-004,CNC Milling Spindle (High Precision),297.48,309.92,4308.4,94.38,38,M,1
M-CNC-F3-005,CNC Milling Spindle (High Precision),300.25,306.66,3804.9,88.44,108,M,1
M-CNC-F3-006,CNC Milling Spindle (High Precision),300.51,307.56,4669.8,76.68,129,M,1
M-CNC-F3-007,CNC Milling Spindle (High Precision),298.57,304.52,3767.3,84.91,45,L,1
M-CNC-F3-008,CNC Milling Spindle (High Precision),296.1,307.41,4106.0,72.0,26,M,1
M-CNC-F3-009,CNC Milling Spindle (High Precision),299.45,307.64,4396.4,86.97,11,M,1
M-CNC-F3-010,CNC Milling Spindle (High Precision),302.74,308.67,4616.3,79.61,113,L,1
M-CNC-F3-011,CNC Milling Spindle (High Precision),299.65,312.78,3788.3,71.94,113,L,1
M-CNC-F3-012,CNC Milling Spindle (High Precision),296.84,306.39,3626.3,79.13,113,M,1
M-CNC-F3-013,CNC Milling Spindle (High Precision),298.44,307.35,3602.0,79.29,96,L,1
M-CNC-F3-014,CNC Milling Spindle (High Precision),301.93,304.21,4947.8,91.86,114,M,1
M-CNC-F3-015,CNC Milling Spindle (High Precision),298.79,306.73,3698.5,77.43,43,M,1
M-CNC-F3-016,CNC Milling Spindle (High Precision),301.23,308.26,3686.8,96.4,136,L,1
M-CNC-F3-017,CNC Milling Spindle (High Precision),302.94,308.9,5044.2,73.47,59,M,1
M-CNC-F3-018,CNC Milling Spindle (High Precision),297.37,305.27,4533.6,91.81,87,H,1
M-CNC-F3-019,CNC Milling Spindle (High Precision),301.68,309.72,4182.2,89.03,44,M,1
M-CNC-F3-020,CNC Milling Spindle (High Precision),302.42,306.61,4305.0,94.64,104,H,1
M-CNC-F4-001,CNC Milling Spindle (High Precision),297.03,304.07,2335.7,50.11,205,L,1
M-CNC-F4-002,CNC Milling Spindle (High Precision),299.71,306.18,2101.1,61.82,200,M,1
M-CNC-F4-003,CNC Milling Spindle (High Precision),301.65,308.14,2183.8,49.36,198,H,1
M-CNC-F4-004,CNC Milling Spindle (High Precision),299.12,305.88,1290.0,70.1,268,L,1
M-CNC-F4-005,CNC Milling Spindle (High Precision),301.98,306.18,2929.1,37.44,266,L,1
M-CNC-F4-006,CNC Milling Spindle (High Precision),300.98,312.83,2225.2,40.61,227,M,1
M-CNC-F4-007,CNC Milling Spindle (High Precision),296.51,309.6,2966.1,37.1,254,L,1
M-CNC-F4-008,CNC Milling Spindle (High Precision),302.61,312.64,2138.6,76.85,251,H,1
M-CNC-F4-009,CNC Milling Spindle (High Precision),299.34,310.46,1645.2,59.85,244,H,1
M-CNC-F4-010,CNC Milling Spindle (High Precision),299.96,310.94,2098.0,28.11,195,M,1
M-CNC-F4-011,CNC Milling Spindle (High Precision),302.48,306.06,2341.9,38.71,219,L,1
M-CNC-F4-012,CNC Milling Spindle (High Precision),301.1,304.86,1971.7,28.97,231,M,1
M-CNC-F4-013,CNC Milling Spindle (High Precision),296.83,306.6,1916.1,73.94,269,H,1
M-CNC-F4-014,CNC Milling Spindle (High Precision),301.33,307.35,1906.4,65.59,263,L,1
M-CNC-F4-015,CNC Milling Spindle (High Precision),300.04,307.21,2617.6,40.18,237,M,1
M-CNC-F4-016,CNC Milling Spindle (High Precision),300.6,306.16,1544.9,73.87,202,M,1
M-CNC-F4-017,CNC Milling Spindle (High Precision),297.55,304.35,1264.8,36.35,260,M,1
M-CNC-F4-018,CNC Milling Spindle (High Precision),302.65,309.23,1985.9,56.79,233,L,1
M-CNC-F4-019,CNC Milling Spindle (High Precision),297.98,307.18,2809.4,75.3,261,M,1
M-CNC-F4-020,CNC Milling Spindle (High Precision),301.46,308.29,2095.6,37.84,239,H,1
M-CNC-F5-001,CNC Milling Spindle (High Precision),305.66,323.84,3486.4,76.83,193,L,1
M-CNC-F5-002,CNC Milling Spindle (High Precision),306.53,320.28,4029.8,99.2,206,M,1
M-CNC-F5-003,CNC Milling Spindle (High Precision),307.86,322.24,3436.4,100.37,216,M,1
M-CNC-F5-004,CNC Milling Spindle (High Precision),306.13,317.3,3415.1,97.14,190,M,1
M-CNC-F5-005,CNC Milling Spindle (High Precision),306.61,317.44,4175.8,81.36,205,M,1
M-CNC-F5-006,CNC Milling Spindle (High Precision),305.15,317.01,3956.4,103.03,201,M,1
M-CNC-F5-007,CNC Milling Spindle (High Precision),307.71,323.79,3680.4,83.61,206,L,1
M-CNC-F5-008,CNC Milling Spindle (High Precision),308.08,318.45,3633.8,101.13,230,L,1
M-CNC-F5-009,CNC Milling Spindle (High Precision),307.77,320.15,3831.6,94.08,193,M,1
M-CNC-F5-010,CNC Milling Spindle (High Precision),307.55,318.34,4002.6,91.83,237,H,1
M-CNC-F5-011,CNC Milling Spindle (High Precision),305.33,321.81,3566.9,95.65,227,H,1
M-CNC-F5-012,CNC Milling Spindle (High Precision),306.57,321.07,3632.4,102.04,231,M,1
M-CNC-F5-013,CNC Milling Spindle (High Precision),307.57,320.69,4128.9,95.07,226,L,1
M-CNC-F5-014,CNC Milling Spindle (High Precision),305.37,323.46,3475.7,84.85,206,L,1
M-CNC-F5-015,CNC Milling Spindle (High Precision),308.28,322.61,3954.4,91.19,237,M,1
M-CNC-F5-016,CNC Milling Spindle (High Precision),305.9,318.3,4007.6,96.23,209,H,1
M-CNC-F5-017,CNC Milling Spindle (High Precision),308.19,317.09,3933.3,103.13,211,M,1
M-CNC-F5-018,CNC Milling Spindle (High Precision),307.52,323.54,3791.8,103.04,192,M,1
M-CNC-F5-019,CNC Milling Spindle (High Precision),307.59,323.9,3461.3,98.15,217,M,1
M-CNC-F5-020,CNC Milling Spindle (High Precision),304.66,323.92,3441.5,83.81,204,L,1
M-HYD-001,Hydraulic Drive Pump (High Torque),303.38,315.97,1125.4,79.37,134,L,0
M-HYD-002,Hydraulic Drive Pump (High Torque),305.25,308.12,1506.6,47.85,129,M,0
M-HYD-003,Hydraulic Drive Pump (High Torque),300.45,311.53,1459.2,63.37,166,M,0
M-HYD-004,Hydraulic Drive Pump (High Torque),298.55,315.84,1157.2,68.8,157,M,0
M-HYD-005,Hydraulic Drive Pump (High Torque),298.45,311.74,1750.0,80.3,154,M,0
M-HYD-006,Hydraulic Drive Pump (High Torque),299.59,312.18,1575.8,50.58,75,M,0
M-HYD-007,Hydraulic Drive Pump (High Torque),301.46,317.8,960.8,73.53,55,L,0
M-HYD-008,Hydraulic Drive Pump (High Torque),298.91,312.04,1564.1,83.75,104,M,0
M-HYD-009,Hydraulic Drive Pump (High Torque),301.18,310.64,1084.8,71.57,73,M,0
M-HYD-010,Hydraulic Drive Pump (High Torque),303.25,317.69,1443.3,49.23,35,L,0
M-HYD-011,Hydraulic Drive Pump (High Torque),300.38,308.92,1439.1,79.3,149,M,0
M-HYD-012,Hydraulic Drive Pump (High Torque),298.12,317.65,1125.8,82.18,161,M,0
M-HYD-013,Hydraulic Drive Pump (High Torque),300.5,310.71,1437.9,92.64,209,H,0
M-HYD-014,Hydraulic Drive Pump (High Torque),299.24,317.45,1562.9,93.56,60,M,0
M-HYD-015,Hydraulic Drive Pump (High Torque),303.61,314.8,1267.3,45.85,136,M,0
M-HYD-016,Hydraulic Drive Pump (High Torque),301.6,317.58,1259.1,91.19,57,M,0
M-HYD-017,Hydraulic Drive Pump (High Torque),305.82,309.02,907.5,68.85,38,L,0
M-HYD-018,Hydraulic Drive Pump (High Torque),305.32,312.34,1132.8,68.89,164,H,0
M-HYD-019,Hydraulic Drive Pump (High Torque),302.72,314.13,1473.9,58.31,162,H,0
M-HYD-020,Hydraulic Drive Pump (High Torque),299.59,316.77,1564.9,45.76,69,M,0
M-HYD-021,Hydraulic Drive Pump (High Torque),300.17,310.48,956.3,70.24,166,M,0
M-HYD-022,Hydraulic Drive Pump (High Torque),303.38,308.81,1756.3,91.12,181,L,0
M-HYD-023,Hydraulic Drive Pump (High Torque),305.46,313.44,1080.3,78.92,168,L,0
M-HYD-024,Hydraulic Drive Pump (High Torque),302.17,308.68,1234.0,95.64,136,M,0
M-HYD-025,Hydraulic Drive Pump (High Torque),300.15,311.68,1705.8,81.66,177,M,0
M-HYD-026,Hydraulic Drive Pump (High Torque),303.04,310.48,1534.9,68.52,108,M,0
M-HYD-027,Hydraulic Drive Pump (High Torque),305.49,308.64,1642.3,61.08,108,H,0
M-HYD-028,Hydraulic Drive Pump (High Torque),300.41,313.03,950.6,72.01,205,H,0
M-HYD-029,Hydraulic Drive Pump (High Torque),304.12,312.1,1489.7,59.31,51,H,0
M-HYD-030,Hydraulic Drive Pump (High Torque),298.56,309.86,1497.8,93.49,182,M,0
M-HYD-031,Hydraulic Drive Pump (High Torque),298.88,310.89,1178.8,58.75,123,M,0
M-HYD-032,Hydraulic Drive Pump (High Torque),300.86,311.54,1645.7,88.41,81,L,0
M-HYD-033,Hydraulic Drive Pump (High Torque),305.62,311.27,1219.0,72.81,208,L,0
M-HYD-034,Hydraulic Drive Pump (High Torque),298.82,311.93,1398.0,72.67,58,L,0
M-HYD-035,Hydraulic Drive Pump (High Torque),303.42,316.38,1672.9,86.16,107,M,0
M-HYD-036,Hydraulic Drive Pump (High Torque),299.28,314.74,1061.3,83.17,65,H,0
M-HYD-037,Hydraulic Drive Pump (High Torque),299.32,308.02,1546.9,85.28,122,H,0
M-HYD-038,Hydraulic Drive Pump (High Torque),298.67,308.19,1049.2,94.0,68,M,0
M-HYD-039,Hydraulic Drive Pump (High Torque),298.84,310.22,1367.3,78.43,69,H,0
M-HYD-040,Hydraulic Drive Pump (High Torque),301.13,310.34,1097.6,97.79,143,M,0
M-HYD-041,Hydraulic Drive Pump (High Torque),301.33,312.29,1386.8,83.3,160,H,0
M-HYD-042,Hydraulic Drive Pump (High Torque),302.0,312.12,1683.5,79.73,126,H,0
M-HYD-043,Hydraulic Drive Pump (High Torque),302.85,309.17,1203.5,52.86,158,M,0
M-HYD-044,Hydraulic Drive Pump (High Torque),301.13,316.96,1083.9,72.93,103,H,0
M-HYD-045,Hydraulic Drive Pump (High Torque),304.34,308.69,1326.8,75.84,145,M,0
M-HYD-046,Hydraulic Drive Pump (High Torque),300.03,308.1,1551.1,74.46,187,L,0
M-HYD-047,Hydraulic Drive Pump (High Torque),304.75,312.85,1200.3,88.54,110,H,0
M-HYD-048,Hydraulic Drive Pump (High Torque),304.84,316.83,1319.7,49.16,97,L,0
M-HYD-049,Hydraulic Drive Pump (High Torque),305.21,310.03,960.3,93.25,97,M,0
M-HYD-050,Hydraulic Drive Pump (High Torque),305.74,308.67,1483.5,49.08,95,L,0
M-HYD-051,Hydraulic Drive Pump (High Torque),301.47,317.97,1403.2,62.66,64,M,0
M-HYD-052,Hydraulic Drive Pump (High Torque),300.98,308.69,1232.6,70.53,164,M,0
M-HYD-053,Hydraulic Drive Pump (High Torque),303.67,308.08,1095.9,81.39,116,H,0
M-HYD-054,Hydraulic Drive Pump (High Torque),304.44,315.73,1393.6,48.66,173,M,0
M-HYD-055,Hydraulic Drive Pump (High Torque),304.26,315.52,1622.7,73.49,48,M,0
M-HYD-056,Hydraulic Drive Pump (High Torque),302.96,315.42,1052.9,55.72,198,L,0
M-HYD-057,Hydraulic Drive Pump (High Torque),305.27,315.59,1437.4,80.98,197,M,0
M-HYD-058,Hydraulic Drive Pump (High Torque),303.06,309.56,1326.5,84.4,74,M,0
M-HYD-059,Hydraulic Drive Pump (High Torque),300.51,310.42,1093.4,68.37,201,M,0
M-HYD-060,Hydraulic Drive Pump (High Torque),299.5,308.77,1526.5,66.05,184,M,0
M-HYD-061,Hydraulic Drive Pump (High Torque),304.37,310.72,1523.1,59.52,207,M,0
M-HYD-062,Hydraulic Drive Pump (High Torque),300.6,310.7,1071.8,83.21,63,M,0
M-HYD-063,Hydraulic Drive Pump (High Torque),300.12,314.62,1633.4,87.79,172,H,0
M-HYD-064,Hydraulic Drive Pump (High Torque),298.71,314.99,1231.5,68.78,26,M,0
M-HYD-065,Hydraulic Drive Pump (High Torque),298.27,316.79,1119.1,75.65,27,M,0
M-HYD-066,Hydraulic Drive Pump (High Torque),300.58,316.98,1699.3,62.89,200,L,0
M-HYD-067,Hydraulic Drive Pump (High Torque),304.6,316.45,1124.1,76.72,33,H,0
M-HYD-068,Hydraulic Drive Pump (High Torque),305.99,311.27,1573.4,89.37,191,L,0
M-HYD-069,Hydraulic Drive Pump (High Torque),299.93,308.4,1270.1,52.15,24,M,0
M-HYD-070,Hydraulic Drive Pump (High Torque),304.27,313.66,1181.5,80.99,66,H,0
M-HYD-071,Hydraulic Drive Pump (High Torque),304.11,314.24,1586.1,47.14,187,M,0
M-HYD-072,Hydraulic Drive Pump (High Torque),302.51,314.25,1678.0,77.28,136,L,0
M-HYD-073,Hydraulic Drive Pump (High Torque),304.05,312.42,1536.7,66.41,65,M,0
M-HYD-074,Hydraulic Drive Pump (High Torque),305.43,317.29,1207.7,74.02,62,L,0
M-HYD-075,Hydraulic Drive Pump (High Torque),305.85,314.5,1624.0,84.33,138,H,0
M-HYD-076,Hydraulic Drive Pump (High Torque),301.64,314.75,1509.8,65.52,208,H,0
M-HYD-077,Hydraulic Drive Pump (High Torque),302.0,314.91,1527.4,80.68,75,H,0
M-HYD-078,Hydraulic Drive Pump (High Torque),303.09,313.99,1061.4,83.78,111,M,0
M-HYD-079,Hydraulic Drive Pump (High Torque),304.7,309.7,917.2,87.85,141,M,0
M-HYD-080,Hydraulic Drive Pump (High Torque),304.71,316.03,1764.8,74.48,117,M,0
M-HYD-081,Hydraulic Drive Pump (High Torque),299.23,313.73,1149.3,95.67,136,M,0
M-HYD-082,Hydraulic Drive Pump (High Torque),300.84,308.52,928.6,68.28,36,M,0
M-HYD-083,Hydraulic Drive Pump (High Torque),305.05,316.83,1493.1,56.62,192,L,0
M-HYD-084,Hydraulic Drive Pump (High Torque),299.57,315.37,1157.9,89.15,219,H,0
M-HYD-085,Hydraulic Drive Pump (High Torque),305.18,314.23,1776.0,70.58,189,H,0
M-HYD-086,Hydraulic Drive Pump (High Torque),300.68,308.67,1777.8,89.93,190,L,0
M-HYD-087,Hydraulic Drive Pump (High Torque),298.68,311.86,963.9,56.59,65,M,0
M-HYD-088,Hydraulic Drive Pump (High Torque),300.15,309.01,1050.7,53.1,214,L,0
M-HYD-089,Hydraulic Drive Pump (High Torque),305.74,312.4,1150.5,88.91,85,M,0
M-HYD-090,Hydraulic Drive Pump (High Torque),299.86,309.3,1130.8,64.54,154,H,0
M-HYD-091,Hydraulic Drive Pump (High Torque),299.68,316.09,1032.2,63.85,192,H,0
M-HYD-092,Hydraulic Drive Pump (High Torque),298.66,312.85,1172.2,75.99,180,H,0
M-HYD-093,Hydraulic Drive Pump (High Torque),302.65,313.06,1029.7,79.32,74,M,0
M-HYD-094,Hydraulic Drive Pump (High Torque),298.66,312.6,1175.8,90.23,31,M,0
M-HYD-095,Hydraulic Drive Pump (High Torque),301.67,315.25,1416.9,81.7,175,L,0
M-HYD-096,Hydraulic Drive Pump (High Torque),300.51,313.38,1656.1,99.42,197,M,0
M-HYD-097,Hydraulic Drive Pump (High Torque),299.56,312.89,1567.5,72.09,116,L,0
M-HYD-098,Hydraulic Drive Pump (High Torque),300.89,316.6,1266.1,63.05,110,L,0
M-HYD-099,Hydraulic Drive Pump (High Torque),299.01,309.96,1756.3,54.65,133,M,0
M-HYD-100,Hydraulic Drive Pump (High Torque),301.92,314.45,1106.8,75.4,94,M,0
M-HYD-101,Hydraulic Drive Pump (High Torque),299.13,313.71,1066.7,60.33,63,H,0
M-HYD-102,Hydraulic Drive Pump (High Torque),304.61,310.86,1734.4,98.35,134,H,0
M-HYD-103,Hydraulic Drive Pump (High Torque),301.0,315.98,1230.7,49.79,131,L,0
M-HYD-104,Hydraulic Drive Pump (High Torque),304.37,309.75,1505.5,57.13,63,L,0
M-HYD-105,Hydraulic Drive Pump (High Torque),300.0,310.63,900.6,92.89,178,M,0
M-HYD-106,Hydraulic Drive Pump (High Torque),304.0,309.52,1312.5,64.32,38,M,0
M-HYD-107,Hydraulic Drive Pump (High Torque),305.37,308.4,1162.3,56.41,67,L,0
M-HYD-108,Hydraulic Drive Pump (High Torque),301.74,312.66,1584.5,53.5,117,M,0
M-HYD-109,Hydraulic Drive Pump (High Torque),302.78,318.0,1592.5,66.88,185,H,0
M-HYD-110,Hydraulic Drive Pump (High Torque),298.24,310.04,1206.4,73.08,143,L,0
M-HYD-111,Hydraulic Drive Pump (High Torque),302.08,313.01,945.2,46.92,130,M,0
M-HYD-112,Hydraulic Drive Pump (High Torque),304.71,309.61,922.5,69.7,67,H,0
M-HYD-113,Hydraulic Drive Pump (High Torque),303.8,309.12,1447.5,60.46,54,M,0
M-HYD-114,Hydraulic Drive Pump (High Torque),304.41,311.92,1575.7,51.9,174,M,0
M-HYD-115,Hydraulic Drive Pump (High Torque),303.42,313.66,1736.2,66.3,33,H,0
M-HYD-116,Hydraulic Drive Pump (High Torque),304.61,313.25,1597.7,57.89,89,H,0
M-HYD-117,Hydraulic Drive Pump (High Torque),305.69,314.68,1739.9,59.6,142,M,0
M-HYD-118,Hydraulic Drive Pump (High Torque),300.54,316.48,1752.4,93.67,167,M,0
M-HYD-119,Hydraulic Drive Pump (High Torque),300.25,317.63,909.3,84.38,161,M,0
M-HYD-120,Hydraulic Drive Pump (High Torque),305.92,311.12,1206.0,49.34,108,M,0
M-HYD-121,Hydraulic Drive Pump (High Torque),300.75,316.35,1741.9,55.22,94,L,0
M-HYD-122,Hydraulic Drive Pump (High Torque),298.49,308.92,1046.5,77.74,50,L,0
M-HYD-123,Hydraulic Drive Pump (High Torque),301.57,313.02,1122.0,70.9,152,L,0
M-HYD-124,Hydraulic Drive Pump (High Torque),304.03,313.78,1713.9,89.96,171,H,0
M-HYD-125,Hydraulic Drive Pump (High Torque),298.06,310.12,1497.2,67.62,100,L,0
M-HYD-126,Hydraulic Drive Pump (High Torque),305.16,317.09,1182.5,83.01,74,H,0
M-HYD-127,Hydraulic Drive Pump (High Torque),299.48,311.42,1287.0,90.7,43,L,0
M-HYD-128,Hydraulic Drive Pump (High Torque),302.25,310.88,1343.5,61.5,139,M,0
M-HYD-129,Hydraulic Drive Pump (High Torque),299.32,309.17,1392.0,94.63,88,L,0
M-HYD-130,Hydraulic Drive Pump (High Torque),303.27,317.32,1638.9,76.16,151,L,0
M-HYD-131,Hydraulic Drive Pump (High Torque),301.2,311.27,909.7,90.46,180,H,0
M-HYD-132,Hydraulic Drive Pump (High Torque),302.61,312.64,1006.8,98.93,62,H,0
M-HYD-133,Hydraulic Drive Pump (High Torque),302.76,315.39,929.2,81.23,126,H,0
M-HYD-134,Hydraulic Drive Pump (High Torque),299.38,313.68,1166.7,96.61,183,L,0
M-HYD-135,Hydraulic Drive Pump (High Torque),300.08,317.7,1288.1,64.11,30,H,0
M-HYD-136,Hydraulic Drive Pump (High Torque),303.54,312.58,1103.9,78.77,70,M,0
M-HYD-137,Hydraulic Drive Pump (High Torque),300.87,316.24,1638.6,71.25,90,M,0
M-HYD-138,Hydraulic Drive Pump (High Torque),304.45,311.28,1088.2,49.66,113,M,0
M-HYD-139,Hydraulic Drive Pump (High Torque),304.73,310.21,1242.9,89.46,184,M,0
M-HYD-140,Hydraulic Drive Pump (High Torque),301.67,311.03,1739.3,51.53,206,M,0
M-HYD-141,Hydraulic Drive Pump (High Torque),302.25,308.33,1328.0,67.43,52,M,0
M-HYD-142,Hydraulic Drive Pump (High Torque),305.77,313.62,1543.3,48.76,103,H,0
M-HYD-143,Hydraulic Drive Pump (High Torque),302.9,317.38,1495.6,49.22,90,M,0
M-HYD-144,Hydraulic Drive Pump (High Torque),301.23,316.34,1633.2,78.65,94,M,0
M-HYD-145,Hydraulic Drive Pump (High Torque),298.85,311.55,1271.9,82.17,151,H,0
M-HYD-146,Hydraulic Drive Pump (High Torque),301.16,309.82,1041.1,90.5,28,M,0
M-HYD-147,Hydraulic Drive Pump (High Torque),299.35,316.79,1401.3,57.73,120,L,0
M-HYD-148,Hydraulic Drive Pump (High Torque),305.66,310.2,1697.6,96.39,203,M,0
M-HYD-149,Hydraulic Drive Pump (High Torque),303.04,312.03,1577.2,74.22,155,M,0
M-HYD-150,Hydraulic Drive Pump (High Torque),303.85,316.24,1031.8,90.81,128,L,0
M-HYD-151,Hydraulic Drive Pump (High Torque),301.45,311.79,1723.6,58.81,188,M,0
M-HYD-152,Hydraulic Drive Pump (High Torque),302.11,311.08,1415.7,62.89,27,M,0
M-HYD-153,Hydraulic Drive Pump (High Torque),298.05,317.78,1769.2,66.73,165,M,0
M-HYD-154,Hydraulic Drive Pump (High Torque),303.37,316.05,1752.1,67.01,176,M,0
M-HYD-155,Hydraulic Drive Pump (High Torque),305.92,308.26,1443.2,81.27,157,H,0
M-HYD-156,Hydraulic Drive Pump (High Torque),305.51,309.81,1460.5,57.25,81,M,0
M-HYD-157,Hydraulic Drive Pump (High Torque),301.34,309.6,1053.8,68.0,171,L,0
M-HYD-158,Hydraulic Drive Pump (High Torque),298.67,311.93,990.2,45.91,152,M,0
M-HYD-159,Hydraulic Drive Pump (High Torque),299.3,310.34,921.3,90.92,214,H,0
M-HYD-160,Hydraulic Drive Pump (High Torque),299.85,316.68,1733.8,68.08,30,H,0
M-HYD-161,Hydraulic Drive Pump (High Torque),302.59,311.93,925.8,77.08,22,L,0
M-HYD-162,Hydraulic Drive Pump (High Torque),300.45,308.4,1429.5,66.87,214,M,0
M-HYD-163,Hydraulic Drive Pump (High Torque),300.2,315.09,1144.3,94.73,94,M,0
M-HYD-164,Hydraulic Drive Pump (High Torque),298.4,312.26,1649.1,89.31,64,M,0
M-HYD-165,Hydraulic Drive Pump (High Torque),304.54,317.3,985.8,69.75,87,L,0
M-HYD-166,Hydraulic Drive Pump (High Torque),298.67,310.11,1577.2,47.82,118,M,0
M-HYD-167,Hydraulic Drive Pump (High Torque),300.68,311.95,1376.9,53.88,134,L,0
M-HYD-168,Hydraulic Drive Pump (High Torque),304.08,309.54,1034.3,59.75,92,M,0
M-HYD-169,Hydraulic Drive Pump (High Torque),303.44,308.57,931.2,66.56,159,H,0
M-HYD-170,Hydraulic Drive Pump (High Torque),303.13,310.6,1697.5,94.26,79,M,0
M-HYD-171,Hydraulic Drive Pump (High Torque),301.29,310.41,1505.1,90.43,154,L,0
M-HYD-172,Hydraulic Drive Pump (High Torque),301.18,309.56,1564.2,64.83,154,M,0
M-HYD-173,Hydraulic Drive Pump (High Torque),298.65,317.93,1040.6,99.36,215,L,0
M-HYD-174,Hydraulic Drive Pump (High Torque),303.28,313.78,1679.5,60.92,113,M,0
M-HYD-175,Hydraulic Drive Pump (High Torque),301.29,312.27,1197.3,76.03,190,M,0
M-HYD-176,Hydraulic Drive Pump (High Torque),305.48,314.89,1640.9,75.59,175,H,0
M-HYD-177,Hydraulic Drive Pump (High Torque),304.55,308.4,1700.9,99.56,78,M,0
M-HYD-178,Hydraulic Drive Pump (High Torque),304.12,310.53,1679.0,50.66,45,L,0
M-HYD-179,Hydraulic Drive Pump (High Torque),303.39,316.47,1191.9,82.21,138,M,0
M-HYD-180,Hydraulic Drive Pump (High Torque),303.46,313.75,1286.2,60.18,173,M,0
M-HYD-181,Hydraulic Drive Pump (High Torque),303.54,310.33,1462.8,86.09,63,H,0
M-HYD-182,Hydraulic Drive Pump (High Torque),299.05,314.06,1664.5,47.47,166,M,0
M-HYD-183,Hydraulic Drive Pump (High Torque),301.83,317.29,1198.8,70.59,22,H,0
M-HYD-184,Hydraulic Drive Pump (High Torque),300.07,308.28,1468.2,68.45,129,H,0
M-HYD-185,Hydraulic Drive Pump (High Torque),300.37,314.64,1768.8,47.77,198,M,0
M-HYD-186,Hydraulic Drive Pump (High Torque),302.51,313.0,962.5,49.94,140,M,0
M-HYD-187,Hydraulic Drive Pump (High Torque),305.34,312.07,1029.0,84.31,78,M,0
M-HYD-188,Hydraulic Drive Pump (High Torque),303.58,317.0,1613.0,82.2,155,L,0
M-HYD-189,Hydraulic Drive Pump (High Torque),300.37,308.01,1144.8,56.98,152,M,0
M-HYD-190,Hydraulic Drive Pump (High Torque),302.75,308.16,1555.9,62.79,153,M,0
M-HYD-191,Hydraulic Drive Pump (High Torque),300.74,309.35,985.0,90.73,203,M,0
M-HYD-192,Hydraulic Drive Pump (High Torque),298.83,312.02,1556.0,87.89,43,H,0
M-HYD-193,Hydraulic Drive Pump (High Torque),303.7,311.57,1129.0,45.71,128,L,0
M-HYD-194,Hydraulic Drive Pump (High Torque),305.66,313.66,1363.0,49.68,129,M,0
M-HYD-195,Hydraulic Drive Pump (High Torque),302.86,311.89,1116.3,50.22,82,H,0
M-HYD-196,Hydraulic Drive Pump (High Torque),299.42,317.87,1299.7,74.25,194,L,0
M-HYD-197,Hydraulic Drive Pump (High Torque),302.66,316.12,1194.2,61.82,100,M,0
M-HYD-198,Hydraulic Drive Pump (High Torque),303.46,311.15,1019.9,79.78,45,M,0
M-HYD-199,Hydraulic Drive Pump (High Torque),303.55,315.01,1578.1,93.01,119,L,0
M-HYD-200,Hydraulic Drive Pump (High Torque),302.95,309.87,923.1,60.65,108,M,0
M-HYD-201,Hydraulic Drive Pump (High Torque),304.8,309.96,1013.0,97.99,41,M,0
M-HYD-202,Hydraulic Drive Pump (High Torque),302.68,313.41,977.4,48.14,41,M,0
M-HYD-203,Hydraulic Drive Pump (High Torque),302.35,310.34,1474.0,90.1,28,M,0
M-HYD-204,Hydraulic Drive Pump (High Torque),303.51,310.52,1177.0,78.75,199,L,0
M-HYD-205,Hydraulic Drive Pump (High Torque),302.67,315.3,1228.3,80.25,113,H,0
M-HYD-206,Hydraulic Drive Pump (High Torque),303.61,313.56,1222.8,95.12,24,M,0
M-HYD-207,Hydraulic Drive Pump (High Torque),298.46,315.67,1531.9,63.22,155,M,0
M-HYD-208,Hydraulic Drive Pump (High Torque),304.05,312.54,1271.1,96.41,70,H,0
M-HYD-209,Hydraulic Drive Pump (High Torque),302.68,317.69,1240.1,48.41,87,M,0
M-HYD-210,Hydraulic Drive Pump (High Torque),299.3,314.58,1798.0,69.85,90,M,0
M-HYD-211,Hydraulic Drive Pump (High Torque),298.92,316.83,1273.3,66.3,151,M,0
M-HYD-212,Hydraulic Drive Pump (High Torque),303.19,308.61,1632.4,96.73,149,L,0
M-HYD-213,Hydraulic Drive Pump (High Torque),299.21,312.77,1441.6,77.0,100,M,0
M-HYD-214,Hydraulic Drive Pump (High Torque),299.01,311.92,1046.4,85.39,61,H,0
M-HYD-215,Hydraulic Drive Pump (High Torque),302.42,313.95,1684.7,76.73,89,L,0
M-HYD-216,Hydraulic Drive Pump (High Torque),302.32,308.79,1409.3,94.94,99,M,0
M-HYD-217,Hydraulic Drive Pump (High Torque),299.15,309.51,1289.5,77.76,36,L,0
M-HYD-218,Hydraulic Drive Pump (High Torque),304.04,313.87,1645.6,49.41,115,M,0
M-HYD-219,Hydraulic Drive Pump (High Torque),304.63,315.83,1149.4,96.75,44,L,0
M-HYD-220,Hydraulic Drive Pump (High Torque),305.77,309.77,1549.9,47.22,101,M,0
M-HYD-221,Hydraulic Drive Pump (High Torque),302.65,317.36,1505.0,71.47,181,L,0
M-HYD-222,Hydraulic Drive Pump (High Torque),298.18,317.83,977.5,89.79,76,H,0
M-HYD-223,Hydraulic Drive Pump (High Torque),301.52,314.44,1242.9,48.0,139,L,0
M-HYD-224,Hydraulic Drive Pump (High Torque),301.07,310.16,1298.3,47.66,184,L,0
M-HYD-225,Hydraulic Drive Pump (High Torque),302.7,311.53,1619.8,75.51,185,M,0
M-HYD-226,Hydraulic Drive Pump (High Torque),304.28,313.99,1272.7,97.69,128,M,0
M-HYD-227,Hydraulic Drive Pump (High Torque),299.76,314.26,1414.4,55.17,31,M,0
M-HYD-228,Hydraulic Drive Pump (High Torque),304.11,313.23,1104.1,81.66,36,M,0
M-HYD-229,Hydraulic Drive Pump (High Torque),299.31,309.84,1082.1,66.27,30,M,0
M-HYD-230,Hydraulic Drive Pump (High Torque),302.09,312.83,1244.5,91.15,49,M,0
M-HYD-231,Hydraulic Drive Pump (High Torque),298.5,308.71,1416.5,76.13,195,M,0
M-HYD-232,Hydraulic Drive Pump (High Torque),305.68,308.49,988.2,47.42,57,M,0
M-HYD-233,Hydraulic Drive Pump (High Torque),303.16,308.46,1751.4,91.32,79,H,0
M-HYD-234,Hydraulic Drive Pump (High Torque),299.36,309.27,1011.0,73.52,69,M,0
M-HYD-235,Hydraulic Drive Pump (High Torque),305.92,314.84,1754.1,52.84,96,M,0
M-HYD-236,Hydraulic Drive Pump (High Torque),298.61,308.04,1503.4,80.3,102,M,0
M-HYD-237,Hydraulic Drive Pump (High Torque),301.32,308.24,1201.8,54.74,39,L,0
M-HYD-238,Hydraulic Drive Pump (High Torque),302.79,315.29,1183.8,66.62,67,H,0
M-HYD-239,Hydraulic Drive Pump (High Torque),299.43,315.98,1509.8,75.08,115,L,0
M-HYD-240,Hydraulic Drive Pump (High Torque),298.58,310.81,1214.9,88.03,218,M,0
M-HYD-241,Hydraulic Drive Pump (High Torque),304.99,316.31,1102.2,66.96,101,L,0
M-HYD-242,Hydraulic Drive Pump (High Torque),299.45,315.99,1200.8,85.2,104,M,0
M-HYD-243,Hydraulic Drive Pump (High Torque),304.66,316.04,1679.8,48.28,158,H,0
M-HYD-244,Hydraulic Drive Pump (High Torque),301.33,313.49,1262.5,73.58,219,H,0
M-HYD-245,Hydraulic Drive Pump (High Torque),303.4,311.96,1019.7,53.73,209,L,0
M-HYD-246,Hydraulic Drive Pump (High Torque),305.26,317.92,1087.5,64.55,153,M,0
M-HYD-247,Hydraulic Drive Pump (High Torque),301.35,311.58,1434.4,76.66,52,M,0
M-HYD-248,Hydraulic Drive Pump (High Torque),302.43,313.7,1089.1,85.82,25,M,0
M-HYD-249,Hydraulic Drive Pump (High Torque),304.24,313.64,1135.0,83.22,133,L,0
M-HYD-250,Hydraulic Drive Pump (High Torque),303.88,314.1,1339.4,52.33,72,M,0
M-HYD-251,Hydraulic Drive Pump (High Torque),302.79,313.14,1159.4,45.36,119,M,0
M-HYD-252,Hydraulic Drive Pump (High Torque),303.88,308.24,1426.3,96.78,54,M,0
M-HYD-253,Hydraulic Drive Pump (High Torque),298.73,314.26,1395.5,67.41,124,L,0
M-HYD-254,Hydraulic Drive Pump (High Torque),299.57,308.23,1675.5,76.74,198,M,0
M-HYD-255,Hydraulic Drive Pump (High Torque),304.48,312.3,1574.9,95.22,134,H,0
M-HYD-256,Hydraulic Drive Pump (High Torque),300.15,309.99,1122.2,61.85,131,M,0
M-HYD-257,Hydraulic Drive Pump (High Torque),301.41,314.15,973.4,49.83,54,M,0
M-HYD-258,Hydraulic Drive Pump (High Torque),299.71,310.83,1260.3,89.65,22,M,0
M-HYD-259,Hydraulic Drive Pump (High Torque),303.35,315.99,1739.5,46.11,50,L,0
M-HYD-260,Hydraulic Drive Pump (High Torque),301.67,313.65,1496.7,82.35,206,L,0
M-HYD-261,Hydraulic Drive Pump (High Torque),303.76,310.87,1691.8,47.71,66,L,0
M-HYD-262,Hydraulic Drive Pump (High Torque),300.05,310.21,1024.3,92.25,120,M,0
M-HYD-263,Hydraulic Drive Pump (High Torque),299.91,315.58,1584.0,62.19,102,M,0
M-HYD-264,Hydraulic Drive Pump (High Torque),305.81,314.46,1741.1,61.69,176,L,0
M-HYD-265,Hydraulic Drive Pump (High Torque),303.53,317.66,1254.2,52.19,154,L,0
M-HYD-266,Hydraulic Drive Pump (High Torque),302.6,310.07,1354.0,62.17,105,M,0
M-HYD-267,Hydraulic Drive Pump (High Torque),303.96,310.32,1264.8,59.8,59,L,0
M-HYD-268,Hydraulic Drive Pump (High Torque),305.27,311.7,1576.2,94.33,189,H,0
M-HYD-269,Hydraulic Drive Pump (High Torque),305.65,311.77,1205.3,48.43,117,H,0
M-HYD-270,Hydraulic Drive Pump (High Torque),299.99,311.17,1627.9,93.15,80,L,0
M-HYD-271,Hydraulic Drive Pump (High Torque),304.86,315.65,1032.0,82.97,209,M,0
M-HYD-272,Hydraulic Drive Pump (High Torque),300.65,313.01,1481.2,73.08,43,M,0
M-HYD-273,Hydraulic Drive Pump (High Torque),304.42,316.61,1023.6,97.38,85,M,0
M-HYD-274,Hydraulic Drive Pump (High Torque),304.01,316.12,1751.2,62.21,191,H,0
M-HYD-275,Hydraulic Drive Pump (High Torque),303.64,315.42,1510.0,58.88,194,H,0
M-HYD-276,Hydraulic Drive Pump (High Torque),298.43,315.17,1327.9,91.7,96,H,0
M-HYD-277,Hydraulic Drive Pump (High Torque),304.69,313.49,1070.3,84.62,122,M,0
M-HYD-278,Hydraulic Drive Pump (High Torque),301.69,316.29,1646.6,84.02,41,L,0
M-HYD-279,Hydraulic Drive Pump (High Torque),303.37,314.97,1226.7,93.36,165,H,0
M-HYD-280,Hydraulic Drive Pump (High Torque),301.26,316.86,942.5,97.88,155,M,0
M-HYD-281,Hydraulic Drive Pump (High Torque),300.16,310.49,1747.9,61.4,175,M,0
M-HYD-282,Hydraulic Drive Pump (High Torque),299.11,308.11,1389.8,98.67,93,M,0
M-HYD-283,Hydraulic Drive Pump (High Torque),300.75,313.21,1296.6,93.4,121,M,0
M-HYD-284,Hydraulic Drive Pump (High Torque),299.11,317.83,1125.0,49.04,152,M,0
M-HYD-285,Hydraulic Drive Pump (High Torque),301.32,312.22,1606.6,55.76,184,M,0
M-HYD-286,Hydraulic Drive Pump (High Torque),301.35,312.58,1131.0,86.37,122,M,0
M-HYD-287,Hydraulic Drive Pump (High Torque),302.77,317.96,1291.7,95.64,89,H,0
M-HYD-288,Hydraulic Drive Pump (High Torque),299.63,312.19,1097.7,45.01,203,L,0
M-HYD-289,Hydraulic Drive Pump (High Torque),303.94,309.68,1008.3,48.72,164,L,0
M-HYD-290,Hydraulic Drive Pump (High Torque),301.44,309.19,1361.2,64.19,94,M,0
M-HYD-291,Hydraulic Drive Pump (High Torque),303.75,309.11,932.0,99.69,66,H,0
M-HYD-292,Hydraulic Drive Pump (High Torque),299.52,308.39,1252.6,89.13,88,M,0
M-HYD-293,Hydraulic Drive Pump (High Torque),303.4,313.09,1675.3,92.63,21,L,0
M-HYD-294,Hydraulic Drive Pump (High Torque),301.69,317.89,1334.9,99.28,170,M,0
M-HYD-295,Hydraulic Drive Pump (High Torque),302.31,317.92,1671.8,50.36,161,M,0
M-HYD-296,Hydraulic Drive Pump (High Torque),298.06,312.03,1111.3,90.04,87,L,0
M-HYD-297,Hydraulic Drive Pump (High Torque),298.0,311.08,1117.0,57.85,33,H,0
M-HYD-298,Hydraulic Drive Pump (High Torque),302.44,310.91,1275.7,65.73,195,L,0
M-HYD-299,Hydraulic Drive Pump (High Torque),301.94,311.3,996.1,97.44,32,M,0
M-HYD-300,Hydraulic Drive Pump (High Torque),300.38,311.2,1047.9,88.07,44,M,0
M-HYD-301,Hydraulic Drive Pump (High Torque),298.99,308.71,1718.5,55.46,184,M,0
M-HYD-302,Hydraulic Drive Pump (High Torque),298.62,317.55,1122.3,92.28,53,L,0
M-HYD-303,Hydraulic Drive Pump (High Torque),298.11,313.12,1592.5,96.41,201,L,0
M-HYD-304,Hydraulic Drive Pump (High Torque),305.11,309.99,1155.8,60.89,95,M,0
M-HYD-305,Hydraulic Drive Pump (High Torque),302.36,309.6,1522.1,54.22,82,M,0
M-HYD-306,Hydraulic Drive Pump (High Torque),304.37,315.39,1481.0,53.57,129,H,0
M-HYD-307,Hydraulic Drive Pump (High Torque),301.02,312.14,935.8,60.07,211,L,0
M-HYD-308,Hydraulic Drive Pump (High Torque),300.82,308.43,1061.2,66.57,209,H,0
M-HYD-309,Hydraulic Drive Pump (High Torque),304.11,309.09,1783.1,65.99,175,M,0
M-HYD-310,Hydraulic Drive Pump (High Torque),303.02,309.92,1031.4,96.59,203,L,0
M-HYD-311,Hydraulic Drive Pump (High Torque),303.0,316.08,962.1,63.41,82,M,0
M-HYD-312,Hydraulic Drive Pump (High Torque),300.85,309.49,1436.8,89.79,96,H,0
M-HYD-313,Hydraulic Drive Pump (High Torque),299.57,310.37,1169.9,80.35,140,M,0
M-HYD-314,Hydraulic Drive Pump (High Torque),300.9,316.24,1083.7,70.8,180,H,0
M-HYD-315,Hydraulic Drive Pump (High Torque),298.88,316.84,1208.6,82.61,25,M,0
M-HYD-316,Hydraulic Drive Pump (High Torque),300.53,308.56,1448.8,58.24,97,H,0
M-HYD-317,Hydraulic Drive Pump (High Torque),299.18,310.98,980.8,95.1,21,M,0
M-HYD-318,Hydraulic Drive Pump (High Torque),298.99,311.08,1733.5,53.89,213,M,0
M-HYD-319,Hydraulic Drive Pump (High Torque),303.93,313.47,1696.0,75.47,126,H,0
M-HYD-320,Hydraulic Drive Pump (High Torque),299.33,317.16,1195.1,65.46,171,M,0
M-HYD-321,Hydraulic Drive Pump (High Torque),305.62,315.38,1437.7,93.45,29,M,0
M-HYD-322,Hydraulic Drive Pump (High Torque),301.72,310.27,1569.5,95.56,104,M,0
M-HYD-323,Hydraulic Drive Pump (High Torque),305.69,312.45,1340.1,64.34,201,M,0
M-HYD-324,Hydraulic Drive Pump (High Torque),304.1,316.12,1207.7,68.85,189,M,0
M-HYD-325,Hydraulic Drive Pump (High Torque),304.35,317.41,1460.9,85.79,181,L,0
M-HYD-326,Hydraulic Drive Pump (High Torque),301.16,308.51,1261.7,82.06,110,L,0
M-HYD-327,Hydraulic Drive Pump (High Torque),300.86,314.35,1067.8,86.22,129,M,0
M-HYD-328,Hydraulic Drive Pump (High Torque),300.34,315.49,1334.3,56.88,213,L,0
M-HYD-329,Hydraulic Drive Pump (High Torque),305.66,312.27,1327.6,94.39,125,L,0
M-HYD-330,Hydraulic Drive Pump (High Torque),300.02,312.47,1011.1,56.33,20,H,0
M-HYD-331,Hydraulic Drive Pump (High Torque),305.82,310.42,1497.0,91.15,130,H,0
M-HYD-332,Hydraulic Drive Pump (High Torque),303.82,314.0,1558.1,87.34,215,M,0
M-HYD-333,Hydraulic Drive Pump (High Torque),300.73,314.48,961.6,94.36,43,M,0
M-HYD-334,Hydraulic Drive Pump (High Torque),304.53,313.97,1254.3,71.04,190,M,0
M-HYD-335,Hydraulic Drive Pump (High Torque),304.96,308.88,1599.1,91.62,56,M,0
M-HYD-336,Hydraulic Drive Pump (High Torque),299.32,315.07,1381.8,79.94,59,M,0
M-HYD-337,Hydraulic Drive Pump (High Torque),298.33,311.22,1403.8,92.19,153,M,0
M-HYD-338,Hydraulic Drive Pump (High Torque),305.62,315.19,1737.1,74.02,71,H,0
M-HYD-339,Hydraulic Drive Pump (High Torque),303.81,309.21,1172.5,74.29,132,M,0
M-HYD-340,Hydraulic Drive Pump (High Torque),299.33,311.8,1455.5,98.34,165,L,0
M-HYD-341,Hydraulic Drive Pump (High Torque),304.1,313.92,1072.8,81.67,144,M,0
M-HYD-342,Hydraulic Drive Pump (High Torque),301.92,313.29,1201.0,73.56,59,L,0
M-HYD-343,Hydraulic Drive Pump (High Torque),299.49,308.85,1292.6,81.21,107,M,0
M-HYD-344,Hydraulic Drive Pump (High Torque),302.47,311.47,1739.6,95.75,120,M,0
M-HYD-345,Hydraulic Drive Pump (High Torque),303.9,308.37,1327.3,63.5,204,H,0
M-HYD-346,Hydraulic Drive Pump (High Torque),302.42,315.41,1336.5,49.7,214,M,0
M-HYD-347,Hydraulic Drive Pump (High Torque),302.91,310.37,1335.1,68.6,34,H,0
M-HYD-348,Hydraulic Drive Pump (High Torque),304.7,310.4,1075.5,72.77,173,H,0
M-HYD-349,Hydraulic Drive Pump (High Torque),302.61,309.19,932.8,47.9,186,H,0
M-HYD-350,Hydraulic Drive Pump (High Torque),298.36,312.38,1659.6,59.43,104,H,0
M-HYD-351,Hydraulic Drive Pump (High Torque),301.59,313.78,1413.8,63.28,83,H,0
M-HYD-352,Hydraulic Drive Pump (High Torque),300.93,308.99,1589.9,98.15,214,L,0
M-HYD-353,Hydraulic Drive Pump (High Torque),302.81,315.01,1156.7,79.69,111,M,0
M-HYD-354,Hydraulic Drive Pump (High Torque),304.06,310.82,1186.2,95.86,31,M,0
M-HYD-355,Hydraulic Drive Pump (High Torque),305.3,314.1,1391.8,58.74,88,L,0
M-HYD-356,Hydraulic Drive Pump (High Torque),302.47,313.15,989.6,45.88,212,M,0
M-HYD-357,Hydraulic Drive Pump (High Torque),302.83,308.8,1514.8,96.29,135,H,0
M-HYD-358,Hydraulic Drive Pump (High Torque),302.65,315.66,1265.8,93.39,149,L,0
M-HYD-359,Hydraulic Drive Pump (High Torque),302.99,309.31,1178.7,56.1,201,L,0
M-HYD-360,Hydraulic Drive Pump (High Torque),303.41,311.01,1065.6,86.6,114,M,0
M-HYD-361,Hydraulic Drive Pump (High Torque),302.93,308.4,1193.6,70.77,49,L,0
M-HYD-362,Hydraulic Drive Pump (High Torque),299.67,309.3,1083.2,87.3,105,M,0
M-HYD-363,Hydraulic Drive Pump (High Torque),298.17,308.34,1301.2,89.92,197,H,0
M-HYD-364,Hydraulic Drive Pump (High Torque),302.31,317.13,1249.2,90.63,46,L,0
M-HYD-365,Hydraulic Drive Pump (High Torque),304.01,317.41,1509.0,64.99,207,M,0
M-HYD-366,Hydraulic Drive Pump (High Torque),300.66,315.01,1588.8,96.12,60,L,0
M-HYD-367,Hydraulic Drive Pump (High Torque),303.91,308.64,1248.5,60.55,80,L,0
M-HYD-368,Hydraulic Drive Pump (High Torque),303.14,315.18,1779.0,65.75,180,M,0
M-HYD-369,Hydraulic Drive Pump (High Torque),304.96,309.81,1752.9,57.03,85,L,0
M-HYD-370,Hydraulic Drive Pump (High Torque),301.15,314.08,1300.1,85.83,65,H,0
M-HYD-371,Hydraulic Drive Pump (High Torque),300.4,312.74,1051.2,64.51,99,H,0
M-HYD-372,Hydraulic Drive Pump (High Torque),302.67,316.84,1036.6,77.88,152,M,0
M-HYD-373,Hydraulic Drive Pump (High Torque),303.61,312.11,1354.2,45.4,158,M,0
M-HYD-374,Hydraulic Drive Pump (High Torque),298.31,311.68,1781.1,68.14,120,L,0
M-HYD-375,Hydraulic Drive Pump (High Torque),303.74,313.82,1618.0,92.54,111,M,0
M-HYD-376,Hydraulic Drive Pump (High Torque),301.09,317.67,1527.4,49.58,192,M,0
M-HYD-377,Hydraulic Drive Pump (High Torque),298.55,313.5,1275.4,93.28,60,L,0
M-HYD-378,Hydraulic Drive Pump (High Torque),302.46,308.55,1774.7,73.19,78,M,0
M-HYD-379,Hydraulic Drive Pump (High Torque),304.86,311.05,1073.4,52.1,79,L,0
M-HYD-380,Hydraulic Drive Pump (High Torque),301.77,310.27,1049.6,63.3,207,M,0
M-HYD-381,Hydraulic Drive Pump (High Torque),305.9,312.85,1061.2,94.01,112,L,0
M-HYD-382,Hydraulic Drive Pump (High Torque),305.87,308.5,987.0,84.63,76,H,0
M-HYD-383,Hydraulic Drive Pump (High Torque),298.31,308.22,1597.0,52.39,113,M,0
M-HYD-384,Hydraulic Drive Pump (High Torque),301.43,308.27,1605.2,45.58,172,L,0
M-HYD-385,Hydraulic Drive Pump (High Torque),301.46,313.36,1329.3,66.41,197,L,0
M-HYD-386,Hydraulic Drive Pump (High Torque),300.69,314.15,1734.2,97.91,121,M,0
M-HYD-387,Hydraulic Drive Pump (High Torque),300.23,317.59,1028.5,76.89,76,M,0
M-HYD-388,Hydraulic Drive Pump (High Torque),301.24,317.99,949.5,76.82,36,H,0
M-HYD-389,Hydraulic Drive Pump (High Torque),301.52,313.1,1132.9,62.41,37,M,0
M-HYD-390,Hydraulic Drive Pump (High Torque),305.73,317.45,1201.4,76.4,201,H,0
M-HYD-391,Hydraulic Drive Pump (High Torque),304.49,317.48,982.2,53.88,212,M,0
M-HYD-392,Hydraulic Drive Pump (High Torque),298.11,310.58,1304.9,83.11,166,L,0
M-HYD-393,Hydraulic Drive Pump (High Torque),300.3,313.38,1380.0,67.31,53,L,0
M-HYD-394,Hydraulic Drive Pump (High Torque),304.83,312.98,1442.9,57.5,128,M,0
M-HYD-395,Hydraulic Drive Pump (High Torque),302.12,317.9,1450.2,65.4,174,H,0
M-HYD-396,Hydraulic Drive Pump (High Torque),301.08,311.47,1288.6,88.0,116,L,0
M-HYD-397,Hydraulic Drive Pump (High Torque),302.61,311.42,1629.0,58.11,64,M,0
M-HYD-398,Hydraulic Drive Pump (High Torque),300.09,308.09,1483.5,73.11,109,L,0
M-HYD-399,Hydraulic Drive Pump (High Torque),302.57,316.63,1025.5,76.31,193,M,0
M-HYD-400,Hydraulic Drive Pump (High Torque),303.74,311.72,983.2,70.18,98,L,0
M-HYD-F1-001,Hydraulic Drive Pump (High Torque),309.95,335.57,1762.3,58.62,74,L,1
M-HYD-F1-002,Hydraulic Drive Pump (High Torque),315.73,328.76,1188.9,73.94,127,M,1
M-HYD-F1-003,Hydraulic Drive Pump (High Torque),313.89,323.67,944.4,66.25,75,M,1
M-HYD-F1-004,Hydraulic Drive Pump (High Torque),311.93,327.17,1073.0,62.02,172,M,1
M-HYD-F1-005,Hydraulic Drive Pump (High Torque),311.56,330.5,1785.0,58.29,126,L,1
M-HYD-F1-006,Hydraulic Drive Pump (High Torque),312.86,324.15,1509.2,48.53,112,L,1
M-HYD-F1-007,Hydraulic Drive Pump (High Torque),309.69,333.94,927.3,91.41,91,M,1
M-HYD-F1-008,Hydraulic Drive Pump (High Torque),309.07,335.39,965.4,55.95,74,M,1
M-HYD-F1-009,Hydraulic Drive Pump (High Torque),312.36,324.63,1160.8,58.13,53,M,1
M-HYD-F1-010,Hydraulic Drive Pump (High Torque),313.63,325.83,1230.0,66.5,172,L,1
M-HYD-F1-011,Hydraulic Drive Pump (High Torque),314.4,326.14,961.2,62.43,61,M,1
M-HYD-F1-012,Hydraulic Drive Pump (High Torque),314.22,334.16,1660.4,64.78,127,M,1
M-HYD-F1-013,Hydraulic Drive Pump (High Torque),308.49,332.12,908.8,67.51,71,M,1
M-HYD-F1-014,Hydraulic Drive Pump (High Torque),314.13,326.95,1630.5,61.17,89,L,1
M-HYD-F1-015,Hydraulic Drive Pump (High Torque),313.54,335.84,1102.6,81.43,115,L,1
M-HYD-F1-016,Hydraulic Drive Pump (High Torque),309.25,332.77,1411.4,60.11,94,M,1
M-HYD-F1-017,Hydraulic Drive Pump (High Torque),312.63,334.56,1412.4,79.74,100,H,1
M-HYD-F1-018,Hydraulic Drive Pump (High Torque),309.86,329.4,1179.2,55.0,98,M,1
M-HYD-F1-019,Hydraulic Drive Pump (High Torque),310.06,329.03,1020.0,96.03,155,L,1
M-HYD-F1-020,Hydraulic Drive Pump (High Torque),308.85,333.09,1627.2,87.23,37,M,1
M-HYD-F2-001,Hydraulic Drive Pump (High Torque),308.18,321.24,1365.4,154.79,102,H,1
M-HYD-F2-002,Hydraulic Drive Pump (High Torque),306.03,313.3,1213.2,144.02,105,H,1
M-HYD-F2-003,Hydraulic Drive Pump (High Torque),306.61,324.72,1017.6,131.78,42,L,1
M-HYD-F2-004,Hydraulic Drive Pump (High Torque),304.81,319.48,976.8,167.22,155,L,1
M-HYD-F2-005,Hydraulic Drive Pump (High Torque),305.89,313.2,980.9,128.21,60,H,1
M-HYD-F2-006,Hydraulic Drive Pump (High Torque),301.86,318.16,1578.9,164.67,150,L,1
M-HYD-F2-007,Hydraulic Drive Pump (High Torque),300.24,323.77,1098.1,166.54,73,L,1
M-HYD-F2-008,Hydraulic Drive Pump (High Torque),301.9,316.47,1570.1,126.6,128,L,1
M-HYD-F2-009,Hydraulic Drive Pump (High Torque),308.2,327.59,1602.4,129.24,148,M,1
M-HYD-F2-010,Hydraulic Drive Pump (High Torque),306.12,314.05,1368.1,188.86,162,M,1
M-HYD-F2-011,Hydraulic Drive Pump (High Torque),299.44,317.8,1495.0,170.6,91,H,1
M-HYD-F2-012,Hydraulic Drive Pump (High Torque),303.7,319.5,1568.6,166.67,68,M,1
M-HYD-F2-013,Hydraulic Drive Pump (High Torque),299.73,327.56,1159.2,156.06,75,M,1
M-HYD-F2-014,Hydraulic Drive Pump (High Torque),306.28,323.45,1093.1,145.52,39,M,1
M-HYD-F2-015,Hydraulic Drive Pump (High Torque),299.44,321.56,1526.2,182.9,90,M,1
M-HYD-F2-016,Hydraulic Drive Pump (High Torque),299.85,322.73,1491.3,140.9,85,L,1
M-HYD-F2-017,Hydraulic Drive Pump (High Torque),308.65,315.89,1296.4,137.51,35,L,1
M-HYD-F2-018,Hydraulic Drive Pump (High Torque),308.03,324.16,935.1,179.84,88,M,1
M-HYD-F2-019,Hydraulic Drive Pump (High Torque),305.01,313.46,1444.8,162.86,49,H,1
M-HYD-F2-020,Hydraulic Drive Pump (High Torque),301.03,312.91,1323.2,179.62,22,H,1
M-HYD-F3-001,Hydraulic Drive Pump (High Torque),302.58,316.19,2454.1,123.98,113,M,1
M-HYD-F3-002,Hydraulic Drive Pump (High Torque),298.21,315.35,2723.1,133.23,135,M,1
M-HYD-F3-003,Hydraulic Drive Pump (High Torque),299.65,311.52,2273.5,115.19,125,L,1
M-HYD-F3-004,Hydraulic Drive Pump (High Torque),305.7,314.28,2325.7,114.23,146,M,1
M-HYD-F3-005,Hydraulic Drive Pump (High Torque),302.95,315.81,2792.9,143.38,28,L,1
M-HYD-F3-006,Hydraulic Drive Pump (High Torque),304.81,310.86,2736.4,122.57,169,H,1
M-HYD-F3-007,Hydraulic Drive Pump (High Torque),302.64,309.67,2801.0,117.04,56,M,1
M-HYD-F3-008,Hydraulic Drive Pump (High Torque),305.32,310.12,2289.8,140.36,98,L,1
M-HYD-F3-009,Hydraulic Drive Pump (High Torque),299.17,314.46,2369.6,116.27,126,M,1
M-HYD-F3-010,Hydraulic Drive Pump (High Torque),304.04,311.09,2563.2,126.22,173,M,1
M-HYD-F3-011,Hydraulic Drive Pump (High Torque),300.36,311.55,2668.1,120.09,162,M,1
M-HYD-F3-012,Hydraulic Drive Pump (High Torque),305.17,309.03,2750.9,146.28,46,L,1
M-HYD-F3-013,Hydraulic Drive Pump (High Torque),301.62,317.46,2769.1,122.06,49,M,1
M-HYD-F3-014,Hydraulic Drive Pump (High Torque),298.74,309.44,2254.2,126.92,144,H,1
M-HYD-F3-015,Hydraulic Drive Pump (High Torque),299.04,314.43,2337.5,113.9,46,L,1
M-HYD-F3-016,Hydraulic Drive Pump (High Torque),304.57,311.54,2750.2,131.49,125,M,1
M-HYD-F3-017,Hydraulic Drive Pump (High Torque),303.03,310.66,2195.1,128.22,158,M,1
M-HYD-F3-018,Hydraulic Drive Pump (High Torque),304.66,317.92,2307.3,137.67,125,L,1
M-HYD-F3-019,Hydraulic Drive Pump (High Torque),305.88,314.87,2379.3,141.94,36,L,1
M-HYD-F3-020,Hydraulic Drive Pump (High Torque),305.28,311.83,2727.6,127.21,88,M,1
M-HYD-F4-001,Hydraulic Drive Pump (High Torque),304.1,317.36,1746.7,61.82,300,L,1
M-HYD-F4-002,Hydraulic Drive Pump (High Torque),300.02,308.67,1141.2,113.81,282,L,1
M-HYD-F4-003,Hydraulic Drive Pump (High Torque),300.06,315.19,925.3,75.96,282,H,1
M-HYD-F4-004,Hydraulic Drive Pump (High Torque),304.58,310.35,1487.1,78.07,279,H,1
M-HYD-F4-005,Hydraulic Drive Pump (High Torque),298.14,317.1,1142.7,107.29,309,M,1
M-HYD-F4-006,Hydraulic Drive Pump (High Torque),300.12,314.63,1768.9,114.06,272,L,1
M-HYD-F4-007,Hydraulic Drive Pump (High Torque),299.09,317.77,1767.9,61.04,257,H,1
M-HYD-F4-008,Hydraulic Drive Pump (High Torque),300.17,316.16,1240.5,55.73,260,L,1
M-HYD-F4-009,Hydraulic Drive Pump (High Torque),303.04,312.16,1049.9,119.03,296,M,1
M-HYD-F4-010,Hydraulic Drive Pump (High Torque),298.56,308.57,1008.3,90.44,304,M,1
M-HYD-F4-011,Hydraulic Drive Pump (High Torque),304.74,312.46,1537.7,101.1,248,M,1
M-HYD-F4-012,Hydraulic Drive Pump (High Torque),303.1,308.71,1225.4,87.2,309,M,1
M-HYD-F4-013,Hydraulic Drive Pump (High Torque),304.53,312.32,1616.8,91.48,301,M,1
M-HYD-F4-014,Hydraulic Drive Pump (High Torque),302.83,314.3,1275.6,59.67,242,H,1
M-HYD-F4-015,Hydraulic Drive Pump (High Torque),304.99,310.36,1090.4,101.39,259,M,1
M-HYD-F4-016,Hydraulic Drive Pump (High Torque),299.3,317.6,1666.4,110.4,265,L,1
M-HYD-F4-017,Hydraulic Drive Pump (High Torque),299.15,308.09,918.0,90.86,269,M,1
M-HYD-F4-018,Hydraulic Drive Pump (High Torque),298.06,312.23,1546.3,80.71,289,M,1
M-HYD-F4-019,Hydraulic Drive Pump (High Torque),304.51,313.88,1089.7,66.19,282,L,1
M-HYD-F4-020,Hydraulic Drive Pump (High Torque),301.33,310.58,1680.3,96.68,268,M,1
M-HYD-F5-001,Hydraulic Drive Pump (High Torque),308.02,327.01,2173.7,159.8,254,M,1
M-HYD-F5-002,Hydraulic Drive Pump (High Torque),309.83,329.33,2412.4,135.3,265,M,1
M-HYD-F5-003,Hydraulic Drive Pump (High Torque),309.46,323.54,2230.5,126.06,275,M,1
M-HYD-F5-004,Hydraulic Drive Pump (High Torque),311.76,326.26,2321.0,139.43,236,M,1
M-HYD-F5-005,Hydraulic Drive Pump (High Torque),307.5,326.98,2221.3,150.01,241,H,1
M-HYD-F5-006,Hydraulic Drive Pump (High Torque),309.03,329.41,2363.6,133.85,255,H,1
M-HYD-F5-007,Hydraulic Drive Pump (High Torque),311.92,327.33,2134.1,141.36,235,L,1
M-HYD-F5-008,Hydraulic Drive Pump (High Torque),307.87,327.18,2112.5,147.29,268,M,1
M-HYD-F5-009,Hydraulic Drive Pump (High Torque),310.07,329.14,2022.5,129.89,242,L,1
M-HYD-F5-010,Hydraulic Drive Pump (High Torque),308.95,327.86,2349.8,124.54,241,M,1
M-HYD-F5-011,Hydraulic Drive Pump (High Torque),309.06,323.87,1990.6,154.57,278,M,1
M-HYD-F5-012,Hydraulic Drive Pump (High Torque),308.69,322.06,2347.3,152.14,237,H,1
M-HYD-F5-013,Hydraulic Drive Pump (High Torque),310.95,326.93,2004.2,143.01,245,M,1
M-HYD-F5-014,Hydraulic Drive Pump (High Torque),310.85,328.49,2196.2,157.62,250,L,1
M-HYD-F5-015,Hydraulic Drive Pump (High Torque),309.42,329.18,2470.2,118.93,276,L,1
M-HYD-F5-016,Hydraulic Drive Pump (High Torque),310.96,323.61,2414.8,153.26,244,L,1
M-HYD-F5-017,Hydraulic Drive Pump (High Torque),307.25,323.2,2270.3,140.91,262,H,1
M-HYD-F5-018,Hydraulic Drive Pump (High Torque),311.8,322.36,2057.3,115.63,258,L,1
M-HYD-F5-019,Hydraulic Drive Pump (High Torque),310.33,328.58,1987.2,139.39,252,M,1
M-HYD-F5-020,Hydraulic Drive Pump (High Torque),307.36,327.48,2251.7,149.43,254,H,1
M-GAS-001,Industrial Gas Turbine Compressor,301.48,318.45,5617.2,141.31,89,L,0
M-GAS-002,Industrial Gas Turbine Compressor,300.18,316.46,4880.5,105.32,250,L,0
M-GAS-003,Industrial Gas Turbine Compressor,304.79,325.04,4364.9,155.35,83,M,0
M-GAS-004,Industrial Gas Turbine Compressor,300.46,316.79,4254.0,165.33,264,H,0
M-GAS-005,Industrial Gas Turbine Compressor,295.91,320.25,5624.3,92.89,229,H,0
M-GAS-006,Industrial Gas Turbine Compressor,301.23,322.12,5366.7,103.37,209,M,0
M-GAS-007,Industrial Gas Turbine Compressor,302.14,332.47,3380.4,166.66,198,H,0
M-GAS-008,Industrial Gas Turbine Compressor,299.28,318.22,5101.0,155.89,76,M,0
M-GAS-009,Industrial Gas Turbine Compressor,303.15,333.72,4540.6,175.03,183,M,0
M-GAS-010,Industrial Gas Turbine Compressor,303.48,324.86,4415.7,129.03,261,L,0
M-GAS-011,Industrial Gas Turbine Compressor,299.04,321.67,4475.8,137.28,109,L,0
M-GAS-012,Industrial Gas Turbine Compressor,299.86,321.68,3320.5,103.88,287,M,0
M-GAS-013,Industrial Gas Turbine Compressor,296.69,324.21,3921.3,83.52,130,M,0
M-GAS-014,Industrial Gas Turbine Compressor,300.52,322.13,4341.9,176.55,144,M,0
M-GAS-015,Industrial Gas Turbine Compressor,297.43,324.16,5278.6,100.6,227,H,0
M-GAS-016,Industrial Gas Turbine Compressor,299.19,330.52,4016.2,136.37,101,L,0
M-GAS-017,Industrial Gas Turbine Compressor,295.52,332.05,3594.6,167.44,138,L,0
M-GAS-018,Industrial Gas Turbine Compressor,298.19,333.12,3379.9,97.85,173,H,0
M-GAS-019,Industrial Gas Turbine Compressor,296.96,333.88,5929.5,117.63,280,M,0
M-GAS-020,Industrial Gas Turbine Compressor,297.7,329.05,4976.7,178.91,116,M,0
M-GAS-021,Industrial Gas Turbine Compressor,295.52,317.27,3011.8,179.95,250,L,0
M-GAS-022,Industrial Gas Turbine Compressor,300.1,321.0,3453.8,108.47,143,L,0
M-GAS-023,Industrial Gas Turbine Compressor,300.4,316.55,3054.1,90.23,152,L,0
M-GAS-024,Industrial Gas Turbine Compressor,301.37,331.04,4399.1,116.17,77,L,0
M-GAS-025,Industrial Gas Turbine Compressor,302.83,318.36,4536.8,128.74,206,L,0
M-GAS-026,Industrial Gas Turbine Compressor,300.8,325.8,3151.0,86.29,96,H,0
M-GAS-027,Industrial Gas Turbine Compressor,302.43,329.47,3408.2,163.61,88,M,0
M-GAS-028,Industrial Gas Turbine Compressor,297.49,322.45,3764.0,128.9,151,L,0
M-GAS-029,Industrial Gas Turbine Compressor,295.56,317.84,3158.5,142.58,63,L,0
M-GAS-030,Industrial Gas Turbine Compressor,300.12,325.54,4684.8,97.08,99,M,0
M-GAS-031,Industrial Gas Turbine Compressor,300.93,319.2,3349.0,177.01,55,L,0
M-GAS-032,Industrial Gas Turbine Compressor,302.88,320.94,3406.9,94.56,224,M,0
M-GAS-033,Industrial Gas Turbine Compressor,302.83,333.75,5075.8,95.59,110,L,0
M-GAS-034,Industrial Gas Turbine Compressor,297.09,316.45,5109.8,120.25,280,M,0
M-GAS-035,Industrial Gas Turbine Compressor,295.9,333.96,3775.7,113.72,150,H,0
M-GAS-036,Industrial Gas Turbine Compressor,299.97,317.47,4202.9,115.07,243,L,0
M-GAS-037,Industrial Gas Turbine Compressor,296.53,322.33,4120.1,95.14,249,L,0
M-GAS-038,Industrial Gas Turbine Compressor,296.9,322.33,3317.4,142.82,80,L,0
M-GAS-039,Industrial Gas Turbine Compressor,302.81,322.8,4735.7,171.13,188,H,0
M-GAS-040,Industrial Gas Turbine Compressor,298.79,331.86,4932.6,145.07,266,L,0
M-GAS-041,Industrial Gas Turbine Compressor,304.2,316.9,4632.4,154.05,239,M,0
M-GAS-042,Industrial Gas Turbine Compressor,296.67,330.95,5160.3,88.61,165,H,0
M-GAS-043,Industrial Gas Turbine Compressor,298.37,315.36,4201.0,134.99,204,M,0
M-GAS-044,Industrial Gas Turbine Compressor,303.36,319.31,3361.4,165.15,89,L,0
M-GAS-045,Industrial Gas Turbine Compressor,303.43,325.02,5944.3,89.74,125,M,0
M-GAS-046,Industrial Gas Turbine Compressor,298.5,333.57,3196.9,134.94,197,M,0
M-GAS-047,Industrial Gas Turbine Compressor,297.56,322.29,5531.0,99.49,256,M,0
M-GAS-048,Industrial Gas Turbine Compressor,302.62,329.27,3622.5,136.88,266,M,0
M-GAS-049,Industrial Gas Turbine Compressor,304.67,324.04,3428.4,118.94,287,M,0
M-GAS-050,Industrial Gas Turbine Compressor,303.68,332.63,4050.6,88.33,231,M,0
M-GAS-051,Industrial Gas Turbine Compressor,302.83,323.85,4455.8,157.79,145,M,0
M-GAS-052,Industrial Gas Turbine Compressor,298.76,322.35,4577.8,160.88,140,M,0
M-GAS-053,Industrial Gas Turbine Compressor,301.71,320.39,3832.6,173.34,230,M,0
M-GAS-054,Industrial Gas Turbine Compressor,301.48,315.59,4854.3,130.95,186,M,0
M-GAS-055,Industrial Gas Turbine Compressor,295.81,318.87,5852.2,120.87,166,H,0
M-GAS-056,Industrial Gas Turbine Compressor,295.38,329.34,4614.3,130.87,110,L,0
M-GAS-057,Industrial Gas Turbine Compressor,296.68,318.8,4382.1,108.63,111,M,0
M-GAS-058,Industrial Gas Turbine Compressor,301.51,331.49,4253.1,87.31,118,L,0
M-GAS-059,Industrial Gas Turbine Compressor,300.96,329.19,3022.1,131.82,59,M,0
M-GAS-060,Industrial Gas Turbine Compressor,304.21,334.37,4621.7,125.82,286,M,0
M-GAS-061,Industrial Gas Turbine Compressor,295.65,324.31,3720.7,126.98,163,M,0
M-GAS-062,Industrial Gas Turbine Compressor,298.57,318.29,4511.2,163.02,216,M,0
M-GAS-063,Industrial Gas Turbine Compressor,304.36,333.24,3628.0,83.94,235,L,0
M-GAS-064,Industrial Gas Turbine Compressor,304.68,332.8,4801.6,133.01,56,M,0
M-GAS-065,Industrial Gas Turbine Compressor,299.6,327.57,4671.8,154.26,119,M,0
M-GAS-066,Industrial Gas Turbine Compressor,295.88,323.27,5250.5,149.34,297,M,0
M-GAS-067,Industrial Gas Turbine Compressor,299.98,321.59,4321.8,165.7,221,L,0
M-GAS-068,Industrial Gas Turbine Compressor,297.04,332.47,3179.3,168.86,132,M,0
M-GAS-069,Industrial Gas Turbine Compressor,300.12,333.81,3143.3,115.22,264,M,0
M-GAS-070,Industrial Gas Turbine Compressor,296.99,323.5,4156.7,171.54,240,M,0
M-GAS-071,Industrial Gas Turbine Compressor,304.88,324.31,3174.7,106.23,159,H,0
M-GAS-072,Industrial Gas Turbine Compressor,304.48,330.34,3804.9,139.08,230,L,0
M-GAS-073,Industrial Gas Turbine Compressor,303.82,325.3,5324.0,136.21,188,H,0
M-GAS-074,Industrial Gas Turbine Compressor,296.26,325.59,3806.6,82.1,230,H,0
M-GAS-075,Industrial Gas Turbine Compressor,300.95,325.78,5906.4,128.42,65,M,0
M-GAS-076,Industrial Gas Turbine Compressor,303.41,334.94,4291.0,112.03,276,H,0
M-GAS-077,Industrial Gas Turbine Compressor,301.15,323.11,3123.2,114.73,116,M,0
M-GAS-078,Industrial Gas Turbine Compressor,304.49,320.36,5434.4,85.54,184,H,0
M-GAS-079,Industrial Gas Turbine Compressor,304.34,330.33,4973.8,162.39,211,L,0
M-GAS-080,Industrial Gas Turbine Compressor,302.14,333.49,4551.4,91.71,182,H,0
M-GAS-081,Industrial Gas Turbine Compressor,300.92,324.65,4867.7,81.0,98,M,0
M-GAS-082,Industrial Gas Turbine Compressor,304.51,322.67,4273.1,151.47,200,M,0
M-GAS-083,Industrial Gas Turbine Compressor,299.11,319.35,5898.1,93.06,142,H,0
M-GAS-084,Industrial Gas Turbine Compressor,297.22,330.61,3603.5,88.01,168,H,0
M-GAS-085,Industrial Gas Turbine Compressor,295.85,331.15,5314.4,171.51,263,M,0
M-GAS-086,Industrial Gas Turbine Compressor,295.52,330.66,5536.5,159.91,177,M,0
M-GAS-087,Industrial Gas Turbine Compressor,303.45,329.54,5942.3,95.57,106,M,0
M-GAS-088,Industrial Gas Turbine Compressor,302.93,318.74,3200.0,179.86,56,L,0
M-GAS-089,Industrial Gas Turbine Compressor,298.65,331.83,4663.9,170.16,281,H,0
M-GAS-090,Industrial Gas Turbine Compressor,295.75,320.01,5007.9,168.83,164,M,0
M-GAS-091,Industrial Gas Turbine Compressor,296.88,331.1,5902.0,106.86,173,H,0
M-GAS-092,Industrial Gas Turbine Compressor,300.59,325.06,3433.3,124.21,133,M,0
M-GAS-093,Industrial Gas Turbine Compressor,300.86,315.17,5283.0,151.3,141,H,0
M-GAS-094,Industrial Gas Turbine Compressor,302.55,334.1,3720.5,112.35,95,M,0
M-GAS-095,Industrial Gas Turbine Compressor,296.55,322.12,5091.0,136.01,146,M,0
M-GAS-096,Industrial Gas Turbine Compressor,300.62,315.12,3235.5,168.13,69,L,0
M-GAS-097,Industrial Gas Turbine Compressor,304.2,320.41,4111.5,136.89,270,L,0
M-GAS-098,Industrial Gas Turbine Compressor,302.4,316.73,5007.5,121.03,167,H,0
M-GAS-099,Industrial Gas Turbine Compressor,296.91,330.81,4361.9,110.17,146,L,0
M-GAS-100,Industrial Gas Turbine Compressor,302.49,320.45,3352.5,105.2,280,M,0
M-GAS-101,Industrial Gas Turbine Compressor,300.33,326.93,4098.1,160.71,180,H,0
M-GAS-102,Industrial Gas Turbine Compressor,296.29,325.74,5809.7,110.84,267,L,0
M-GAS-103,Industrial Gas Turbine Compressor,297.48,315.73,3305.5,152.85,99,M,0
M-GAS-104,Industrial Gas Turbine Compressor,300.02,329.51,3339.7,120.64,171,M,0
M-GAS-105,Industrial Gas Turbine Compressor,303.18,318.43,5423.5,149.29,188,M,0
M-GAS-106,Industrial Gas Turbine Compressor,299.12,317.77,4997.3,132.47,209,M,0
M-GAS-107,Industrial Gas Turbine Compressor,304.07,326.75,3256.2,124.98,239,L,0
M-GAS-108,Industrial Gas Turbine Compressor,299.95,332.89,3803.0,121.06,274,L,0
M-GAS-109,Industrial Gas Turbine Compressor,301.86,332.18,3266.3,166.5,130,H,0
M-GAS-110,Industrial Gas Turbine Compressor,297.39,323.36,3753.6,112.06,83,M,0
M-GAS-111,Industrial Gas Turbine Compressor,300.72,323.84,4040.2,154.65,273,L,0
M-GAS-112,Industrial Gas Turbine Compressor,298.32,329.89,3455.9,93.03,136,L,0
M-GAS-113,Industrial Gas Turbine Compressor,297.46,316.27,3395.1,165.87,208,M,0
M-GAS-114,Industrial Gas Turbine Compressor,300.55,325.55,4966.3,103.32,266,M,0
M-GAS-115,Industrial Gas Turbine Compressor,301.94,315.32,4118.0,115.17,185,H,0
M-GAS-116,Industrial Gas Turbine Compressor,302.9,319.36,5031.1,160.32,190,L,0
M-GAS-117,Industrial Gas Turbine Compressor,301.62,322.11,5426.6,109.47,192,L,0
M-GAS-118,Industrial Gas Turbine Compressor,298.79,321.06,4378.0,161.8,282,M,0
M-GAS-119,Industrial Gas Turbine Compressor,301.61,333.07,3295.6,103.21,227,L,0
M-GAS-120,Industrial Gas Turbine Compressor,303.57,323.3,3268.0,123.78,107,M,0
M-GAS-121,Industrial Gas Turbine Compressor,302.72,316.51,5482.7,122.77,199,H,0
M-GAS-122,Industrial Gas Turbine Compressor,298.37,316.79,5884.6,160.73,164,M,0
M-GAS-123,Industrial Gas Turbine Compressor,304.33,321.89,3483.0,136.32,285,H,0
M-GAS-124,Industrial Gas Turbine Compressor,297.38,333.77,3513.3,91.32,192,L,0
M-GAS-125,Industrial Gas Turbine Compressor,299.77,334.89,5037.5,87.41,298,M,0
M-GAS-126,Industrial Gas Turbine Compressor,297.87,326.16,3912.9,88.65,50,M,0
M-GAS-127,Industrial Gas Turbine Compressor,303.37,326.45,5997.6,108.68,120,H,0
M-GAS-128,Industrial Gas Turbine Compressor,296.64,320.7,5378.5,170.58,293,M,0
M-GAS-129,Industrial Gas Turbine Compressor,303.81,321.57,3338.5,167.0,209,H,0
M-GAS-130,Industrial Gas Turbine Compressor,299.3,320.75,5210.4,125.34,297,H,0
M-GAS-131,Industrial Gas Turbine Compressor,298.55,324.64,4509.4,111.59,232,L,0
M-GAS-132,Industrial Gas Turbine Compressor,304.39,331.1,5551.7,135.05,256,M,0
M-GAS-133,Industrial Gas Turbine Compressor,298.98,321.34,4402.2,108.56,290,M,0
M-GAS-134,Industrial Gas Turbine Compressor,295.98,325.54,3171.3,91.05,104,M,0
M-GAS-135,Industrial Gas Turbine Compressor,299.33,330.99,5218.4,122.63,133,M,0
M-GAS-136,Industrial Gas Turbine Compressor,302.74,316.04,3038.5,159.55,169,H,0
M-GAS-137,Industrial Gas Turbine Compressor,297.36,333.65,5578.5,150.98,170,M,0
M-GAS-138,Industrial Gas Turbine Compressor,304.75,334.32,3645.8,161.11,99,M,0
M-GAS-139,Industrial Gas Turbine Compressor,301.76,323.1,5794.6,88.9,177,L,0
M-GAS-140,Industrial Gas Turbine Compressor,304.04,318.13,4099.9,141.91,89,L,0
M-GAS-141,Industrial Gas Turbine Compressor,304.15,318.34,3363.5,88.54,277,H,0
M-GAS-142,Industrial Gas Turbine Compressor,299.16,323.98,4797.0,87.17,106,L,0
M-GAS-143,Industrial Gas Turbine Compressor,304.08,330.63,3058.2,112.7,206,M,0
M-GAS-144,Industrial Gas Turbine Compressor,304.1,327.68,3215.7,170.9,289,H,0
M-GAS-145,Industrial Gas Turbine Compressor,300.32,321.07,4178.5,97.97,194,L,0
M-GAS-146,Industrial Gas Turbine Compressor,300.03,316.66,4860.0,114.02,263,M,0
M-GAS-147,Industrial Gas Turbine Compressor,296.93,318.82,5306.3,106.56,241,M,0
M-GAS-148,Industrial Gas Turbine Compressor,298.22,324.31,5829.6,173.17,101,M,0
M-GAS-149,Industrial Gas Turbine Compressor,296.49,325.2,4381.7,170.08,282,M,0
M-GAS-150,Industrial Gas Turbine Compressor,299.92,332.92,5420.1,80.37,130,M,0
M-GAS-151,Industrial Gas Turbine Compressor,297.3,318.99,3113.4,144.34,115,H,0
M-GAS-152,Industrial Gas Turbine Compressor,297.31,331.04,5554.5,128.31,154,L,0
M-GAS-153,Industrial Gas Turbine Compressor,297.01,319.31,3875.6,97.28,144,L,0
M-GAS-154,Industrial Gas Turbine Compressor,301.15,323.24,5803.2,84.85,102,M,0
M-GAS-155,Industrial Gas Turbine Compressor,301.16,315.79,4209.1,144.92,224,M,0
M-GAS-156,Industrial Gas Turbine Compressor,298.21,316.87,4281.3,92.88,286,M,0
M-GAS-157,Industrial Gas Turbine Compressor,298.17,330.33,4493.8,111.0,252,L,0
M-GAS-158,Industrial Gas Turbine Compressor,301.73,315.94,4699.0,156.33,84,M,0
M-GAS-159,Industrial Gas Turbine Compressor,303.82,315.4,5258.2,127.38,161,H,0
M-GAS-160,Industrial Gas Turbine Compressor,303.19,322.2,4622.3,147.73,225,L,0
M-GAS-161,Industrial Gas Turbine Compressor,300.31,322.99,5861.1,144.21,124,H,0
M-GAS-162,Industrial Gas Turbine Compressor,303.43,322.24,4981.4,127.08,99,M,0
M-GAS-163,Industrial Gas Turbine Compressor,295.61,323.27,4639.8,123.6,237,L,0
M-GAS-164,Industrial Gas Turbine Compressor,302.71,315.78,3582.4,133.66,283,L,0
M-GAS-165,Industrial Gas Turbine Compressor,303.43,321.06,4288.3,127.07,89,H,0
M-GAS-166,Industrial Gas Turbine Compressor,304.47,319.81,3719.8,88.34,282,M,0
M-GAS-167,Industrial Gas Turbine Compressor,301.67,333.23,4036.9,142.15,59,H,0
M-GAS-168,Industrial Gas Turbine Compressor,303.31,330.34,4051.9,117.68,183,H,0
M-GAS-169,Industrial Gas Turbine Compressor,297.41,319.16,3751.4,160.59,119,H,0
M-GAS-170,Industrial Gas Turbine Compressor,300.04,332.31,3724.0,87.85,139,L,0
M-GAS-171,Industrial Gas Turbine Compressor,300.51,331.34,5878.8,159.27,200,M,0
M-GAS-172,Industrial Gas Turbine Compressor,295.4,334.69,4150.4,95.22,216,M,0
M-GAS-173,Industrial Gas Turbine Compressor,300.86,326.74,4337.2,163.61,116,M,0
M-GAS-174,Industrial Gas Turbine Compressor,300.38,328.27,5351.9,119.48,211,H,0
M-GAS-175,Industrial Gas Turbine Compressor,304.33,322.66,5188.6,82.03,101,M,0
M-GAS-176,Industrial Gas Turbine Compressor,303.78,325.55,5789.6,128.38,172,H,0
M-GAS-177,Industrial Gas Turbine Compressor,303.03,319.94,5698.8,171.08,285,M,0
M-GAS-178,Industrial Gas Turbine Compressor,301.77,330.57,3393.0,140.1,58,M,0
M-GAS-179,Industrial Gas Turbine Compressor,296.55,318.66,4095.1,123.24,205,H,0
M-GAS-180,Industrial Gas Turbine Compressor,300.04,318.65,4721.9,143.74,189,L,0
M-GAS-181,Industrial Gas Turbine Compressor,298.36,330.3,4298.3,128.42,212,H,0
M-GAS-182,Industrial Gas Turbine Compressor,301.54,327.37,3929.5,88.58,72,L,0
M-GAS-183,Industrial Gas Turbine Compressor,301.89,317.54,4070.2,139.25,258,H,0
M-GAS-184,Industrial Gas Turbine Compressor,297.37,332.79,3027.5,100.14,289,M,0
M-GAS-185,Industrial Gas Turbine Compressor,297.62,316.34,3084.6,104.47,270,M,0
M-GAS-186,Industrial Gas Turbine Compressor,302.2,333.37,4224.1,99.13,179,L,0
M-GAS-187,Industrial Gas Turbine Compressor,303.04,316.32,5077.7,137.19,276,H,0
M-GAS-188,Industrial Gas Turbine Compressor,300.34,332.59,4230.1,128.2,67,M,0
M-GAS-189,Industrial Gas Turbine Compressor,298.25,333.9,3848.0,126.09,217,H,0
M-GAS-190,Industrial Gas Turbine Compressor,299.86,329.77,5600.6,142.63,217,H,0
M-GAS-191,Industrial Gas Turbine Compressor,304.46,317.65,5324.0,106.48,283,L,0
M-GAS-192,Industrial Gas Turbine Compressor,302.54,319.38,4329.1,141.78,242,H,0
M-GAS-193,Industrial Gas Turbine Compressor,304.62,332.8,3811.0,162.28,179,M,0
M-GAS-194,Industrial Gas Turbine Compressor,298.14,326.62,5189.7,121.09,207,M,0
M-GAS-195,Industrial Gas Turbine Compressor,302.11,316.04,5579.2,125.83,115,M,0
M-GAS-196,Industrial Gas Turbine Compressor,299.83,332.74,4135.0,154.97,74,M,0
M-GAS-197,Industrial Gas Turbine Compressor,304.92,330.41,3631.6,130.14,108,M,0
M-GAS-198,Industrial Gas Turbine Compressor,302.8,330.42,3684.3,172.22,198,M,0
M-GAS-199,Industrial Gas Turbine Compressor,300.02,327.1,4679.7,128.64,176,H,0
M-GAS-200,Industrial Gas Turbine Compressor,303.13,325.84,3393.2,156.62,283,L,0
M-GAS-201,Industrial Gas Turbine Compressor,298.69,317.71,4555.2,91.26,283,H,0
M-GAS-202,Industrial Gas Turbine Compressor,297.53,323.13,4149.5,159.47,164,H,0
M-GAS-203,Industrial Gas Turbine Compressor,297.67,325.18,3442.4,141.17,191,L,0
M-GAS-204,Industrial Gas Turbine Compressor,304.38,333.25,5838.2,104.47,82,M,0
M-GAS-205,Industrial Gas Turbine Compressor,303.95,334.44,5578.0,91.0,286,M,0
M-GAS-206,Industrial Gas Turbine Compressor,295.09,323.85,3138.2,134.39,134,M,0
M-GAS-207,Industrial Gas Turbine Compressor,301.13,332.38,4985.7,123.4,254,L,0
M-GAS-208,Industrial Gas Turbine Compressor,296.2,325.64,3853.5,84.71,217,L,0
M-GAS-209,Industrial Gas Turbine Compressor,296.63,331.25,5560.2,171.43,116,L,0
M-GAS-210,Industrial Gas Turbine Compressor,298.21,326.05,3151.5,84.39,230,M,0
M-GAS-211,Industrial Gas Turbine Compressor,297.56,318.81,5009.9,80.04,251,H,0
M-GAS-212,Industrial Gas Turbine Compressor,296.91,322.72,4454.6,115.5,130,L,0
M-GAS-213,Industrial Gas Turbine Compressor,301.42,315.47,4290.5,167.5,125,H,0
M-GAS-214,Industrial Gas Turbine Compressor,302.58,327.12,4710.9,85.36,85,M,0
M-GAS-215,Industrial Gas Turbine Compressor,297.08,325.08,4634.6,108.35,287,L,0
M-GAS-216,Industrial Gas Turbine Compressor,302.22,316.56,3318.4,129.28,90,L,0
M-GAS-217,Industrial Gas Turbine Compressor,296.59,324.75,4092.4,143.94,82,M,0
M-GAS-218,Industrial Gas Turbine Compressor,297.75,332.76,3121.8,171.37,258,M,0
M-GAS-219,Industrial Gas Turbine Compressor,302.89,315.62,5900.6,132.66,125,M,0
M-GAS-220,Industrial Gas Turbine Compressor,295.66,334.79,3117.9,145.49,160,L,0
M-GAS-221,Industrial Gas Turbine Compressor,297.46,325.64,4447.1,150.29,67,H,0
M-GAS-222,Industrial Gas Turbine Compressor,297.15,329.76,3567.4,137.35,103,L,0
M-GAS-223,Industrial Gas Turbine Compressor,304.42,325.37,4056.9,103.41,62,M,0
M-GAS-224,Industrial Gas Turbine Compressor,301.54,325.67,5832.1,119.63,223,M,0
M-GAS-225,Industrial Gas Turbine Compressor,300.13,320.36,4364.9,127.08,226,L,0
M-GAS-226,Industrial Gas Turbine Compressor,298.29,315.84,4488.9,134.45,92,L,0
M-GAS-227,Industrial Gas Turbine Compressor,304.85,333.92,3591.3,167.54,226,M,0
M-GAS-228,Industrial Gas Turbine Compressor,300.41,331.99,4440.4,117.32,173,M,0
M-GAS-229,Industrial Gas Turbine Compressor,296.89,333.02,5022.6,143.33,74,M,0
M-GAS-230,Industrial Gas Turbine Compressor,296.21,316.57,4581.9,120.28,197,H,0
M-GAS-231,Industrial Gas Turbine Compressor,299.31,318.5,5961.3,136.12,221,M,0
M-GAS-232,Industrial Gas Turbine Compressor,295.95,334.52,3858.8,122.38,212,H,0
M-GAS-233,Industrial Gas Turbine Compressor,303.1,325.73,3834.7,86.16,90,L,0
M-GAS-234,Industrial Gas Turbine Compressor,301.86,320.0,3196.8,149.06,193,M,0
M-GAS-235,Industrial Gas Turbine Compressor,298.64,319.34,5008.8,177.07,93,M,0
M-GAS-236,Industrial Gas Turbine Compressor,299.24,323.93,3762.4,162.51,171,M,0
M-GAS-237,Industrial Gas Turbine Compressor,298.05,318.64,3257.7,151.41,99,M,0
M-GAS-238,Industrial Gas Turbine Compressor,298.9,323.32,4407.5,116.77,75,M,0
M-GAS-239,Industrial Gas Turbine Compressor,301.64,328.32,3858.7,126.01,98,M,0
M-GAS-240,Industrial Gas Turbine Compressor,295.23,332.93,3632.1,102.75,119,H,0
M-GAS-241,Industrial Gas Turbine Compressor,301.39,316.5,3402.6,144.48,134,L,0
M-GAS-242,Industrial Gas Turbine Compressor,300.57,320.12,4952.5,91.63,184,M,0
M-GAS-243,Industrial Gas Turbine Compressor,297.68,327.08,5614.0,179.89,201,M,0
M-GAS-244,Industrial Gas Turbine Compressor,297.25,320.14,4438.4,116.73,278,M,0
M-GAS-245,Industrial Gas Turbine Compressor,298.73,322.67,5509.9,145.08,203,M,0
M-GAS-246,Industrial Gas Turbine Compressor,303.18,315.77,5612.4,131.27,149,M,0
M-GAS-247,Industrial Gas Turbine Compressor,301.67,315.26,5614.7,124.67,135,H,0
M-GAS-248,Industrial Gas Turbine Compressor,299.39,324.93,4210.9,147.87,155,L,0
M-GAS-249,Industrial Gas Turbine Compressor,300.99,331.15,3328.1,119.73,134,M,0
M-GAS-250,Industrial Gas Turbine Compressor,303.61,316.57,3217.7,165.03,103,M,0
M-GAS-251,Industrial Gas Turbine Compressor,300.43,331.66,3375.3,92.98,189,L,0
M-GAS-252,Industrial Gas Turbine Compressor,299.15,321.54,4820.1,173.04,259,L,0
M-GAS-253,Industrial Gas Turbine Compressor,295.23,317.26,4828.4,162.06,121,M,0
M-GAS-254,Industrial Gas Turbine Compressor,302.87,316.13,4108.1,130.58,190,L,0
M-GAS-255,Industrial Gas Turbine Compressor,298.55,327.25,4756.1,134.76,210,M,0
M-GAS-256,Industrial Gas Turbine Compressor,295.85,317.39,3673.7,130.02,260,L,0
M-GAS-257,Industrial Gas Turbine Compressor,302.89,322.02,4214.0,119.37,97,H,0
M-GAS-258,Industrial Gas Turbine Compressor,300.91,334.78,3500.5,84.67,244,M,0
M-GAS-259,Industrial Gas Turbine Compressor,303.3,329.08,5837.0,120.89,215,M,0
M-GAS-260,Industrial Gas Turbine Compressor,301.31,323.99,3565.9,130.79,182,L,0
M-GAS-261,Industrial Gas Turbine Compressor,302.36,328.28,3340.2,152.06,175,L,0
M-GAS-262,Industrial Gas Turbine Compressor,304.2,316.1,5461.9,83.77,141,M,0
M-GAS-263,Industrial Gas Turbine Compressor,296.48,329.93,3025.1,96.86,195,L,0
M-GAS-264,Industrial Gas Turbine Compressor,304.17,329.11,5015.3,119.43,50,H,0
M-GAS-265,Industrial Gas Turbine Compressor,300.35,328.5,4252.3,153.07,180,H,0
M-GAS-266,Industrial Gas Turbine Compressor,296.92,331.8,5174.7,169.48,79,L,0
M-GAS-267,Industrial Gas Turbine Compressor,297.09,315.24,5992.3,108.11,217,H,0
M-GAS-268,Industrial Gas Turbine Compressor,300.8,333.08,3960.5,147.03,96,M,0
M-GAS-269,Industrial Gas Turbine Compressor,298.36,319.22,3939.5,97.88,275,M,0
M-GAS-270,Industrial Gas Turbine Compressor,297.45,323.97,3961.6,154.44,292,M,0
M-GAS-271,Industrial Gas Turbine Compressor,303.61,326.32,3471.7,149.06,178,M,0
M-GAS-272,Industrial Gas Turbine Compressor,303.9,323.81,5703.5,155.07,172,M,0
M-GAS-273,Industrial Gas Turbine Compressor,298.26,334.67,5002.1,84.38,131,M,0
M-GAS-274,Industrial Gas Turbine Compressor,295.56,315.48,4350.1,113.27,159,M,0
M-GAS-275,Industrial Gas Turbine Compressor,296.65,328.78,4543.7,100.02,129,M,0
M-GAS-276,Industrial Gas Turbine Compressor,295.72,317.95,3219.7,161.23,238,L,0
M-GAS-277,Industrial Gas Turbine Compressor,302.16,328.39,4431.0,144.23,59,M,0
M-GAS-278,Industrial Gas Turbine Compressor,302.78,325.01,4072.5,107.74,210,M,0
M-GAS-279,Industrial Gas Turbine Compressor,303.71,321.85,5309.3,136.14,270,M,0
M-GAS-280,Industrial Gas Turbine Compressor,300.18,326.56,5247.9,176.47,68,H,0
M-GAS-281,Industrial Gas Turbine Compressor,304.38,325.6,4844.7,128.24,73,L,0
M-GAS-282,Industrial Gas Turbine Compressor,302.47,321.23,3918.7,163.78,68,L,0
M-GAS-283,Industrial Gas Turbine Compressor,297.57,326.86,5808.0,147.81,153,M,0
M-GAS-284,Industrial Gas Turbine Compressor,298.44,320.55,5990.0,155.08,211,M,0
M-GAS-285,Industrial Gas Turbine Compressor,295.49,315.62,4662.5,156.2,184,L,0
M-GAS-286,Industrial Gas Turbine Compressor,295.33,322.34,3711.2,124.73,68,L,0
M-GAS-287,Industrial Gas Turbine Compressor,297.23,333.45,4277.7,178.55,188,L,0
M-GAS-288,Industrial Gas Turbine Compressor,295.05,329.96,5709.2,93.97,74,M,0
M-GAS-289,Industrial Gas Turbine Compressor,304.34,325.85,4582.4,94.11,50,L,0
M-GAS-290,Industrial Gas Turbine Compressor,295.88,327.68,5743.8,100.87,216,H,0
M-GAS-291,Industrial Gas Turbine Compressor,301.04,318.28,5207.9,110.12,165,M,0
M-GAS-292,Industrial Gas Turbine Compressor,296.71,329.83,3907.9,146.24,89,M,0
M-GAS-293,Industrial Gas Turbine Compressor,296.28,323.51,3741.6,154.84,115,L,0
M-GAS-294,Industrial Gas Turbine Compressor,303.92,318.93,4841.5,88.77,147,L,0
M-GAS-295,Industrial Gas Turbine Compressor,301.59,327.49,3847.6,117.8,75,L,0
M-GAS-296,Industrial Gas Turbine Compressor,300.04,329.18,3746.8,112.44,133,H,0
M-GAS-297,Industrial Gas Turbine Compressor,298.41,331.07,5691.9,131.82,163,H,0
M-GAS-298,Industrial Gas Turbine Compressor,303.79,315.26,5834.3,128.92,135,L,0
M-GAS-299,Industrial Gas Turbine Compressor,295.24,326.63,4646.8,101.93,157,M,0
M-GAS-300,Industrial Gas Turbine Compressor,302.27,315.01,5810.6,96.45,108,M,0
M-GAS-301,Industrial Gas Turbine Compressor,295.38,317.46,5959.0,111.52,78,H,0
M-GAS-302,Industrial Gas Turbine Compressor,302.19,332.09,3770.9,82.09,105,H,0
M-GAS-303,Industrial Gas Turbine Compressor,296.03,323.63,3689.8,131.59,113,L,0
M-GAS-304,Industrial Gas Turbine Compressor,304.06,326.34,4063.3,118.11,152,L,0
M-GAS-305,Industrial Gas Turbine Compressor,299.52,332.13,5832.3,113.59,190,H,0
M-GAS-306,Industrial Gas Turbine Compressor,297.0,323.27,3618.6,167.66,89,M,0
M-GAS-307,Industrial Gas Turbine Compressor,301.06,328.84,4149.2,166.91,192,M,0
M-GAS-308,Industrial Gas Turbine Compressor,295.67,324.29,5462.2,141.45,258,M,0
M-GAS-309,Industrial Gas Turbine Compressor,296.18,315.27,3909.7,149.8,247,M,0
M-GAS-310,Industrial Gas Turbine Compressor,299.96,323.42,4231.6,103.13,84,H,0
M-GAS-311,Industrial Gas Turbine Compressor,295.55,318.96,3027.6,142.73,129,L,0
M-GAS-312,Industrial Gas Turbine Compressor,296.94,321.92,4073.5,80.85,259,H,0
M-GAS-313,Industrial Gas Turbine Compressor,304.4,332.84,4606.6,134.36,213,M,0
M-GAS-314,Industrial Gas Turbine Compressor,301.47,315.9,3162.1,125.72,187,L,0
M-GAS-315,Industrial Gas Turbine Compressor,296.05,331.45,3630.1,119.41,129,M,0
M-GAS-316,Industrial Gas Turbine Compressor,296.5,325.07,5404.9,124.15,172,L,0
M-GAS-317,Industrial Gas Turbine Compressor,302.06,324.81,3773.1,168.49,194,M,0
M-GAS-318,Industrial Gas Turbine Compressor,297.69,331.06,3132.4,179.21,82,L,0
M-GAS-319,Industrial Gas Turbine Compressor,298.95,324.84,5642.0,121.29,184,H,0
M-GAS-320,Industrial Gas Turbine Compressor,295.02,319.9,5041.7,92.13,78,M,0
M-GAS-321,Industrial Gas Turbine Compressor,301.48,329.24,3535.4,87.96,285,M,0
M-GAS-322,Industrial Gas Turbine Compressor,303.53,332.27,5317.6,96.88,255,L,0
M-GAS-323,Industrial Gas Turbine Compressor,300.97,321.74,3787.5,92.19,177,M,0
M-GAS-324,Industrial Gas Turbine Compressor,298.59,324.51,4090.5,144.1,275,H,0
M-GAS-325,Industrial Gas Turbine Compressor,298.81,317.82,4874.8,152.89,282,M,0
M-GAS-326,Industrial Gas Turbine Compressor,304.5,316.27,4809.0,85.71,273,M,0
M-GAS-327,Industrial Gas Turbine Compressor,301.69,331.63,3450.9,83.86,269,M,0
M-GAS-328,Industrial Gas Turbine Compressor,296.29,324.37,4794.9,83.1,118,H,0
M-GAS-329,Industrial Gas Turbine Compressor,299.2,332.9,5948.0,143.7,90,L,0
M-GAS-330,Industrial Gas Turbine Compressor,300.16,318.07,5765.2,155.75,232,L,0
M-GAS-331,Industrial Gas Turbine Compressor,297.0,319.22,5064.9,101.97,159,L,0
M-GAS-332,Industrial Gas Turbine Compressor,302.84,324.07,5376.6,163.86,213,M,0
M-GAS-333,Industrial Gas Turbine Compressor,297.74,321.3,3350.4,107.32,102,M,0
M-GAS-334,Industrial Gas Turbine Compressor,304.08,317.09,5160.8,148.73,73,L,0
M-GAS-335,Industrial Gas Turbine Compressor,300.68,322.27,5269.6,105.74,223,H,0
M-GAS-336,Industrial Gas Turbine Compressor,303.39,323.96,4910.1,102.12,219,L,0
M-GAS-337,Industrial Gas Turbine Compressor,299.73,327.35,4369.0,169.41,174,L,0
M-GAS-338,Industrial Gas Turbine Compressor,303.01,323.21,3690.3,120.61,256,M,0
M-GAS-339,Industrial Gas Turbine Compressor,300.24,331.12,4060.4,144.22,111,H,0
M-GAS-340,Industrial Gas Turbine Compressor,302.94,316.98,3814.1,165.51,136,L,0
M-GAS-341,Industrial Gas Turbine Compressor,304.8,320.37,3122.9,150.51,162,H,0
M-GAS-342,Industrial Gas Turbine Compressor,302.08,315.62,5610.6,93.87,81,H,0
M-GAS-343,Industrial Gas Turbine Compressor,304.6,328.86,5404.1,119.76,134,M,0
M-GAS-344,Industrial Gas Turbine Compressor,299.81,326.04,4895.3,105.71,287,H,0
M-GAS-345,Industrial Gas Turbine Compressor,304.66,315.3,4443.4,113.34,162,M,0
M-GAS-346,Industrial Gas Turbine Compressor,299.36,323.3,5198.2,148.59,258,M,0
M-GAS-347,Industrial Gas Turbine Compressor,301.1,326.7,4109.2,128.61,128,H,0
M-GAS-348,Industrial Gas Turbine Compressor,297.14,317.11,5049.2,146.07,287,L,0
M-GAS-349,Industrial Gas Turbine Compressor,295.52,332.68,5588.0,124.33,196,L,0
M-GAS-350,Industrial Gas Turbine Compressor,300.32,333.11,3249.1,99.11,160,M,0
M-GAS-351,Industrial Gas Turbine Compressor,303.16,334.77,4166.6,84.74,250,M,0
M-GAS-352,Industrial Gas Turbine Compressor,296.99,324.9,5226.9,157.04,174,M,0
M-GAS-353,Industrial Gas Turbine Compressor,304.74,328.27,4224.7,108.05,232,M,0
M-GAS-354,Industrial Gas Turbine Compressor,296.72,325.6,3870.0,142.89,79,M,0
M-GAS-355,Industrial Gas Turbine Compressor,297.83,315.0,3380.8,173.36,266,M,0
M-GAS-356,Industrial Gas Turbine Compressor,302.78,327.17,5912.7,117.36,220,H,0
M-GAS-357,Industrial Gas Turbine Compressor,298.96,334.28,4616.9,108.79,80,L,0
M-GAS-358,Industrial Gas Turbine Compressor,301.45,322.48,5852.8,82.22,125,L,0
M-GAS-359,Industrial Gas Turbine Compressor,298.21,320.05,4602.7,162.38,75,L,0
M-GAS-360,Industrial Gas Turbine Compressor,302.95,318.63,5136.0,118.5,150,L,0
M-GAS-361,Industrial Gas Turbine Compressor,304.63,317.53,4261.9,128.09,144,M,0
M-GAS-362,Industrial Gas Turbine Compressor,295.52,328.71,4308.6,99.48,254,L,0
M-GAS-363,Industrial Gas Turbine Compressor,299.86,320.97,4914.3,108.82,109,L,0
M-GAS-364,Industrial Gas Turbine Compressor,295.4,316.9,3020.4,95.29,67,L,0
M-GAS-365,Industrial Gas Turbine Compressor,297.89,317.99,3723.0,173.61,180,M,0
M-GAS-366,Industrial Gas Turbine Compressor,303.73,322.9,4005.0,100.73,144,M,0
M-GAS-367,Industrial Gas Turbine Compressor,301.77,320.79,4731.6,86.59,97,M,0
M-GAS-368,Industrial Gas Turbine Compressor,304.37,322.55,4992.2,105.51,81,H,0
M-GAS-369,Industrial Gas Turbine Compressor,298.05,318.15,3522.0,156.08,53,M,0
M-GAS-370,Industrial Gas Turbine Compressor,298.79,325.13,4688.5,111.34,123,L,0
M-GAS-371,Industrial Gas Turbine Compressor,303.71,318.85,3292.9,169.78,137,M,0
M-GAS-372,Industrial Gas Turbine Compressor,298.6,317.52,4768.0,132.51,100,M,0
M-GAS-373,Industrial Gas Turbine Compressor,302.97,326.81,3290.8,134.8,225,L,0
M-GAS-374,Industrial Gas Turbine Compressor,301.29,318.05,5130.5,147.73,56,M,0
M-GAS-375,Industrial Gas Turbine Compressor,298.33,328.39,3648.4,139.09,278,L,0
M-GAS-376,Industrial Gas Turbine Compressor,304.21,334.57,3032.0,142.27,153,L,0
M-GAS-377,Industrial Gas Turbine Compressor,297.52,334.62,4841.1,159.35,71,H,0
M-GAS-378,Industrial Gas Turbine Compressor,302.58,315.44,5450.6,81.39,214,M,0
M-GAS-379,Industrial Gas Turbine Compressor,301.11,328.92,4027.4,90.8,67,M,0
M-GAS-380,Industrial Gas Turbine Compressor,300.21,329.84,4529.2,122.24,149,H,0
M-GAS-381,Industrial Gas Turbine Compressor,298.36,334.52,5620.7,112.94,196,L,0
M-GAS-382,Industrial Gas Turbine Compressor,299.41,315.36,3223.5,131.04,292,M,0
M-GAS-383,Industrial Gas Turbine Compressor,295.71,318.79,5314.0,164.14,204,M,0
M-GAS-384,Industrial Gas Turbine Compressor,295.28,331.57,5364.8,105.9,227,M,0
M-GAS-385,Industrial Gas Turbine Compressor,295.4,319.02,3535.9,113.77,154,M,0
M-GAS-386,Industrial Gas Turbine Compressor,299.77,320.41,3087.5,140.51,148,M,0
M-GAS-387,Industrial Gas Turbine Compressor,303.67,329.93,5573.3,129.5,82,M,0
M-GAS-388,Industrial Gas Turbine Compressor,297.06,323.82,3195.0,162.53,81,L,0
M-GAS-389,Industrial Gas Turbine Compressor,303.64,324.29,5233.1,141.94,250,M,0
M-GAS-390,Industrial Gas Turbine Compressor,302.86,324.25,5822.9,128.64,165,L,0
M-GAS-391,Industrial Gas Turbine Compressor,303.22,326.09,3539.4,126.78,292,L,0
M-GAS-392,Industrial Gas Turbine Compressor,303.11,315.66,4403.6,144.66,257,H,0
M-GAS-393,Industrial Gas Turbine Compressor,303.52,325.97,3591.9,111.73,120,M,0
M-GAS-394,Industrial Gas Turbine Compressor,295.52,318.17,5438.1,93.26,108,M,0
M-GAS-395,Industrial Gas Turbine Compressor,300.17,330.27,4342.0,158.99,204,H,0
M-GAS-396,Industrial Gas Turbine Compressor,296.56,323.74,4190.7,154.35,195,M,0
M-GAS-397,Industrial Gas Turbine Compressor,296.71,319.54,4726.5,122.34,178,H,0
M-GAS-398,Industrial Gas Turbine Compressor,301.63,332.05,3773.8,129.15,293,M,0
M-GAS-399,Industrial Gas Turbine Compressor,300.95,316.8,4818.0,88.96,289,L,0
M-GAS-400,Industrial Gas Turbine Compressor,302.88,329.08,4769.2,124.99,264,L,0
M-GAS-F1-001,Industrial Gas Turbine Compressor,310.99,352.11,4750.0,133.84,136,M,1
M-GAS-F1-002,Industrial Gas Turbine Compressor,307.03,343.14,4529.2,118.0,135,L,1
M-GAS-F1-003,Industrial Gas Turbine Compressor,309.8,345.88,3400.5,84.8,197,M,1
M-GAS-F1-004,Industrial Gas Turbine Compressor,313.09,341.95,4715.5,105.36,93,H,1
M-GAS-F1-005,Industrial Gas Turbine Compressor,308.04,344.02,3350.6,178.59,108,H,1
M-GAS-F1-006,Industrial Gas Turbine Compressor,308.59,347.64,3192.1,166.24,232,M,1
M-GAS-F1-007,Industrial Gas Turbine Compressor,310.6,340.29,4922.1,121.39,101,M,1
M-GAS-F1-008,Industrial Gas Turbine Compressor,312.23,345.41,3539.0,148.91,157,L,1
M-GAS-F1-009,Industrial Gas Turbine Compressor,307.94,350.21,5020.6,91.5,182,M,1
M-GAS-F1-010,Industrial Gas Turbine Compressor,314.56,341.84,4928.5,118.2,231,M,1
M-GAS-F1-011,Industrial Gas Turbine Compressor,314.7,351.72,3811.1,160.35,239,M,1
M-GAS-F1-012,Industrial Gas Turbine Compressor,310.49,346.76,3884.8,81.53,91,M,1
M-GAS-F1-013,Industrial Gas Turbine Compressor,310.55,342.22,5619.8,150.49,66,M,1
M-GAS-F1-014,Industrial Gas Turbine Compressor,312.23,352.43,3009.1,104.79,226,L,1
M-GAS-F1-015,Industrial Gas Turbine Compressor,312.76,349.95,3274.4,131.39,94,H,1
M-GAS-F1-016,Industrial Gas Turbine Compressor,313.48,341.76,4406.0,173.86,85,L,1
M-GAS-F1-017,Industrial Gas Turbine Compressor,314.95,347.22,3510.4,111.61,130,M,1
M-GAS-F1-018,Industrial Gas Turbine Compressor,309.25,352.64,3460.1,153.33,50,M,1
M-GAS-F1-019,Industrial Gas Turbine Compressor,314.33,343.74,3556.6,145.17,185,M,1
M-GAS-F1-020,Industrial Gas Turbine Compressor,309.55,343.28,5867.8,172.33,136,L,1
M-GAS-F2-001,Industrial Gas Turbine Compressor,301.88,330.03,3376.2,274.89,152,H,1
M-GAS-F2-002,Industrial Gas Turbine Compressor,301.77,339.32,4632.1,299.31,222,H,1
M-GAS-F2-003,Industrial Gas Turbine Compressor,303.24,339.47,4299.2,262.9,75,L,1
M-GAS-F2-004,Industrial Gas Turbine Compressor,302.12,341.83,4406.0,303.88,202,M,1
M-GAS-F2-005,Industrial Gas Turbine Compressor,301.17,332.35,4927.3,268.72,123,H,1
M-GAS-F2-006,Industrial Gas Turbine Compressor,307.89,321.37,4555.7,273.34,127,M,1
M-GAS-F2-007,Industrial Gas Turbine Compressor,296.87,334.44,4852.9,321.9,82,L,1
M-GAS-F2-008,Industrial Gas Turbine Compressor,304.53,341.93,4164.7,288.42,224,L,1
M-GAS-F2-009,Industrial Gas Turbine Compressor,301.83,326.13,3943.6,270.37,104,M,1
M-GAS-F2-010,Industrial Gas Turbine Compressor,307.19,320.82,4626.3,245.22,115,H,1
M-GAS-F2-011,Industrial Gas Turbine Compressor,299.51,338.98,5124.0,250.92,138,M,1
M-GAS-F2-012,Industrial Gas Turbine Compressor,307.36,338.83,4231.4,303.48,210,H,1
M-GAS-F2-013,Industrial Gas Turbine Compressor,301.24,342.59,4776.8,288.51,150,M,1
M-GAS-F2-014,Industrial Gas Turbine Compressor,302.77,336.04,4004.1,308.56,213,H,1
M-GAS-F2-015,Industrial Gas Turbine Compressor,301.87,329.61,4649.9,254.23,171,L,1
M-GAS-F2-016,Industrial Gas Turbine Compressor,301.44,342.69,5383.6,237.41,94,L,1
M-GAS-F2-017,Industrial Gas Turbine Compressor,308.46,321.54,3036.0,243.85,239,H,1
M-GAS-F2-018,Industrial Gas Turbine Compressor,302.53,341.06,3049.0,295.73,102,L,1
M-GAS-F2-019,Industrial Gas Turbine Compressor,299.68,336.86,4618.1,250.91,56,M,1
M-GAS-F2-020,Industrial Gas Turbine Compressor,299.76,340.03,4920.9,278.47,165,M,1
M-GAS-F3-001,Industrial Gas Turbine Compressor,303.27,323.5,8026.3,217.08,151,M,1
M-GAS-F3-002,Industrial Gas Turbine Compressor,299.4,316.82,9355.8,213.39,87,M,1
M-GAS-F3-003,Industrial Gas Turbine Compressor,297.28,326.68,8314.4,230.32,152,M,1
M-GAS-F3-004,Industrial Gas Turbine Compressor,296.56,332.61,8501.2,227.67,56,M,1
M-GAS-F3-005,Industrial Gas Turbine Compressor,300.54,326.18,9321.1,210.78,97,L,1
M-GAS-F3-006,Industrial Gas Turbine Compressor,304.47,317.72,8692.9,213.42,61,M,1
M-GAS-F3-007,Industrial Gas Turbine Compressor,296.44,329.2,8801.2,208.36,51,L,1
M-GAS-F3-008,Industrial Gas Turbine Compressor,296.76,327.12,8210.8,240.15,109,H,1
M-GAS-F3-009,Industrial Gas Turbine Compressor,297.23,318.76,8484.1,245.4,100,H,1
M-GAS-F3-010,Industrial Gas Turbine Compressor,300.19,327.12,10088.6,240.44,139,M,1
M-GAS-F3-011,Industrial Gas Turbine Compressor,304.28,331.57,8168.9,215.08,99,M,1
M-GAS-F3-012,Industrial Gas Turbine Compressor,302.44,325.06,7403.4,250.1,203,M,1
M-GAS-F3-013,Industrial Gas Turbine Compressor,301.64,323.53,9867.4,258.86,149,M,1
M-GAS-F3-014,Industrial Gas Turbine Compressor,303.83,324.91,8139.8,252.26,91,M,1
M-GAS-F3-015,Industrial Gas Turbine Compressor,303.66,329.49,8411.4,213.46,117,M,1
M-GAS-F3-016,Industrial Gas Turbine Compressor,296.76,329.87,7956.2,230.7,123,L,1
M-GAS-F3-017,Industrial Gas Turbine Compressor,298.91,316.6,7469.5,240.53,163,M,1
M-GAS-F3-018,Industrial Gas Turbine Compressor,299.32,316.08,8749.6,234.34,78,H,1
M-GAS-F3-019,Industrial Gas Turbine Compressor,296.24,317.02,9029.1,212.15,97,H,1
M-GAS-F3-020,Industrial Gas Turbine Compressor,304.58,332.09,7891.5,221.58,89,M,1
M-GAS-F4-001,Industrial Gas Turbine Compressor,295.2,328.43,4569.5,203.03,327,L,1
M-GAS-F4-002,Industrial Gas Turbine Compressor,302.92,317.54,4195.7,109.78,334,M,1
M-GAS-F4-003,Industrial Gas Turbine Compressor,300.56,323.23,5843.2,104.18,388,M,1
M-GAS-F4-004,Industrial Gas Turbine Compressor,302.73,321.78,3429.2,197.81,338,M,1
M-GAS-F4-005,Industrial Gas Turbine Compressor,300.66,324.44,4487.5,181.73,321,M,1
M-GAS-F4-006,Industrial Gas Turbine Compressor,303.96,316.16,3422.0,179.73,347,M,1
M-GAS-F4-007,Industrial Gas Turbine Compressor,296.37,325.14,3379.6,149.01,372,M,1
M-GAS-F4-008,Industrial Gas Turbine Compressor,299.81,334.84,5060.0,195.69,346,L,1
M-GAS-F4-009,Industrial Gas Turbine Compressor,295.41,317.46,3609.2,139.45,378,M,1
M-GAS-F4-010,Industrial Gas Turbine Compressor,301.55,329.19,4758.5,133.73,358,M,1
M-GAS-F4-011,Industrial Gas Turbine Compressor,295.84,334.86,3381.5,97.26,380,M,1
M-GAS-F4-012,Industrial Gas Turbine Compressor,301.5,321.58,4174.4,121.55,340,M,1
M-GAS-F4-013,Industrial Gas Turbine Compressor,302.2,325.23,5830.7,93.36,352,M,1
M-GAS-F4-014,Industrial Gas Turbine Compressor,304.2,315.98,4720.5,197.26,333,L,1
M-GAS-F4-015,Industrial Gas Turbine Compressor,295.19,329.65,5799.3,172.12,347,H,1
M-GAS-F4-016,Industrial Gas Turbine Compressor,304.2,324.41,3087.0,176.3,351,H,1
M-GAS-F4-017,Industrial Gas Turbine Compressor,297.14,316.29,4722.9,167.62,352,L,1
M-GAS-F4-018,Industrial Gas Turbine Compressor,303.61,327.31,3038.3,176.99,346,M,1
M-GAS-F4-019,Industrial Gas Turbine Compressor,301.49,322.0,5751.3,105.15,365,H,1
M-GAS-F4-020,Industrial Gas Turbine Compressor,304.25,317.25,3284.7,130.62,343,M,1
M-GAS-F5-001,Industrial Gas Turbine Compressor,308.93,342.54,6661.5,232.89,350,M,1
M-GAS-F5-002,Industrial Gas Turbine Compressor,309.62,344.58,7159.8,215.07,323,L,1
M-GAS-F5-003,Industrial Gas Turbine Compressor,310.9,342.95,6617.5,218.34,326,M,1
M-GAS-F5-004,Industrial Gas Turbine Compressor,306.38,346.55,7257.2,280.92,349,L,1
M-GAS-F5-005,Industrial Gas Turbine Compressor,309.03,344.01,7748.4,257.93,337,L,1
M-GAS-F5-006,Industrial Gas Turbine Compressor,309.66,345.22,8170.4,224.47,314,M,1
M-GAS-F5-007,Industrial Gas Turbine Compressor,308.57,345.63,7398.8,253.24,336,H,1
M-GAS-F5-008,Industrial Gas Turbine Compressor,309.08,345.62,6883.5,255.14,339,H,1
M-GAS-F5-009,Industrial Gas Turbine Compressor,306.62,346.84,7308.7,225.42,318,M,1
M-GAS-F5-010,Industrial Gas Turbine Compressor,309.05,344.15,6758.4,279.38,329,M,1
M-GAS-F5-011,Industrial Gas Turbine Compressor,308.31,342.12,8154.4,282.27,325,L,1
M-GAS-F5-012,Industrial Gas Turbine Compressor,309.91,346.45,7042.4,253.73,323,L,1
M-GAS-F5-013,Industrial Gas Turbine Compressor,306.03,343.52,7210.6,233.14,342,L,1
M-GAS-F5-014,Industrial Gas Turbine Compressor,309.05,345.83,7076.3,249.08,332,H,1
M-GAS-F5-015,Industrial Gas Turbine Compressor,308.78,344.29,7665.4,266.64,338,H,1
M-GAS-F5-016,Industrial Gas Turbine Compressor,306.58,343.77,7095.0,213.45,331,M,1
M-GAS-F5-017,Industrial Gas Turbine Compressor,307.64,344.76,7758.8,233.96,347,M,1
M-GAS-F5-018,Industrial Gas Turbine Compressor,309.19,343.43,6620.5,263.42,328,L,1
M-GAS-F5-019,Industrial Gas Turbine Compressor,310.09,343.7,7053.9,223.5,327,M,1
M-GAS-F5-020,Industrial Gas Turbine Compressor,307.48,343.12,6897.7,286.19,315,L,1
M-CONV-001,Conveyor Drive Gearbox (Heavy Load),306.14,313.83,1279.9,94.88,168,M,0
M-CONV-002,Conveyor Drive Gearbox (Heavy Load),300.01,314.52,1098.5,106.36,93,M,0
M-CONV-003,Conveyor Drive Gearbox (Heavy Load),297.84,307.68,902.8,65.94,52,L,0
M-CONV-004,Conveyor Drive Gearbox (Heavy Load),297.39,315.57,918.0,129.72,136,M,0
M-CONV-005,Conveyor Drive Gearbox (Heavy Load),302.18,311.97,1151.4,69.16,249,M,0
M-CONV-006,Conveyor Drive Gearbox (Heavy Load),300.48,316.23,991.1,126.66,129,L,0
M-CONV-007,Conveyor Drive Gearbox (Heavy Load),298.07,318.0,1288.6,76.94,61,M,0
M-CONV-008,Conveyor Drive Gearbox (Heavy Load),306.76,310.34,1064.9,62.4,117,M,0
M-CONV-009,Conveyor Drive Gearbox (Heavy Load),306.53,313.72,1355.3,103.77,38,M,0
M-CONV-010,Conveyor Drive Gearbox (Heavy Load),302.76,319.36,1387.3,78.27,78,M,0
M-CONV-011,Conveyor Drive Gearbox (Heavy Load),306.22,318.08,1319.9,91.42,140,M,0
M-CONV-012,Conveyor Drive Gearbox (Heavy Load),299.53,313.57,724.4,70.54,225,L,0
M-CONV-013,Conveyor Drive Gearbox (Heavy Load),301.23,313.72,996.0,119.26,202,L,0
M-CONV-014,Conveyor Drive Gearbox (Heavy Load),304.23,309.66,970.4,97.59,102,L,0
M-CONV-015,Conveyor Drive Gearbox (Heavy Load),300.29,308.8,1019.2,138.39,79,M,0
M-CONV-016,Conveyor Drive Gearbox (Heavy Load),301.33,307.92,1090.3,116.17,142,L,0
M-CONV-017,Conveyor Drive Gearbox (Heavy Load),299.89,308.12,1449.3,90.26,156,L,0
M-CONV-018,Conveyor Drive Gearbox (Heavy Load),300.24,316.31,808.3,83.3,61,L,0
M-CONV-019,Conveyor Drive Gearbox (Heavy Load),299.23,316.33,1454.6,102.22,148,M,0
M-CONV-020,Conveyor Drive Gearbox (Heavy Load),300.26,313.18,1182.2,138.88,236,L,0
M-CONV-021,Conveyor Drive Gearbox (Heavy Load),305.89,313.08,1226.0,131.61,116,L,0
M-CONV-022,Conveyor Drive Gearbox (Heavy Load),301.16,314.81,1267.8,136.05,83,L,0
M-CONV-023,Conveyor Drive Gearbox (Heavy Load),302.21,310.49,1321.3,104.18,175,M,0
M-CONV-024,Conveyor Drive Gearbox (Heavy Load),301.81,315.03,1023.9,75.87,241,M,0
M-CONV-025,Conveyor Drive Gearbox (Heavy Load),304.34,312.34,984.1,92.57,120,M,0
M-CONV-026,Conveyor Drive Gearbox (Heavy Load),302.43,313.46,807.8,99.69,67,H,0
M-CONV-027,Conveyor Drive Gearbox (Heavy Load),306.33,314.86,1227.6,92.14,229,M,0
M-CONV-028,Conveyor Drive Gearbox (Heavy Load),304.69,311.79,1468.0,125.64,217,H,0
M-CONV-029,Conveyor Drive Gearbox (Heavy Load),299.71,310.71,916.7,128.43,37,H,0
M-CONV-030,Conveyor Drive Gearbox (Heavy Load),299.74,309.6,885.5,123.84,153,H,0
M-CONV-031,Conveyor Drive Gearbox (Heavy Load),301.29,312.3,791.2,114.09,184,L,0
M-CONV-032,Conveyor Drive Gearbox (Heavy Load),304.28,307.0,1463.1,125.14,228,H,0
M-CONV-033,Conveyor Drive Gearbox (Heavy Load),306.34,317.53,1369.8,67.46,192,L,0
M-CONV-034,Conveyor Drive Gearbox (Heavy Load),303.79,314.42,1456.5,95.43,161,M,0
M-CONV-035,Conveyor Drive Gearbox (Heavy Load),306.33,307.99,1100.9,114.96,204,M,0
M-CONV-036,Conveyor Drive Gearbox (Heavy Load),306.09,319.25,751.5,92.19,35,M,0
M-CONV-037,Conveyor Drive Gearbox (Heavy Load),302.37,318.84,1377.2,70.2,50,M,0
M-CONV-038,Conveyor Drive Gearbox (Heavy Load),302.32,310.46,1419.6,134.19,118,L,0
M-CONV-039,Conveyor Drive Gearbox (Heavy Load),300.84,316.58,1080.8,69.81,234,M,0
M-CONV-040,Conveyor Drive Gearbox (Heavy Load),304.34,311.77,715.1,68.04,139,M,0
M-CONV-041,Conveyor Drive Gearbox (Heavy Load),300.35,316.04,1258.9,116.31,138,L,0
M-CONV-042,Conveyor Drive Gearbox (Heavy Load),301.89,312.85,859.5,84.61,39,M,0
M-CONV-043,Conveyor Drive Gearbox (Heavy Load),299.49,310.95,1316.7,86.18,83,H,0
M-CONV-044,Conveyor Drive Gearbox (Heavy Load),304.75,308.69,1063.0,100.55,181,M,0
M-CONV-045,Conveyor Drive Gearbox (Heavy Load),305.11,307.58,937.2,82.41,62,M,0
M-CONV-046,Conveyor Drive Gearbox (Heavy Load),300.1,313.78,1231.0,90.49,188,M,0
M-CONV-047,Conveyor Drive Gearbox (Heavy Load),299.9,314.04,719.0,66.38,121,L,0
M-CONV-048,Conveyor Drive Gearbox (Heavy Load),304.22,308.15,1377.1,118.58,164,L,0
M-CONV-049,Conveyor Drive Gearbox (Heavy Load),301.04,309.88,1109.6,103.91,148,M,0
M-CONV-050,Conveyor Drive Gearbox (Heavy Load),306.49,318.73,1400.6,124.11,237,H,0
M-CONV-051,Conveyor Drive Gearbox (Heavy Load),299.65,313.44,1377.2,100.41,194,H,0
M-CONV-052,Conveyor Drive Gearbox (Heavy Load),299.52,316.51,831.8,88.11,88,M,0
M-CONV-053,Conveyor Drive Gearbox (Heavy Load),304.08,311.78,1144.2,67.99,207,M,0
M-CONV-054,Conveyor Drive Gearbox (Heavy Load),303.49,316.43,867.7,130.77,165,M,0
M-CONV-055,Conveyor Drive Gearbox (Heavy Load),298.82,319.25,1304.1,76.64,104,L,0
M-CONV-056,Conveyor Drive Gearbox (Heavy Load),303.96,316.96,1053.0,117.32,115,M,0
M-CONV-057,Conveyor Drive Gearbox (Heavy Load),303.33,319.69,948.5,96.88,178,M,0
M-CONV-058,Conveyor Drive Gearbox (Heavy Load),305.43,316.9,746.6,139.87,195,L,0
M-CONV-059,Conveyor Drive Gearbox (Heavy Load),303.51,318.13,789.9,87.82,222,M,0
M-CONV-060,Conveyor Drive Gearbox (Heavy Load),297.78,317.25,1368.4,73.01,217,M,0
M-CONV-061,Conveyor Drive Gearbox (Heavy Load),302.2,317.79,1035.4,75.52,92,M,0
M-CONV-062,Conveyor Drive Gearbox (Heavy Load),302.31,317.47,1333.1,106.51,201,H,0
M-CONV-063,Conveyor Drive Gearbox (Heavy Load),297.5,318.36,760.4,79.74,182,M,0
M-CONV-064,Conveyor Drive Gearbox (Heavy Load),305.76,310.87,709.5,84.05,157,M,0
M-CONV-065,Conveyor Drive Gearbox (Heavy Load),302.35,318.4,1430.0,81.28,131,M,0
M-CONV-066,Conveyor Drive Gearbox (Heavy Load),306.49,319.98,888.3,118.16,113,H,0
M-CONV-067,Conveyor Drive Gearbox (Heavy Load),297.09,312.99,1090.7,61.81,181,M,0
M-CONV-068,Conveyor Drive Gearbox (Heavy Load),302.6,310.91,833.7,92.57,81,M,0
M-CONV-069,Conveyor Drive Gearbox (Heavy Load),298.99,313.61,825.9,113.68,195,H,0
M-CONV-070,Conveyor Drive Gearbox (Heavy Load),301.68,307.92,1178.5,81.15,146,M,0
M-CONV-071,Conveyor Drive Gearbox (Heavy Load),306.24,314.14,1166.4,92.13,238,L,0
M-CONV-072,Conveyor Drive Gearbox (Heavy Load),299.85,317.97,1045.9,126.29,211,H,0
M-CONV-073,Conveyor Drive Gearbox (Heavy Load),304.01,310.78,938.0,83.71,189,M,0
M-CONV-074,Conveyor Drive Gearbox (Heavy Load),297.01,316.3,836.9,68.36,82,M,0
M-CONV-075,Conveyor Drive Gearbox (Heavy Load),301.76,307.58,1476.5,117.29,101,M,0
M-CONV-076,Conveyor Drive Gearbox (Heavy Load),301.49,315.14,817.1,75.11,219,M,0
M-CONV-077,Conveyor Drive Gearbox (Heavy Load),300.8,318.33,1230.5,87.34,180,H,0
M-CONV-078,Conveyor Drive Gearbox (Heavy Load),304.36,313.33,1350.5,136.37,233,L,0
M-CONV-079,Conveyor Drive Gearbox (Heavy Load),302.12,311.68,1072.0,115.19,224,M,0
M-CONV-080,Conveyor Drive Gearbox (Heavy Load),306.18,317.6,1483.1,130.42,91,H,0
M-CONV-081,Conveyor Drive Gearbox (Heavy Load),298.12,310.79,1191.3,124.35,227,M,0
M-CONV-082,Conveyor Drive Gearbox (Heavy Load),297.06,309.42,779.8,89.07,140,H,0
M-CONV-083,Conveyor Drive Gearbox (Heavy Load),300.48,309.33,1217.7,97.14,138,M,0
M-CONV-084,Conveyor Drive Gearbox (Heavy Load),306.56,309.79,1113.3,118.88,152,L,0
M-CONV-085,Conveyor Drive Gearbox (Heavy Load),300.78,313.03,770.8,108.72,93,H,0
M-CONV-086,Conveyor Drive Gearbox (Heavy Load),302.45,313.92,760.7,115.86,167,H,0
M-CONV-087,Conveyor Drive Gearbox (Heavy Load),301.69,316.36,1123.5,91.64,100,M,0
M-CONV-088,Conveyor Drive Gearbox (Heavy Load),306.39,315.73,759.8,96.85,225,H,0
M-CONV-089,Conveyor Drive Gearbox (Heavy Load),306.89,319.34,762.6,134.67,109,L,0
M-CONV-090,Conveyor Drive Gearbox (Heavy Load),301.18,312.73,1207.4,121.96,37,M,0
M-CONV-091,Conveyor Drive Gearbox (Heavy Load),298.87,311.5,978.4,97.52,103,H,0
M-CONV-092,Conveyor Drive Gearbox (Heavy Load),298.46,307.43,1076.2,136.36,55,L,0
M-CONV-093,Conveyor Drive Gearbox (Heavy Load),304.33,315.29,1216.2,126.14,53,M,0
M-CONV-094,Conveyor Drive Gearbox (Heavy Load),303.97,314.63,1366.2,65.78,181,M,0
M-CONV-095,Conveyor Drive Gearbox (Heavy Load),300.79,311.42,1196.7,131.28,139,L,0
M-CONV-096,Conveyor Drive Gearbox (Heavy Load),301.02,308.33,749.2,64.11,113,M,0
M-CONV-097,Conveyor Drive Gearbox (Heavy Load),304.18,316.66,740.7,77.69,90,M,0
M-CONV-098,Conveyor Drive Gearbox (Heavy Load),298.45,308.74,1455.0,124.34,69,M,0
M-CONV-099,Conveyor Drive Gearbox (Heavy Load),300.56,317.28,1108.2,70.23,192,M,0
M-CONV-100,Conveyor Drive Gearbox (Heavy Load),299.63,311.88,1098.2,87.45,83,M,0
M-CONV-101,Conveyor Drive Gearbox (Heavy Load),297.19,317.04,836.8,63.51,173,L,0
M-CONV-102,Conveyor Drive Gearbox (Heavy Load),305.14,313.42,864.3,118.98,183,M,0
M-CONV-103,Conveyor Drive Gearbox (Heavy Load),306.03,308.36,1486.2,128.82,181,L,0
M-CONV-104,Conveyor Drive Gearbox (Heavy Load),304.22,309.48,1053.7,65.72,115,L,0
M-CONV-105,Conveyor Drive Gearbox (Heavy Load),300.86,311.29,1176.3,129.78,40,M,0
M-CONV-106,Conveyor Drive Gearbox (Heavy Load),298.58,316.04,784.6,113.18,92,H,0
M-CONV-107,Conveyor Drive Gearbox (Heavy Load),306.36,307.24,1050.2,61.73,136,M,0
M-CONV-108,Conveyor Drive Gearbox (Heavy Load),300.22,308.72,1001.1,113.78,202,M,0
M-CONV-109,Conveyor Drive Gearbox (Heavy Load),302.9,309.61,929.9,72.95,84,M,0
M-CONV-110,Conveyor Drive Gearbox (Heavy Load),302.19,314.31,1456.0,75.65,171,L,0
M-CONV-111,Conveyor Drive Gearbox (Heavy Load),302.6,310.32,910.0,63.14,97,L,0
M-CONV-112,Conveyor Drive Gearbox (Heavy Load),297.48,309.85,1265.0,122.61,130,M,0
M-CONV-113,Conveyor Drive Gearbox (Heavy Load),300.88,309.08,1018.5,106.4,238,H,0
M-CONV-114,Conveyor Drive Gearbox (Heavy Load),302.07,311.28,1106.6,61.92,98,L,0
M-CONV-115,Conveyor Drive Gearbox (Heavy Load),302.54,312.86,928.4,83.84,114,L,0
M-CONV-116,Conveyor Drive Gearbox (Heavy Load),306.67,312.7,1014.7,127.72,123,M,0
M-CONV-117,Conveyor Drive Gearbox (Heavy Load),299.31,316.67,1125.6,124.72,201,M,0
M-CONV-118,Conveyor Drive Gearbox (Heavy Load),304.16,317.4,976.9,73.81,30,M,0
M-CONV-119,Conveyor Drive Gearbox (Heavy Load),300.52,314.21,850.4,128.77,86,M,0
M-CONV-120,Conveyor Drive Gearbox (Heavy Load),301.81,313.49,872.1,81.75,67,L,0
M-CONV-121,Conveyor Drive Gearbox (Heavy Load),304.7,313.01,1271.3,118.87,60,L,0
M-CONV-122,Conveyor Drive Gearbox (Heavy Load),305.21,309.66,848.9,70.05,60,L,0
M-CONV-123,Conveyor Drive Gearbox (Heavy Load),301.7,317.18,1297.0,108.37,181,H,0
M-CONV-124,Conveyor Drive Gearbox (Heavy Load),300.12,315.29,707.5,62.64,217,M,0
M-CONV-125,Conveyor Drive Gearbox (Heavy Load),299.65,315.94,1334.0,84.54,37,L,0
M-CONV-126,Conveyor Drive Gearbox (Heavy Load),300.45,308.38,1093.5,121.48,78,M,0
M-CONV-127,Conveyor Drive Gearbox (Heavy Load),299.43,319.89,857.9,106.04,233,H,0
M-CONV-128,Conveyor Drive Gearbox (Heavy Load),306.71,319.32,1407.7,77.16,169,L,0
M-CONV-129,Conveyor Drive Gearbox (Heavy Load),306.86,309.35,1312.8,87.1,68,M,0
M-CONV-130,Conveyor Drive Gearbox (Heavy Load),304.94,313.04,1130.0,139.61,117,M,0
M-CONV-131,Conveyor Drive Gearbox (Heavy Load),300.65,312.11,1256.5,135.03,149,L,0
M-CONV-132,Conveyor Drive Gearbox (Heavy Load),297.89,309.75,1101.7,61.6,85,M,0
M-CONV-133,Conveyor Drive Gearbox (Heavy Load),297.15,310.44,1111.2,105.85,233,M,0
M-CONV-134,Conveyor Drive Gearbox (Heavy Load),301.15,319.09,1327.9,76.0,58,M,0
M-CONV-135,Conveyor Drive Gearbox (Heavy Load),302.6,317.27,1291.0,110.02,247,M,0
M-CONV-136,Conveyor Drive Gearbox (Heavy Load),298.13,317.77,901.5,122.18,240,M,0
M-CONV-137,Conveyor Drive Gearbox (Heavy Load),302.96,312.99,991.5,88.24,170,L,0
M-CONV-138,Conveyor Drive Gearbox (Heavy Load),303.79,309.58,1095.2,123.33,134,M,0
M-CONV-139,Conveyor Drive Gearbox (Heavy Load),304.71,315.6,1027.5,131.63,65,L,0
M-CONV-140,Conveyor Drive Gearbox (Heavy Load),298.19,307.19,1412.0,79.6,190,L,0
M-CONV-141,Conveyor Drive Gearbox (Heavy Load),305.59,319.89,935.2,116.82,55,M,0
M-CONV-142,Conveyor Drive Gearbox (Heavy Load),305.48,311.78,1172.9,100.3,172,L,0
M-CONV-143,Conveyor Drive Gearbox (Heavy Load),297.56,314.46,1390.4,98.51,47,M,0
M-CONV-144,Conveyor Drive Gearbox (Heavy Load),300.32,309.01,1379.2,101.73,235,L,0
M-CONV-145,Conveyor Drive Gearbox (Heavy Load),303.93,307.07,1042.3,75.8,230,H,0
M-CONV-146,Conveyor Drive Gearbox (Heavy Load),299.86,313.72,910.7,76.79,161,H,0
M-CONV-147,Conveyor Drive Gearbox (Heavy Load),297.58,311.84,1276.5,104.38,123,M,0
M-CONV-148,Conveyor Drive Gearbox (Heavy Load),300.65,319.17,743.9,113.87,226,L,0
M-CONV-149,Conveyor Drive Gearbox (Heavy Load),298.84,310.85,1273.6,66.74,208,L,0
M-CONV-150,Conveyor Drive Gearbox (Heavy Load),304.3,308.3,1274.2,114.39,212,H,0
M-CONV-151,Conveyor Drive Gearbox (Heavy Load),297.23,311.85,819.0,104.67,231,M,0
M-CONV-152,Conveyor Drive Gearbox (Heavy Load),305.45,307.0,834.8,62.43,102,L,0
M-CONV-153,Conveyor Drive Gearbox (Heavy Load),297.97,314.88,1061.2,135.08,56,M,0
M-CONV-154,Conveyor Drive Gearbox (Heavy Load),297.3,312.64,922.3,129.59,163,M,0
M-CONV-155,Conveyor Drive Gearbox (Heavy Load),302.32,308.19,1056.0,139.96,213,L,0
M-CONV-156,Conveyor Drive Gearbox (Heavy Load),305.23,308.34,882.0,60.25,96,H,0
M-CONV-157,Conveyor Drive Gearbox (Heavy Load),301.73,315.8,1399.6,119.94,236,H,0
M-CONV-158,Conveyor Drive Gearbox (Heavy Load),297.12,315.6,931.5,80.28,102,M,0
M-CONV-159,Conveyor Drive Gearbox (Heavy Load),302.11,312.72,1109.9,113.82,115,M,0
M-CONV-160,Conveyor Drive Gearbox (Heavy Load),298.66,311.54,1293.4,120.54,176,M,0
M-CONV-161,Conveyor Drive Gearbox (Heavy Load),302.88,314.42,1087.4,104.0,138,M,0
M-CONV-162,Conveyor Drive Gearbox (Heavy Load),304.16,308.43,1299.7,70.87,44,L,0
M-CONV-163,Conveyor Drive Gearbox (Heavy Load),306.57,307.79,1054.6,74.9,136,L,0
M-CONV-164,Conveyor Drive Gearbox (Heavy Load),306.51,315.25,983.1,108.27,98,L,0
M-CONV-165,Conveyor Drive Gearbox (Heavy Load),305.7,314.26,959.8,83.47,37,L,0
M-CONV-166,Conveyor Drive Gearbox (Heavy Load),301.5,311.23,1076.9,125.5,57,L,0
M-CONV-167,Conveyor Drive Gearbox (Heavy Load),305.98,319.31,1018.0,77.37,112,M,0
M-CONV-168,Conveyor Drive Gearbox (Heavy Load),298.76,314.89,1081.3,129.26,37,M,0
M-CONV-169,Conveyor Drive Gearbox (Heavy Load),304.63,316.87,1408.9,118.32,234,M,0
M-CONV-170,Conveyor Drive Gearbox (Heavy Load),302.03,307.18,705.6,79.21,52,M,0
M-CONV-171,Conveyor Drive Gearbox (Heavy Load),298.77,307.37,1427.4,60.66,191,H,0
M-CONV-172,Conveyor Drive Gearbox (Heavy Load),306.12,318.61,1223.1,113.78,31,L,0
M-CONV-173,Conveyor Drive Gearbox (Heavy Load),305.78,318.64,1227.4,87.58,226,M,0
M-CONV-174,Conveyor Drive Gearbox (Heavy Load),302.63,308.3,1437.6,71.26,79,M,0
M-CONV-175,Conveyor Drive Gearbox (Heavy Load),304.64,315.05,885.7,60.08,196,L,0
M-CONV-176,Conveyor Drive Gearbox (Heavy Load),305.1,312.98,1423.0,92.79,145,M,0
M-CONV-177,Conveyor Drive Gearbox (Heavy Load),301.48,317.08,1121.4,85.34,86,H,0
M-CONV-178,Conveyor Drive Gearbox (Heavy Load),302.83,309.99,818.5,112.31,179,L,0
M-CONV-179,Conveyor Drive Gearbox (Heavy Load),302.04,318.62,1449.1,124.59,169,M,0
M-CONV-180,Conveyor Drive Gearbox (Heavy Load),306.83,310.56,862.1,95.37,42,L,0
M-CONV-181,Conveyor Drive Gearbox (Heavy Load),302.88,314.24,1224.6,99.76,37,M,0
M-CONV-182,Conveyor Drive Gearbox (Heavy Load),304.16,312.42,1305.8,78.16,78,H,0
M-CONV-183,Conveyor Drive Gearbox (Heavy Load),300.72,318.01,1362.3,90.63,159,L,0
M-CONV-184,Conveyor Drive Gearbox (Heavy Load),299.41,309.19,1477.7,109.4,245,M,0
M-CONV-185,Conveyor Drive Gearbox (Heavy Load),304.03,309.89,909.0,100.95,100,H,0
M-CONV-186,Conveyor Drive Gearbox (Heavy Load),299.63,307.46,1263.5,99.37,50,H,0
M-CONV-187,Conveyor Drive Gearbox (Heavy Load),298.03,314.96,775.4,120.34,34,M,0
M-CONV-188,Conveyor Drive Gearbox (Heavy Load),305.91,316.34,758.4,125.69,138,L,0
M-CONV-189,Conveyor Drive Gearbox (Heavy Load),303.01,315.86,1494.8,78.59,167,M,0
M-CONV-190,Conveyor Drive Gearbox (Heavy Load),297.39,307.19,795.4,111.93,154,M,0
M-CONV-191,Conveyor Drive Gearbox (Heavy Load),297.32,313.1,1439.7,91.81,167,L,0
M-CONV-192,Conveyor Drive Gearbox (Heavy Load),304.84,313.75,1386.4,91.31,225,M,0
M-CONV-193,Conveyor Drive Gearbox (Heavy Load),299.8,307.69,1336.5,93.36,80,M,0
M-CONV-194,Conveyor Drive Gearbox (Heavy Load),306.01,317.84,1142.8,109.29,134,M,0
M-CONV-195,Conveyor Drive Gearbox (Heavy Load),306.15,308.63,1034.8,87.56,139,M,0
M-CONV-196,Conveyor Drive Gearbox (Heavy Load),302.19,308.82,1110.5,79.39,70,H,0
M-CONV-197,Conveyor Drive Gearbox (Heavy Load),304.63,312.56,1201.3,118.21,179,M,0
M-CONV-198,Conveyor Drive Gearbox (Heavy Load),300.88,311.89,1212.0,99.58,216,L,0
M-CONV-199,Conveyor Drive Gearbox (Heavy Load),298.71,308.77,1204.3,84.1,34,L,0
M-CONV-200,Conveyor Drive Gearbox (Heavy Load),299.27,319.08,1273.9,121.01,74,M,0
M-CONV-201,Conveyor Drive Gearbox (Heavy Load),302.21,309.24,944.3,85.72,65,M,0
M-CONV-202,Conveyor Drive Gearbox (Heavy Load),304.89,309.17,722.8,110.35,244,M,0
M-CONV-203,Conveyor Drive Gearbox (Heavy Load),298.19,314.42,1425.1,122.72,166,M,0
M-CONV-204,Conveyor Drive Gearbox (Heavy Load),302.42,308.19,1243.2,118.01,242,M,0
M-CONV-205,Conveyor Drive Gearbox (Heavy Load),297.18,314.09,1265.4,123.23,72,M,0
M-CONV-206,Conveyor Drive Gearbox (Heavy Load),302.13,311.3,1388.4,97.9,205,M,0
M-CONV-207,Conveyor Drive Gearbox (Heavy Load),304.73,311.32,1365.1,81.97,150,M,0
M-CONV-208,Conveyor Drive Gearbox (Heavy Load),301.76,311.14,913.4,137.36,65,L,0
M-CONV-209,Conveyor Drive Gearbox (Heavy Load),306.84,307.26,1259.2,80.23,38,M,0
M-CONV-210,Conveyor Drive Gearbox (Heavy Load),306.35,307.15,1170.3,100.11,222,H,0
M-CONV-211,Conveyor Drive Gearbox (Heavy Load),303.82,315.84,1235.3,135.39,211,H,0
M-CONV-212,Conveyor Drive Gearbox (Heavy Load),301.71,312.17,948.1,96.11,114,M,0
M-CONV-213,Conveyor Drive Gearbox (Heavy Load),306.79,308.15,1437.8,98.42,167,L,0
M-CONV-214,Conveyor Drive Gearbox (Heavy Load),300.6,312.6,1027.6,89.98,233,L,0
M-CONV-215,Conveyor Drive Gearbox (Heavy Load),298.09,308.41,1042.3,67.89,166,H,0
M-CONV-216,Conveyor Drive Gearbox (Heavy Load),302.22,307.09,953.3,114.18,136,L,0
M-CONV-217,Conveyor Drive Gearbox (Heavy Load),305.74,311.67,736.4,127.65,230,L,0
M-CONV-218,Conveyor Drive Gearbox (Heavy Load),298.28,319.97,906.9,117.94,229,M,0
M-CONV-219,Conveyor Drive Gearbox (Heavy Load),306.08,311.02,1481.1,82.5,239,H,0
M-CONV-220,Conveyor Drive Gearbox (Heavy Load),304.09,313.92,1082.3,77.88,185,H,0
M-CONV-221,Conveyor Drive Gearbox (Heavy Load),302.53,310.29,1464.5,62.29,73,M,0
M-CONV-222,Conveyor Drive Gearbox (Heavy Load),301.14,310.03,1093.1,129.8,186,M,0
M-CONV-223,Conveyor Drive Gearbox (Heavy Load),297.89,316.02,833.1,122.91,85,M,0
M-CONV-224,Conveyor Drive Gearbox (Heavy Load),300.5,318.16,801.2,105.25,61,L,0
M-CONV-225,Conveyor Drive Gearbox (Heavy Load),306.05,312.65,1090.5,134.19,144,M,0
M-CONV-226,Conveyor Drive Gearbox (Heavy Load),302.78,315.96,785.5,125.69,125,H,0
M-CONV-227,Conveyor Drive Gearbox (Heavy Load),304.86,311.9,780.3,110.7,223,L,0
M-CONV-228,Conveyor Drive Gearbox (Heavy Load),306.58,318.28,701.7,90.42,210,M,0
M-CONV-229,Conveyor Drive Gearbox (Heavy Load),303.02,314.88,992.0,132.36,140,M,0
M-CONV-230,Conveyor Drive Gearbox (Heavy Load),306.98,313.42,842.7,101.05,209,L,0
M-CONV-231,Conveyor Drive Gearbox (Heavy Load),304.89,316.2,903.4,128.97,226,H,0
M-CONV-232,Conveyor Drive Gearbox (Heavy Load),298.3,319.68,1394.7,131.46,225,M,0
M-CONV-233,Conveyor Drive Gearbox (Heavy Load),303.46,314.09,741.0,119.64,141,M,0
M-CONV-234,Conveyor Drive Gearbox (Heavy Load),302.03,313.39,837.4,82.3,64,H,0
M-CONV-235,Conveyor Drive Gearbox (Heavy Load),306.73,308.99,915.4,107.25,164,H,0
M-CONV-236,Conveyor Drive Gearbox (Heavy Load),304.94,317.21,889.9,83.09,236,L,0
M-CONV-237,Conveyor Drive Gearbox (Heavy Load),303.98,308.07,1034.6,104.74,71,M,0
M-CONV-238,Conveyor Drive Gearbox (Heavy Load),303.01,311.26,1324.8,127.24,101,L,0
M-CONV-239,Conveyor Drive Gearbox (Heavy Load),298.04,317.89,822.2,66.63,171,M,0
M-CONV-240,Conveyor Drive Gearbox (Heavy Load),306.08,311.72,929.7,100.06,130,M,0
M-CONV-241,Conveyor Drive Gearbox (Heavy Load),303.94,316.87,1382.4,137.83,88,L,0
M-CONV-242,Conveyor Drive Gearbox (Heavy Load),300.94,315.8,1080.8,139.5,190,L,0
M-CONV-243,Conveyor Drive Gearbox (Heavy Load),305.35,318.74,1351.5,96.73,85,M,0
M-CONV-244,Conveyor Drive Gearbox (Heavy Load),297.2,313.81,1104.0,102.02,244,L,0
M-CONV-245,Conveyor Drive Gearbox (Heavy Load),298.62,311.8,1039.2,88.84,205,M,0
M-CONV-246,Conveyor Drive Gearbox (Heavy Load),302.72,318.09,1344.7,70.58,187,M,0
M-CONV-247,Conveyor Drive Gearbox (Heavy Load),299.95,307.65,1089.8,88.43,85,M,0
M-CONV-248,Conveyor Drive Gearbox (Heavy Load),304.69,310.18,739.6,127.9,32,L,0
M-CONV-249,Conveyor Drive Gearbox (Heavy Load),303.28,311.18,897.2,60.72,81,H,0
M-CONV-250,Conveyor Drive Gearbox (Heavy Load),303.12,309.17,1122.9,107.21,95,H,0
M-CONV-251,Conveyor Drive Gearbox (Heavy Load),297.37,307.34,1291.3,85.44,205,M,0
M-CONV-252,Conveyor Drive Gearbox (Heavy Load),301.53,313.67,1270.4,81.88,56,M,0
M-CONV-253,Conveyor Drive Gearbox (Heavy Load),300.27,312.75,1217.6,99.53,166,M,0
M-CONV-254,Conveyor Drive Gearbox (Heavy Load),304.4,316.18,1127.4,114.31,222,M,0
M-CONV-255,Conveyor Drive Gearbox (Heavy Load),301.13,316.94,1166.0,65.68,226,H,0
M-CONV-256,Conveyor Drive Gearbox (Heavy Load),304.48,316.86,1462.5,64.33,161,M,0
M-CONV-257,Conveyor Drive Gearbox (Heavy Load),300.31,308.17,1150.1,98.32,53,M,0
M-CONV-258,Conveyor Drive Gearbox (Heavy Load),304.38,316.97,1424.3,92.76,239,L,0
M-CONV-259,Conveyor Drive Gearbox (Heavy Load),299.97,309.07,1048.3,92.15,156,M,0
M-CONV-260,Conveyor Drive Gearbox (Heavy Load),304.5,313.63,783.9,128.66,98,L,0
M-CONV-261,Conveyor Drive Gearbox (Heavy Load),298.18,319.46,772.8,78.48,40,L,0
M-CONV-262,Conveyor Drive Gearbox (Heavy Load),305.5,312.64,1442.8,107.22,168,L,0
M-CONV-263,Conveyor Drive Gearbox (Heavy Load),299.97,311.61,1424.8,132.08,244,L,0
M-CONV-264,Conveyor Drive Gearbox (Heavy Load),298.27,317.71,1027.9,139.26,133,M,0
M-CONV-265,Conveyor Drive Gearbox (Heavy Load),302.3,311.18,760.0,131.65,206,H,0
M-CONV-266,Conveyor Drive Gearbox (Heavy Load),304.77,315.14,1027.3,80.32,219,L,0
M-CONV-267,Conveyor Drive Gearbox (Heavy Load),302.48,314.92,772.9,97.91,72,M,0
M-CONV-268,Conveyor Drive Gearbox (Heavy Load),303.61,318.85,1023.0,76.62,172,L,0
M-CONV-269,Conveyor Drive Gearbox (Heavy Load),304.48,318.29,1129.2,120.15,60,M,0
M-CONV-270,Conveyor Drive Gearbox (Heavy Load),300.9,313.65,1443.3,129.94,59,H,0
M-CONV-271,Conveyor Drive Gearbox (Heavy Load),300.58,310.78,1191.8,132.22,241,M,0
M-CONV-272,Conveyor Drive Gearbox (Heavy Load),305.38,313.83,866.7,101.98,152,L,0
M-CONV-273,Conveyor Drive Gearbox (Heavy Load),299.2,311.79,991.2,136.76,127,L,0
M-CONV-274,Conveyor Drive Gearbox (Heavy Load),304.51,310.45,1157.5,131.54,134,L,0
M-CONV-275,Conveyor Drive Gearbox (Heavy Load),299.14,307.96,1413.2,127.81,248,M,0
M-CONV-276,Conveyor Drive Gearbox (Heavy Load),306.37,317.75,1375.5,105.53,114,L,0
M-CONV-277,Conveyor Drive Gearbox (Heavy Load),301.32,314.0,1056.9,105.19,133,H,0
M-CONV-278,Conveyor Drive Gearbox (Heavy Load),305.82,312.78,1171.2,71.14,30,M,0
M-CONV-279,Conveyor Drive Gearbox (Heavy Load),304.05,308.29,1427.1,77.2,75,H,0
M-CONV-280,Conveyor Drive Gearbox (Heavy Load),297.14,317.03,1400.0,109.13,71,M,0
M-CONV-281,Conveyor Drive Gearbox (Heavy Load),301.76,319.41,897.9,118.53,126,M,0
M-CONV-282,Conveyor Drive Gearbox (Heavy Load),301.56,307.93,1338.9,79.46,189,H,0
M-CONV-283,Conveyor Drive Gearbox (Heavy Load),306.55,309.51,1406.2,124.76,242,M,0
M-CONV-284,Conveyor Drive Gearbox (Heavy Load),304.27,311.82,847.5,95.45,66,L,0
M-CONV-285,Conveyor Drive Gearbox (Heavy Load),297.96,314.66,1201.2,103.05,175,H,0
M-CONV-286,Conveyor Drive Gearbox (Heavy Load),302.55,310.73,1452.1,120.97,243,H,0
M-CONV-287,Conveyor Drive Gearbox (Heavy Load),299.85,309.54,708.9,79.39,179,M,0
M-CONV-288,Conveyor Drive Gearbox (Heavy Load),302.09,318.54,1255.0,91.57,111,M,0
M-CONV-289,Conveyor Drive Gearbox (Heavy Load),298.77,315.24,991.3,128.19,196,M,0
M-CONV-290,Conveyor Drive Gearbox (Heavy Load),300.64,309.73,1320.9,98.91,79,H,0
M-CONV-291,Conveyor Drive Gearbox (Heavy Load),298.65,317.1,883.2,102.13,129,M,0
M-CONV-292,Conveyor Drive Gearbox (Heavy Load),305.77,318.28,1060.9,61.23,123,M,0
M-CONV-293,Conveyor Drive Gearbox (Heavy Load),302.58,315.47,823.3,111.72,70,L,0
M-CONV-294,Conveyor Drive Gearbox (Heavy Load),300.39,316.23,738.3,92.63,185,M,0
M-CONV-295,Conveyor Drive Gearbox (Heavy Load),304.95,315.2,1170.0,88.28,136,M,0
M-CONV-296,Conveyor Drive Gearbox (Heavy Load),301.72,316.08,1047.0,76.18,77,H,0
M-CONV-297,Conveyor Drive Gearbox (Heavy Load),300.01,316.74,1335.3,76.2,240,M,0
M-CONV-298,Conveyor Drive Gearbox (Heavy Load),306.17,316.19,1277.9,66.8,78,H,0
M-CONV-299,Conveyor Drive Gearbox (Heavy Load),304.16,311.48,1329.3,87.11,210,H,0
M-CONV-300,Conveyor Drive Gearbox (Heavy Load),298.73,311.43,1026.8,87.9,198,H,0
M-CONV-301,Conveyor Drive Gearbox (Heavy Load),300.51,317.88,753.4,135.39,246,H,0
M-CONV-302,Conveyor Drive Gearbox (Heavy Load),299.91,311.84,1321.1,107.67,171,L,0
M-CONV-303,Conveyor Drive Gearbox (Heavy Load),298.18,317.83,1264.5,106.19,225,L,0
M-CONV-304,Conveyor Drive Gearbox (Heavy Load),299.02,312.59,1095.2,64.42,240,H,0
M-CONV-305,Conveyor Drive Gearbox (Heavy Load),303.97,313.58,720.5,133.98,217,M,0
M-CONV-306,Conveyor Drive Gearbox (Heavy Load),299.29,308.58,990.7,80.43,141,L,0
M-CONV-307,Conveyor Drive Gearbox (Heavy Load),302.75,318.57,1220.7,98.02,218,M,0
M-CONV-308,Conveyor Drive Gearbox (Heavy Load),305.69,310.79,803.1,128.43,159,L,0
M-CONV-309,Conveyor Drive Gearbox (Heavy Load),306.38,307.7,1100.8,90.0,167,L,0
M-CONV-310,Conveyor Drive Gearbox (Heavy Load),299.81,314.24,1267.0,70.75,209,M,0
M-CONV-311,Conveyor Drive Gearbox (Heavy Load),306.5,311.41,786.5,100.52,48,L,0
M-CONV-312,Conveyor Drive Gearbox (Heavy Load),297.39,316.8,1120.1,89.49,44,M,0
M-CONV-313,Conveyor Drive Gearbox (Heavy Load),302.85,310.65,1428.2,84.33,128,M,0
M-CONV-314,Conveyor Drive Gearbox (Heavy Load),298.0,319.12,999.6,66.46,115,M,0
M-CONV-315,Conveyor Drive Gearbox (Heavy Load),302.14,316.03,744.4,82.76,210,H,0
M-CONV-316,Conveyor Drive Gearbox (Heavy Load),305.55,308.19,1367.6,88.86,164,H,0
M-CONV-317,Conveyor Drive Gearbox (Heavy Load),297.66,309.81,802.3,84.99,143,M,0
M-CONV-318,Conveyor Drive Gearbox (Heavy Load),304.9,315.53,1187.0,92.94,134,M,0
M-CONV-319,Conveyor Drive Gearbox (Heavy Load),305.42,309.99,704.6,112.11,74,L,0
M-CONV-320,Conveyor Drive Gearbox (Heavy Load),305.59,308.0,785.1,99.61,164,M,0
M-CONV-321,Conveyor Drive Gearbox (Heavy Load),304.17,314.73,959.9,62.03,195,M,0
M-CONV-322,Conveyor Drive Gearbox (Heavy Load),305.34,312.46,1161.7,129.84,219,M,0
M-CONV-323,Conveyor Drive Gearbox (Heavy Load),299.09,317.08,1046.5,75.36,228,H,0
M-CONV-324,Conveyor Drive Gearbox (Heavy Load),297.26,307.26,1197.9,112.93,98,M,0
M-CONV-325,Conveyor Drive Gearbox (Heavy Load),300.39,315.84,746.5,134.33,78,L,0
M-CONV-326,Conveyor Drive Gearbox (Heavy Load),298.72,317.03,878.7,66.47,222,L,0
M-CONV-327,Conveyor Drive Gearbox (Heavy Load),301.04,316.13,1145.7,128.24,99,M,0
M-CONV-328,Conveyor Drive Gearbox (Heavy Load),301.85,311.6,1413.2,73.27,62,M,0
M-CONV-329,Conveyor Drive Gearbox (Heavy Load),303.57,309.53,1012.6,135.73,84,M,0
M-CONV-330,Conveyor Drive Gearbox (Heavy Load),304.4,312.83,1450.0,118.93,130,M,0
M-CONV-331,Conveyor Drive Gearbox (Heavy Load),303.93,314.7,1403.0,88.55,95,M,0
M-CONV-332,Conveyor Drive Gearbox (Heavy Load),297.38,307.56,1396.0,114.27,175,M,0
M-CONV-333,Conveyor Drive Gearbox (Heavy Load),305.49,313.24,1396.3,88.76,233,M,0
M-CONV-334,Conveyor Drive Gearbox (Heavy Load),299.57,314.33,1126.4,71.03,160,M,0
M-CONV-335,Conveyor Drive Gearbox (Heavy Load),297.52,319.33,1213.2,130.15,178,M,0
M-CONV-336,Conveyor Drive Gearbox (Heavy Load),302.13,315.78,1468.2,80.29,222,L,0
M-CONV-337,Conveyor Drive Gearbox (Heavy Load),303.7,319.11,1018.3,136.24,184,H,0
M-CONV-338,Conveyor Drive Gearbox (Heavy Load),306.07,313.3,1068.3,105.32,62,M,0
M-CONV-339,Conveyor Drive Gearbox (Heavy Load),305.31,307.2,918.3,60.2,121,L,0
M-CONV-340,Conveyor Drive Gearbox (Heavy Load),304.99,319.29,1186.8,80.37,233,L,0
M-CONV-341,Conveyor Drive Gearbox (Heavy Load),302.74,316.04,1439.5,116.99,111,L,0
M-CONV-342,Conveyor Drive Gearbox (Heavy Load),297.4,312.02,1025.1,73.35,35,H,0
M-CONV-343,Conveyor Drive Gearbox (Heavy Load),303.55,317.43,1490.6,87.71,161,L,0
M-CONV-344,Conveyor Drive Gearbox (Heavy Load),298.67,316.33,1304.0,67.12,219,L,0
M-CONV-345,Conveyor Drive Gearbox (Heavy Load),297.33,308.18,739.3,86.78,142,M,0
M-CONV-346,Conveyor Drive Gearbox (Heavy Load),299.68,318.85,994.6,63.64,96,M,0
M-CONV-347,Conveyor Drive Gearbox (Heavy Load),301.08,310.56,805.1,125.53,249,M,0
M-CONV-348,Conveyor Drive Gearbox (Heavy Load),300.82,315.03,1274.8,91.36,229,M,0
M-CONV-349,Conveyor Drive Gearbox (Heavy Load),301.5,315.41,1462.2,123.56,38,M,0
M-CONV-350,Conveyor Drive Gearbox (Heavy Load),301.71,311.09,1260.2,126.1,190,L,0
M-CONV-351,Conveyor Drive Gearbox (Heavy Load),299.73,318.37,1313.3,88.97,191,H,0
M-CONV-352,Conveyor Drive Gearbox (Heavy Load),304.89,313.92,933.8,112.46,171,M,0
M-CONV-353,Conveyor Drive Gearbox (Heavy Load),297.3,312.64,1155.6,130.13,234,M,0
M-CONV-354,Conveyor Drive Gearbox (Heavy Load),304.54,312.71,1296.9,76.38,111,M,0
M-CONV-355,Conveyor Drive Gearbox (Heavy Load),297.18,316.39,1368.4,91.93,128,L,0
M-CONV-356,Conveyor Drive Gearbox (Heavy Load),304.76,310.75,959.2,114.31,153,H,0
M-CONV-357,Conveyor Drive Gearbox (Heavy Load),300.1,318.7,1250.5,138.88,198,L,0
M-CONV-358,Conveyor Drive Gearbox (Heavy Load),299.16,317.03,716.2,113.66,133,M,0
M-CONV-359,Conveyor Drive Gearbox (Heavy Load),305.62,318.11,717.8,108.76,110,M,0
M-CONV-360,Conveyor Drive Gearbox (Heavy Load),305.32,311.03,1454.4,74.37,175,M,0
M-CONV-361,Conveyor Drive Gearbox (Heavy Load),299.52,311.22,1367.8,120.94,102,M,0
M-CONV-362,Conveyor Drive Gearbox (Heavy Load),297.62,309.71,1088.7,66.88,215,L,0
M-CONV-363,Conveyor Drive Gearbox (Heavy Load),306.44,316.02,1452.3,104.36,162,L,0
M-CONV-364,Conveyor Drive Gearbox (Heavy Load),303.42,307.4,1279.0,132.44,205,M,0
M-CONV-365,Conveyor Drive Gearbox (Heavy Load),303.71,319.87,772.5,113.38,92,M,0
M-CONV-366,Conveyor Drive Gearbox (Heavy Load),303.08,308.99,865.4,109.73,58,M,0
M-CONV-367,Conveyor Drive Gearbox (Heavy Load),305.35,311.25,1090.4,135.29,79,M,0
M-CONV-368,Conveyor Drive Gearbox (Heavy Load),303.06,316.82,1421.3,133.24,200,M,0
M-CONV-369,Conveyor Drive Gearbox (Heavy Load),297.25,311.99,813.2,116.83,175,H,0
M-CONV-370,Conveyor Drive Gearbox (Heavy Load),305.37,310.23,1045.8,113.43,124,M,0
M-CONV-371,Conveyor Drive Gearbox (Heavy Load),297.66,312.22,1311.9,133.21,120,M,0
M-CONV-372,Conveyor Drive Gearbox (Heavy Load),304.03,319.26,913.6,95.21,205,M,0
M-CONV-373,Conveyor Drive Gearbox (Heavy Load),298.11,315.16,849.4,100.82,146,L,0
M-CONV-374,Conveyor Drive Gearbox (Heavy Load),301.62,310.63,884.8,129.94,67,M,0
M-CONV-375,Conveyor Drive Gearbox (Heavy Load),298.87,317.05,1079.5,88.09,109,L,0
M-CONV-376,Conveyor Drive Gearbox (Heavy Load),302.54,316.33,1417.6,132.14,102,L,0
M-CONV-377,Conveyor Drive Gearbox (Heavy Load),297.25,311.9,1416.6,81.97,90,M,0
M-CONV-378,Conveyor Drive Gearbox (Heavy Load),303.12,312.7,1281.4,131.59,178,M,0
M-CONV-379,Conveyor Drive Gearbox (Heavy Load),306.33,310.44,819.9,67.2,153,H,0
M-CONV-380,Conveyor Drive Gearbox (Heavy Load),298.39,310.9,925.3,108.34,209,L,0
M-CONV-381,Conveyor Drive Gearbox (Heavy Load),299.62,310.19,1472.6,60.66,223,H,0
M-CONV-382,Conveyor Drive Gearbox (Heavy Load),306.47,311.45,1052.3,116.57,159,M,0
M-CONV-383,Conveyor Drive Gearbox (Heavy Load),302.54,316.5,733.9,60.9,130,H,0
M-CONV-384,Conveyor Drive Gearbox (Heavy Load),303.64,309.78,1046.3,75.81,150,H,0
M-CONV-385,Conveyor Drive Gearbox (Heavy Load),297.23,307.66,1463.4,71.38,185,H,0
M-CONV-386,Conveyor Drive Gearbox (Heavy Load),298.08,313.62,1071.9,136.13,237,L,0
M-CONV-387,Conveyor Drive Gearbox (Heavy Load),303.02,312.91,984.9,135.77,162,M,0
M-CONV-388,Conveyor Drive Gearbox (Heavy Load),299.32,307.61,1456.2,85.1,127,H,0
M-CONV-389,Conveyor Drive Gearbox (Heavy Load),305.37,307.36,1367.2,71.22,225,L,0
M-CONV-390,Conveyor Drive Gearbox (Heavy Load),298.65,314.36,950.1,74.26,219,M,0
M-CONV-391,Conveyor Drive Gearbox (Heavy Load),300.99,309.21,1006.5,129.73,109,L,0
M-CONV-392,Conveyor Drive Gearbox (Heavy Load),306.46,308.88,841.8,129.01,116,H,0
M-CONV-393,Conveyor Drive Gearbox (Heavy Load),299.74,314.77,1339.4,70.67,54,L,0
M-CONV-394,Conveyor Drive Gearbox (Heavy Load),304.51,314.67,1315.3,94.31,196,M,0
M-CONV-395,Conveyor Drive Gearbox (Heavy Load),299.44,316.48,1035.7,138.51,106,L,0
M-CONV-396,Conveyor Drive Gearbox (Heavy Load),306.33,310.14,1338.6,94.65,231,M,0
M-CONV-397,Conveyor Drive Gearbox (Heavy Load),304.44,313.07,882.2,75.95,123,L,0
M-CONV-398,Conveyor Drive Gearbox (Heavy Load),303.05,315.95,925.9,98.51,39,L,0
M-CONV-399,Conveyor Drive Gearbox (Heavy Load),306.9,312.29,708.8,73.58,173,M,0
M-CONV-400,Conveyor Drive Gearbox (Heavy Load),304.88,310.3,1310.9,115.04,101,M,0
M-CONV-F1-001,Conveyor Drive Gearbox (Heavy Load),310.18,330.88,1405.0,93.7,172,M,1
M-CONV-F1-002,Conveyor Drive Gearbox (Heavy Load),310.54,332.55,1104.8,91.89,50,M,1
M-CONV-F1-003,Conveyor Drive Gearbox (Heavy Load),309.58,326.28,1032.7,84.43,187,M,1
M-CONV-F1-004,Conveyor Drive Gearbox (Heavy Load),315.06,331.89,1263.3,80.81,190,M,1
M-CONV-F1-005,Conveyor Drive Gearbox (Heavy Load),315.65,329.75,780.2,113.9,31,M,1
M-CONV-F1-006,Conveyor Drive Gearbox (Heavy Load),310.54,333.16,1483.5,97.15,168,M,1
M-CONV-F1-007,Conveyor Drive Gearbox (Heavy Load),312.97,337.1,1412.0,122.86,80,M,1
M-CONV-F1-008,Conveyor Drive Gearbox (Heavy Load),310.79,330.77,1087.4,126.53,182,M,1
M-CONV-F1-009,Conveyor Drive Gearbox (Heavy Load),309.14,336.2,839.4,109.75,34,M,1
M-CONV-F1-010,Conveyor Drive Gearbox (Heavy Load),316.89,326.31,1039.0,84.57,183,L,1
M-CONV-F1-011,Conveyor Drive Gearbox (Heavy Load),310.9,326.06,1201.7,86.91,144,H,1
M-CONV-F1-012,Conveyor Drive Gearbox (Heavy Load),310.07,333.92,869.9,128.61,39,M,1
M-CONV-F1-013,Conveyor Drive Gearbox (Heavy Load),316.99,330.63,1262.4,74.61,133,L,1
M-CONV-F1-014,Conveyor Drive Gearbox (Heavy Load),311.52,335.78,1182.7,91.13,124,M,1
M-CONV-F1-015,Conveyor Drive Gearbox (Heavy Load),310.32,330.24,974.7,92.07,159,M,1
M-CONV-F1-016,Conveyor Drive Gearbox (Heavy Load),316.52,328.82,1032.6,122.96,122,M,1
M-CONV-F1-017,Conveyor Drive Gearbox (Heavy Load),309.43,330.18,916.6,139.95,82,L,1
M-CONV-F1-018,Conveyor Drive Gearbox (Heavy Load),314.41,329.43,1134.8,127.24,180,H,1
M-CONV-F1-019,Conveyor Drive Gearbox (Heavy Load),311.72,329.36,733.6,107.86,175,M,1
M-CONV-F1-020,Conveyor Drive Gearbox (Heavy Load),314.92,333.16,1000.5,71.28,150,L,1
M-CONV-F2-001,Conveyor Drive Gearbox (Heavy Load),306.92,311.34,840.6,181.32,126,L,1
M-CONV-F2-002,Conveyor Drive Gearbox (Heavy Load),299.44,326.93,1061.1,237.79,195,H,1
M-CONV-F2-003,Conveyor Drive Gearbox (Heavy Load),309.72,313.4,955.4,252.48,184,M,1
M-CONV-F2-004,Conveyor Drive Gearbox (Heavy Load),305.72,324.45,1241.3,186.06,167,M,1
M-CONV-F2-005,Conveyor Drive Gearbox (Heavy Load),303.86,319.05,1031.0,261.0,123,L,1
M-CONV-F2-006,Conveyor Drive Gearbox (Heavy Load),300.34,324.76,1228.0,236.8,133,M,1
M-CONV-F2-007,Conveyor Drive Gearbox (Heavy Load),309.19,326.61,779.5,252.22,100,M,1
M-CONV-F2-008,Conveyor Drive Gearbox (Heavy Load),309.31,319.21,1225.4,198.97,30,M,1
M-CONV-F2-009,Conveyor Drive Gearbox (Heavy Load),299.3,325.33,879.4,215.37,44,M,1
M-CONV-F2-010,Conveyor Drive Gearbox (Heavy Load),308.16,313.88,1120.7,258.49,145,L,1
M-CONV-F2-011,Conveyor Drive Gearbox (Heavy Load),299.42,315.76,1281.5,240.07,138,M,1
M-CONV-F2-012,Conveyor Drive Gearbox (Heavy Load),303.38,311.85,1209.9,236.76,110,L,1
M-CONV-F2-013,Conveyor Drive Gearbox (Heavy Load),302.37,316.59,1267.3,247.53,117,H,1
M-CONV-F2-014,Conveyor Drive Gearbox (Heavy Load),300.8,323.47,950.3,251.12,191,L,1
M-CONV-F2-015,Conveyor Drive Gearbox (Heavy Load),302.91,325.99,928.4,190.21,35,M,1
M-CONV-F2-016,Conveyor Drive Gearbox (Heavy Load),309.75,315.54,834.2,263.25,34,L,1
M-CONV-F2-017,Conveyor Drive Gearbox (Heavy Load),302.18,311.71,1296.6,187.71,123,M,1
M-CONV-F2-018,Conveyor Drive Gearbox (Heavy Load),298.85,311.95,775.1,181.49,159,M,1
M-CONV-F2-019,Conveyor Drive Gearbox (Heavy Load),302.46,318.95,1303.8,257.88,151,L,1
M-CONV-F2-020,Conveyor Drive Gearbox (Heavy Load),302.16,318.24,1098.9,231.75,111,M,1
M-CONV-F3-001,Conveyor Drive Gearbox (Heavy Load),306.86,317.67,2126.2,194.73,75,H,1
M-CONV-F3-002,Conveyor Drive Gearbox (Heavy Load),300.52,312.24,1812.4,199.63,91,M,1
M-CONV-F3-003,Conveyor Drive Gearbox (Heavy Load),297.74,309.27,2467.3,188.09,191,L,1
M-CONV-F3-004,Conveyor Drive Gearbox (Heavy Load),300.72,310.88,2443.8,209.92,137,L,1
M-CONV-F3-005,Conveyor Drive Gearbox (Heavy Load),304.82,311.62,2230.7,200.65,146,H,1
M-CONV-F3-006,Conveyor Drive Gearbox (Heavy Load),300.37,308.88,1974.7,204.71,36,M,1
M-CONV-F3-007,Conveyor Drive Gearbox (Heavy Load),300.1,315.02,2200.6,166.22,57,M,1
M-CONV-F3-008,Conveyor Drive Gearbox (Heavy Load),302.03,310.53,2510.7,179.98,39,L,1
M-CONV-F3-009,Conveyor Drive Gearbox (Heavy Load),300.29,315.5,2009.7,185.96,161,L,1
M-CONV-F3-010,Conveyor Drive Gearbox (Heavy Load),299.61,311.35,2148.2,205.92,183,H,1
M-CONV-F3-011,Conveyor Drive Gearbox (Heavy Load),298.32,313.44,1880.0,173.35,55,M,1
M-CONV-F3-012,Conveyor Drive Gearbox (Heavy Load),306.49,319.96,2081.4,187.54,175,H,1
M-CONV-F3-013,Conveyor Drive Gearbox (Heavy Load),303.9,312.31,1954.6,176.55,42,M,1
M-CONV-F3-014,Conveyor Drive Gearbox (Heavy Load),299.53,311.05,1890.8,202.42,113,M,1
M-CONV-F3-015,Conveyor Drive Gearbox (Heavy Load),302.69,312.34,1944.4,195.73,51,H,1
M-CONV-F3-016,Conveyor Drive Gearbox (Heavy Load),304.1,309.71,2030.1,180.61,106,L,1
M-CONV-F3-017,Conveyor Drive Gearbox (Heavy Load),303.23,315.38,2335.5,170.39,84,M,1
M-CONV-F3-018,Conveyor Drive Gearbox (Heavy Load),300.07,319.8,2410.5,163.22,30,H,1
M-CONV-F3-019,Conveyor Drive Gearbox (Heavy Load),299.44,308.49,2200.0,202.05,155,M,1
M-CONV-F3-020,Conveyor Drive Gearbox (Heavy Load),300.99,313.6,2407.7,200.99,184,M,1
M-CONV-F4-001,Conveyor Drive Gearbox (Heavy Load),303.94,308.45,1152.2,91.37,297,M,1
M-CONV-F4-002,Conveyor Drive Gearbox (Heavy Load),299.57,307.68,708.2,68.26,265,H,1
M-CONV-F4-003,Conveyor Drive Gearbox (Heavy Load),299.39,309.88,1489.4,97.21,274,M,1
M-CONV-F4-004,Conveyor Drive Gearbox (Heavy Load),305.58,315.81,936.9,123.28,318,L,1
M-CONV-F4-005,Conveyor Drive Gearbox (Heavy Load),303.67,318.32,1396.1,125.05,297,M,1
M-CONV-F4-006,Conveyor Drive Gearbox (Heavy Load),305.18,307.07,1493.6,84.66,300,L,1
M-CONV-F4-007,Conveyor Drive Gearbox (Heavy Load),299.25,313.2,806.1,106.3,278,M,1
M-CONV-F4-008,Conveyor Drive Gearbox (Heavy Load),300.73,319.91,1495.9,77.71,319,H,1
M-CONV-F4-009,Conveyor Drive Gearbox (Heavy Load),297.3,308.37,1472.4,161.97,279,H,1
M-CONV-F4-010,Conveyor Drive Gearbox (Heavy Load),299.41,313.7,1155.8,88.6,321,M,1
M-CONV-F4-011,Conveyor Drive Gearbox (Heavy Load),306.22,315.54,1049.1,146.57,326,M,1
M-CONV-F4-012,Conveyor Drive Gearbox (Heavy Load),300.4,319.17,831.8,70.3,299,L,1
M-CONV-F4-013,Conveyor Drive Gearbox (Heavy Load),304.72,318.95,1126.6,76.21,309,L,1
M-CONV-F4-014,Conveyor Drive Gearbox (Heavy Load),297.93,309.24,709.8,126.55,331,M,1
M-CONV-F4-015,Conveyor Drive Gearbox (Heavy Load),306.82,307.82,1422.4,149.03,288,L,1
M-CONV-F4-016,Conveyor Drive Gearbox (Heavy Load),299.88,318.56,1404.6,143.28,307,H,1
M-CONV-F4-017,Conveyor Drive Gearbox (Heavy Load),302.32,311.64,1333.8,143.33,333,H,1
M-CONV-F4-018,Conveyor Drive Gearbox (Heavy Load),305.09,319.2,1331.4,79.28,271,H,1
M-CONV-F4-019,Conveyor Drive Gearbox (Heavy Load),303.29,315.19,1489.5,106.6,289,M,1
M-CONV-F4-020,Conveyor Drive Gearbox (Heavy Load),305.26,319.18,1342.5,109.52,312,L,1
M-CONV-F5-001,Conveyor Drive Gearbox (Heavy Load),310.45,325.73,1726.4,161.01,295,H,1
M-CONV-F5-002,Conveyor Drive Gearbox (Heavy Load),309.22,326.38,1902.2,186.07,293,H,1
M-CONV-F5-003,Conveyor Drive Gearbox (Heavy Load),308.62,327.99,1801.6,179.64,263,L,1
M-CONV-F5-004,Conveyor Drive Gearbox (Heavy Load),311.46,324.97,1679.3,222.42,294,M,1
M-CONV-F5-005,Conveyor Drive Gearbox (Heavy Load),311.51,330.05,2001.0,191.11,281,H,1
M-CONV-F5-006,Conveyor Drive Gearbox (Heavy Load),312.63,328.83,1741.4,218.94,305,L,1
M-CONV-F5-007,Conveyor Drive Gearbox (Heavy Load),312.37,331.98,1760.1,214.06,301,M,1
M-CONV-F5-008,Conveyor Drive Gearbox (Heavy Load),308.49,331.84,1783.2,215.87,260,H,1
M-CONV-F5-009,Conveyor Drive Gearbox (Heavy Load),310.33,325.91,1960.4,196.63,263,H,1
M-CONV-F5-010,Conveyor Drive Gearbox (Heavy Load),309.94,325.48,2006.5,187.21,264,M,1
M-CONV-F5-011,Conveyor Drive Gearbox (Heavy Load),308.45,325.03,1757.8,215.15,306,L,1
M-CONV-F5-012,Conveyor Drive Gearbox (Heavy Load),309.67,326.18,1897.1,206.48,309,H,1
M-CONV-F5-013,Conveyor Drive Gearbox (Heavy Load),308.25,329.55,2024.5,214.32,293,L,1
M-CONV-F5-014,Conveyor Drive Gearbox (Heavy Load),310.56,331.31,2085.5,214.37,275,H,1
M-CONV-F5-015,Conveyor Drive Gearbox (Heavy Load),310.74,327.62,2045.0,167.3,272,L,1
M-CONV-F5-016,Conveyor Drive Gearbox (Heavy Load),308.47,326.57,1824.2,200.22,267,L,1
M-CONV-F5-017,Conveyor Drive Gearbox (Heavy Load),310.24,331.34,1860.5,178.33,267,H,1
M-CONV-F5-018,Conveyor Drive Gearbox (Heavy Load),310.66,324.86,1826.3,198.12,273,H,1
M-CONV-F5-019,Conveyor Drive Gearbox (Heavy Load),311.87,331.57,1695.2,170.8,308,H,1
M-CONV-F5-020,Conveyor Drive Gearbox (Heavy Load),312.89,324.04,2043.2,180.36,306,M,1
M-ROB-001,Robotic Arm Servo Joint Actuator,299.93,304.64,2105.8,42.08,89,L,0
M-ROB-002,Robotic Arm Servo Joint Actuator,298.57,310.96,2622.4,49.27,153,M,0
M-ROB-003,Robotic Arm Servo Joint Actuator,301.32,310.78,2026.7,36.85,20,L,0
M-ROB-004,Robotic Arm Servo Joint Actuator,297.05,304.57,2500.5,35.19,138,L,0
M-ROB-005,Robotic Arm Servo Joint Actuator,298.64,304.48,3372.8,34.78,77,M,0
M-ROB-006,Robotic Arm Servo Joint Actuator,299.01,306.71,3392.5,34.04,141,M,0
M-ROB-007,Robotic Arm Servo Joint Actuator,297.43,310.81,2893.0,22.24,103,M,0
M-ROB-008,Robotic Arm Servo Joint Actuator,301.07,307.63,3316.1,18.34,69,L,0
M-ROB-009,Robotic Arm Servo Joint Actuator,300.85,305.28,2194.4,26.54,107,L,0
M-ROB-010,Robotic Arm Servo Joint Actuator,300.5,308.08,3527.1,30.3,28,M,0
M-ROB-011,Robotic Arm Servo Joint Actuator,301.71,310.34,2946.8,37.64,149,M,0
M-ROB-012,Robotic Arm Servo Joint Actuator,297.99,311.82,3658.6,26.31,79,M,0
M-ROB-013,Robotic Arm Servo Joint Actuator,296.89,311.66,2510.8,45.64,38,M,0
M-ROB-014,Robotic Arm Servo Joint Actuator,296.14,310.11,2952.3,36.9,17,M,0
M-ROB-015,Robotic Arm Servo Joint Actuator,296.45,306.31,3068.6,34.82,101,M,0
M-ROB-016,Robotic Arm Servo Joint Actuator,297.64,305.96,1842.6,44.72,102,H,0
M-ROB-017,Robotic Arm Servo Joint Actuator,297.06,310.98,3356.8,38.08,71,M,0
M-ROB-018,Robotic Arm Servo Joint Actuator,301.88,310.38,2254.4,44.66,123,M,0
M-ROB-019,Robotic Arm Servo Joint Actuator,298.56,305.49,1777.6,40.3,50,L,0
M-ROB-020,Robotic Arm Servo Joint Actuator,301.97,304.61,2682.6,43.07,128,L,0
M-ROB-021,Robotic Arm Servo Joint Actuator,298.09,307.63,2987.4,49.09,59,L,0
M-ROB-022,Robotic Arm Servo Joint Actuator,297.62,311.91,3175.7,31.22,102,M,0
M-ROB-023,Robotic Arm Servo Joint Actuator,297.65,304.91,1785.1,27.17,124,M,0
M-ROB-024,Robotic Arm Servo Joint Actuator,296.62,310.82,3003.4,48.63,110,H,0
M-ROB-025,Robotic Arm Servo Joint Actuator,298.84,309.19,1570.7,15.52,29,M,0
M-ROB-026,Robotic Arm Servo Joint Actuator,298.58,307.9,1845.1,38.57,99,M,0
M-ROB-027,Robotic Arm Servo Joint Actuator,296.08,304.62,2479.2,20.39,66,M,0
M-ROB-028,Robotic Arm Servo Joint Actuator,299.28,305.85,2359.6,36.49,139,L,0
M-ROB-029,Robotic Arm Servo Joint Actuator,299.32,306.9,2412.6,45.78,15,L,0
M-ROB-030,Robotic Arm Servo Joint Actuator,299.99,309.45,1595.0,36.19,82,H,0
M-ROB-031,Robotic Arm Servo Joint Actuator,297.67,311.12,2875.0,29.47,20,L,0
M-ROB-032,Robotic Arm Servo Joint Actuator,300.22,308.91,2775.7,30.18,98,M,0
M-ROB-033,Robotic Arm Servo Joint Actuator,301.65,308.71,2278.0,30.74,130,H,0
M-ROB-034,Robotic Arm Servo Joint Actuator,297.76,309.44,2288.7,42.74,29,L,0
M-ROB-035,Robotic Arm Servo Joint Actuator,296.41,304.1,3745.6,35.35,62,M,0
M-ROB-036,Robotic Arm Servo Joint Actuator,299.7,308.07,3979.0,49.41,105,M,0
M-ROB-037,Robotic Arm Servo Joint Actuator,298.95,309.46,1753.9,26.49,21,H,0
M-ROB-038,Robotic Arm Servo Joint Actuator,297.18,307.88,3461.9,31.99,60,H,0
M-ROB-039,Robotic Arm Servo Joint Actuator,299.3,306.17,3037.3,49.2,26,M,0
M-ROB-040,Robotic Arm Servo Joint Actuator,298.84,311.75,3429.5,46.44,60,L,0
M-ROB-041,Robotic Arm Servo Joint Actuator,296.62,304.42,3639.0,47.45,23,H,0
M-ROB-042,Robotic Arm Servo Joint Actuator,296.2,304.84,2023.5,48.95,110,L,0
M-ROB-043,Robotic Arm Servo Joint Actuator,300.66,308.28,3493.7,35.85,57,M,0
M-ROB-044,Robotic Arm Servo Joint Actuator,299.2,310.59,3954.3,29.39,124,H,0
M-ROB-045,Robotic Arm Servo Joint Actuator,300.66,306.97,1598.5,27.71,101,H,0
M-ROB-046,Robotic Arm Servo Joint Actuator,301.54,304.62,3825.0,39.75,59,M,0
M-ROB-047,Robotic Arm Servo Joint Actuator,300.44,308.81,3179.1,28.62,83,L,0
M-ROB-048,Robotic Arm Servo Joint Actuator,297.28,307.34,2229.6,41.78,124,M,0
M-ROB-049,Robotic Arm Servo Joint Actuator,296.49,304.09,2568.6,29.36,158,M,0
M-ROB-050,Robotic Arm Servo Joint Actuator,297.54,311.13,2727.7,35.97,24,M,0
M-ROB-051,Robotic Arm Servo Joint Actuator,301.67,308.72,2361.3,36.9,146,M,0
M-ROB-052,Robotic Arm Servo Joint Actuator,299.03,311.67,1931.0,40.19,102,M,0
M-ROB-053,Robotic Arm Servo Joint Actuator,298.11,306.51,3210.5,22.54,72,H,0
M-ROB-054,Robotic Arm Servo Joint Actuator,296.05,311.76,2579.3,48.93,31,M,0
M-ROB-055,Robotic Arm Servo Joint Actuator,297.21,310.32,3459.3,18.94,146,H,0
M-ROB-056,Robotic Arm Servo Joint Actuator,299.68,311.89,3706.0,48.48,61,H,0
M-ROB-057,Robotic Arm Servo Joint Actuator,297.13,308.0,3483.1,20.26,108,M,0
M-ROB-058,Robotic Arm Servo Joint Actuator,298.05,309.3,2667.5,43.42,33,L,0
M-ROB-059,Robotic Arm Servo Joint Actuator,296.39,305.55,3140.4,44.92,47,M,0
M-ROB-060,Robotic Arm Servo Joint Actuator,299.22,305.69,3527.9,42.08,31,M,0
M-ROB-061,Robotic Arm Servo Joint Actuator,300.65,306.7,3082.8,16.76,101,H,0
M-ROB-062,Robotic Arm Servo Joint Actuator,300.98,306.84,2203.9,44.43,17,M,0
M-ROB-063,Robotic Arm Servo Joint Actuator,298.22,306.28,3779.4,41.28,19,L,0
M-ROB-064,Robotic Arm Servo Joint Actuator,299.16,311.21,2282.4,35.1,85,M,0
M-ROB-065,Robotic Arm Servo Joint Actuator,298.74,305.65,3389.3,30.8,153,M,0
M-ROB-066,Robotic Arm Servo Joint Actuator,300.1,311.53,3158.6,45.49,134,M,0
M-ROB-067,Robotic Arm Servo Joint Actuator,299.6,305.25,2838.8,23.06,121,M,0
M-ROB-068,Robotic Arm Servo Joint Actuator,298.47,306.15,3996.7,17.51,16,M,0
M-ROB-069,Robotic Arm Servo Joint Actuator,301.83,311.83,3137.3,45.8,42,L,0
M-ROB-070,Robotic Arm Servo Joint Actuator,296.86,304.81,1780.5,35.06,127,M,0
M-ROB-071,Robotic Arm Servo Joint Actuator,301.87,307.48,1876.1,31.31,111,L,0
M-ROB-072,Robotic Arm Servo Joint Actuator,298.75,308.75,2168.4,37.61,157,H,0
M-ROB-073,Robotic Arm Servo Joint Actuator,301.32,308.5,2130.2,48.42,82,M,0
M-ROB-074,Robotic Arm Servo Joint Actuator,297.09,305.96,3582.1,36.5,146,M,0
M-ROB-075,Robotic Arm Servo Joint Actuator,296.73,304.05,2769.7,49.94,114,M,0
M-ROB-076,Robotic Arm Servo Joint Actuator,301.26,310.25,1538.5,43.59,55,H,0
M-ROB-077,Robotic Arm Servo Joint Actuator,297.36,307.75,2562.2,25.11,35,L,0
M-ROB-078,Robotic Arm Servo Joint Actuator,301.94,310.22,2239.8,23.57,42,H,0
M-ROB-079,Robotic Arm Servo Joint Actuator,299.31,308.84,3263.8,38.81,53,M,0
M-ROB-080,Robotic Arm Servo Joint Actuator,300.09,306.8,2031.6,28.1,50,H,0
M-ROB-081,Robotic Arm Servo Joint Actuator,300.98,310.82,2049.4,17.27,120,M,0
M-ROB-082,Robotic Arm Servo Joint Actuator,298.36,304.51,2065.7,42.75,130,M,0
M-ROB-083,Robotic Arm Servo Joint Actuator,298.02,305.07,1685.4,49.73,108,M,0
M-ROB-084,Robotic Arm Servo Joint Actuator,300.59,310.72,3516.8,15.58,38,M,0
M-ROB-085,Robotic Arm Servo Joint Actuator,298.25,311.86,3163.5,48.48,40,L,0
M-ROB-086,Robotic Arm Servo Joint Actuator,297.93,311.92,1894.2,33.07,128,M,0
M-ROB-087,Robotic Arm Servo Joint Actuator,298.81,311.89,2563.3,36.14,18,L,0
M-ROB-088,Robotic Arm Servo Joint Actuator,299.89,307.23,1540.4,35.71,11,H,0
M-ROB-089,Robotic Arm Servo Joint Actuator,299.7,305.51,1979.7,37.86,18,M,0
M-ROB-090,Robotic Arm Servo Joint Actuator,296.9,308.64,3154.4,40.24,48,H,0
M-ROB-091,Robotic Arm Servo Joint Actuator,296.47,307.41,3864.6,22.62,48,H,0
M-ROB-092,Robotic Arm Servo Joint Actuator,299.63,309.44,3107.3,45.14,82,H,0
M-ROB-093,Robotic Arm Servo Joint Actuator,297.74,309.3,3032.8,33.59,112,M,0
M-ROB-094,Robotic Arm Servo Joint Actuator,301.29,308.69,3446.5,23.7,111,L,0
M-ROB-095,Robotic Arm Servo Joint Actuator,298.31,310.23,3312.0,17.08,97,H,0
M-ROB-096,Robotic Arm Servo Joint Actuator,301.8,310.49,1774.3,19.26,99,M,0
M-ROB-097,Robotic Arm Servo Joint Actuator,296.21,308.33,2469.6,18.54,130,L,0
M-ROB-098,Robotic Arm Servo Joint Actuator,300.54,310.58,2041.2,24.23,41,L,0
M-ROB-099,Robotic Arm Servo Joint Actuator,301.69,309.73,3703.7,37.35,68,M,0
M-ROB-100,Robotic Arm Servo Joint Actuator,296.45,304.25,3238.7,30.35,92,M,0
M-ROB-101,Robotic Arm Servo Joint Actuator,297.66,307.81,2676.9,28.59,133,M,0
M-ROB-102,Robotic Arm Servo Joint Actuator,299.62,311.16,3665.6,46.16,50,H,0
M-ROB-103,Robotic Arm Servo Joint Actuator,297.57,306.23,3773.4,37.72,22,H,0
M-ROB-104,Robotic Arm Servo Joint Actuator,296.93,309.04,3338.5,45.09,151,M,0
M-ROB-105,Robotic Arm Servo Joint Actuator,297.86,305.92,2396.9,47.01,96,L,0
M-ROB-106,Robotic Arm Servo Joint Actuator,298.94,304.23,1660.5,33.83,117,M,0
M-ROB-107,Robotic Arm Servo Joint Actuator,300.33,310.49,2529.7,41.12,70,M,0
M-ROB-108,Robotic Arm Servo Joint Actuator,300.58,311.94,2363.5,29.39,34,M,0
M-ROB-109,Robotic Arm Servo Joint Actuator,300.16,311.34,2486.5,21.29,52,M,0
M-ROB-110,Robotic Arm Servo Joint Actuator,297.74,305.87,3340.0,15.27,90,L,0
M-ROB-111,Robotic Arm Servo Joint Actuator,297.6,308.83,3172.3,37.93,76,M,0
M-ROB-112,Robotic Arm Servo Joint Actuator,301.02,310.07,2303.1,18.61,20,H,0
M-ROB-113,Robotic Arm Servo Joint Actuator,299.5,304.41,2342.3,41.36,54,L,0
M-ROB-114,Robotic Arm Servo Joint Actuator,300.47,305.97,3322.1,41.17,69,M,0
M-ROB-115,Robotic Arm Servo Joint Actuator,299.13,311.37,3099.0,21.05,112,M,0
M-ROB-116,Robotic Arm Servo Joint Actuator,299.55,309.87,2787.4,43.49,118,M,0
M-ROB-117,Robotic Arm Servo Joint Actuator,296.9,310.69,3839.8,19.79,83,M,0
M-ROB-118,Robotic Arm Servo Joint Actuator,300.53,309.77,1852.2,45.7,37,L,0
M-ROB-119,Robotic Arm Servo Joint Actuator,298.74,306.63,1895.6,20.87,109,M,0
M-ROB-120,Robotic Arm Servo Joint Actuator,296.73,304.9,1680.8,41.03,116,H,0
M-ROB-121,Robotic Arm Servo Joint Actuator,299.36,304.68,3759.4,46.75,114,L,0
M-ROB-122,Robotic Arm Servo Joint Actuator,300.87,310.63,2924.3,25.71,42,M,0
M-ROB-123,Robotic Arm Servo Joint Actuator,299.77,305.38,2146.6,31.38,44,M,0
M-ROB-124,Robotic Arm Servo Joint Actuator,301.54,309.98,3166.1,35.4,83,H,0
M-ROB-125,Robotic Arm Servo Joint Actuator,301.37,305.99,1728.3,41.25,36,M,0
M-ROB-126,Robotic Arm Servo Joint Actuator,296.17,305.1,1933.0,16.9,108,L,0
M-ROB-127,Robotic Arm Servo Joint Actuator,298.24,311.0,2033.4,26.39,32,M,0
M-ROB-128,Robotic Arm Servo Joint Actuator,298.52,308.91,3404.2,34.1,104,L,0
M-ROB-129,Robotic Arm Servo Joint Actuator,297.79,306.87,3294.3,36.4,36,M,0
M-ROB-130,Robotic Arm Servo Joint Actuator,298.81,307.36,1945.7,47.36,124,M,0
M-ROB-131,Robotic Arm Servo Joint Actuator,300.08,311.18,1840.4,23.76,91,L,0
M-ROB-132,Robotic Arm Servo Joint Actuator,296.22,311.87,2637.3,27.57,53,H,0
M-ROB-133,Robotic Arm Servo Joint Actuator,300.75,311.64,2534.1,48.33,133,M,0
M-ROB-134,Robotic Arm Servo Joint Actuator,300.04,307.48,2896.8,17.03,114,H,0
M-ROB-135,Robotic Arm Servo Joint Actuator,300.9,310.6,2092.7,26.33,82,M,0
M-ROB-136,Robotic Arm Servo Joint Actuator,297.72,308.74,2244.5,16.94,10,H,0
M-ROB-137,Robotic Arm Servo Joint Actuator,300.75,311.69,2567.4,32.94,32,M,0
M-ROB-138,Robotic Arm Servo Joint Actuator,296.87,308.89,3833.1,21.85,124,H,0
M-ROB-139,Robotic Arm Servo Joint Actuator,298.25,304.89,2381.2,21.07,65,M,0
M-ROB-140,Robotic Arm Servo Joint Actuator,297.8,309.25,3797.1,29.02,38,M,0
M-ROB-141,Robotic Arm Servo Joint Actuator,301.12,308.57,2637.5,20.24,77,M,0
M-ROB-142,Robotic Arm Servo Joint Actuator,301.66,311.07,1709.8,33.08,43,M,0
M-ROB-143,Robotic Arm Servo Joint Actuator,301.26,308.22,2335.5,22.28,130,M,0
M-ROB-144,Robotic Arm Servo Joint Actuator,298.81,305.74,2335.6,48.59,88,M,0
M-ROB-145,Robotic Arm Servo Joint Actuator,299.13,310.23,2350.3,21.25,97,M,0
M-ROB-146,Robotic Arm Servo Joint Actuator,300.28,311.06,2427.9,17.64,153,M,0
M-ROB-147,Robotic Arm Servo Joint Actuator,299.74,309.33,2866.3,22.18,123,L,0
M-ROB-148,Robotic Arm Servo Joint Actuator,299.32,307.91,1784.8,17.94,60,M,0
M-ROB-149,Robotic Arm Servo Joint Actuator,301.72,310.27,3149.8,33.12,35,L,0
M-ROB-150,Robotic Arm Servo Joint Actuator,298.25,304.86,2734.5,45.59,143,H,0
M-ROB-151,Robotic Arm Servo Joint Actuator,301.32,306.17,1597.4,44.67,139,M,0
M-ROB-152,Robotic Arm Servo Joint Actuator,299.45,310.5,3465.8,46.15,92,L,0
M-ROB-153,Robotic Arm Servo Joint Actuator,301.98,304.93,3623.9,32.49,68,M,0
M-ROB-154,Robotic Arm Servo Joint Actuator,296.34,308.05,3677.2,22.47,73,L,0
M-ROB-155,Robotic Arm Servo Joint Actuator,298.57,306.87,2601.3,33.18,104,L,0
M-ROB-156,Robotic Arm Servo Joint Actuator,298.71,310.54,2834.3,26.85,108,L,0
M-ROB-157,Robotic Arm Servo Joint Actuator,299.35,304.45,1924.7,24.99,52,M,0
M-ROB-158,Robotic Arm Servo Joint Actuator,296.11,310.05,2163.4,25.85,89,M,0
M-ROB-159,Robotic Arm Servo Joint Actuator,301.31,304.68,2611.0,44.73,102,M,0
M-ROB-160,Robotic Arm Servo Joint Actuator,298.52,309.65,3933.2,46.26,61,L,0
M-ROB-161,Robotic Arm Servo Joint Actuator,296.02,304.22,3559.6,21.98,19,M,0
M-ROB-162,Robotic Arm Servo Joint Actuator,298.56,309.84,3060.8,23.32,85,L,0
M-ROB-163,Robotic Arm Servo Joint Actuator,300.89,306.59,3955.7,39.8,19,H,0
M-ROB-164,Robotic Arm Servo Joint Actuator,297.01,309.82,1959.3,32.9,23,L,0
M-ROB-165,Robotic Arm Servo Joint Actuator,298.06,311.27,3862.2,15.21,79,H,0
M-ROB-166,Robotic Arm Servo Joint Actuator,301.45,308.15,1687.4,18.86,67,L,0
M-ROB-167,Robotic Arm Servo Joint Actuator,300.16,310.94,2416.1,16.51,156,H,0
M-ROB-168,Robotic Arm Servo Joint Actuator,301.69,306.95,1525.2,39.12,157,L,0
M-ROB-169,Robotic Arm Servo Joint Actuator,296.97,305.45,2913.8,37.31,120,H,0
M-ROB-170,Robotic Arm Servo Joint Actuator,301.75,309.11,3617.6,33.9,72,L,0
M-ROB-171,Robotic Arm Servo Joint Actuator,299.49,310.93,3883.2,38.64,92,H,0
M-ROB-172,Robotic Arm Servo Joint Actuator,296.24,305.61,1965.0,23.92,55,M,0
M-ROB-173,Robotic Arm Servo Joint Actuator,298.52,304.79,1605.9,38.59,90,M,0
M-ROB-174,Robotic Arm Servo Joint Actuator,299.81,310.62,2569.2,37.44,153,L,0
M-ROB-175,Robotic Arm Servo Joint Actuator,298.56,309.16,1942.7,34.62,157,M,0
M-ROB-176,Robotic Arm Servo Joint Actuator,301.57,307.26,3997.1,35.27,16,M,0
M-ROB-177,Robotic Arm Servo Joint Actuator,297.65,304.26,3552.1,24.65,129,M,0
M-ROB-178,Robotic Arm Servo Joint Actuator,297.17,311.79,2404.1,36.05,101,M,0
M-ROB-179,Robotic Arm Servo Joint Actuator,301.49,309.4,2509.3,45.18,37,M,0
M-ROB-180,Robotic Arm Servo Joint Actuator,301.7,309.0,3542.4,37.87,135,L,0
M-ROB-181,Robotic Arm Servo Joint Actuator,297.64,305.36,2710.0,39.57,44,H,0
M-ROB-182,Robotic Arm Servo Joint Actuator,298.06,311.75,3237.4,29.05,38,M,0
M-ROB-183,Robotic Arm Servo Joint Actuator,297.02,304.85,3766.9,49.92,34,H,0
M-ROB-184,Robotic Arm Servo Joint Actuator,297.98,307.69,2012.1,25.55,40,L,0
M-ROB-185,Robotic Arm Servo Joint Actuator,300.28,309.08,2468.0,46.82,155,H,0
M-ROB-186,Robotic Arm Servo Joint Actuator,297.34,308.21,1728.1,30.28,97,M,0
M-ROB-187,Robotic Arm Servo Joint Actuator,297.99,308.34,3897.0,22.21,108,H,0
M-ROB-188,Robotic Arm Servo Joint Actuator,296.4,308.41,1762.3,15.78,35,M,0
M-ROB-189,Robotic Arm Servo Joint Actuator,300.22,305.62,3170.6,21.39,102,M,0
M-ROB-190,Robotic Arm Servo Joint Actuator,299.92,311.96,3844.5,15.15,142,H,0
M-ROB-191,Robotic Arm Servo Joint Actuator,301.72,306.25,2455.1,18.21,26,L,0
M-ROB-192,Robotic Arm Servo Joint Actuator,301.67,308.89,3289.6,41.67,49,H,0
M-ROB-193,Robotic Arm Servo Joint Actuator,296.01,306.81,2103.7,17.18,36,H,0
M-ROB-194,Robotic Arm Servo Joint Actuator,301.49,305.12,2844.1,35.76,91,H,0
M-ROB-195,Robotic Arm Servo Joint Actuator,297.91,304.41,2489.2,21.6,94,M,0
M-ROB-196,Robotic Arm Servo Joint Actuator,299.19,307.47,2468.3,44.46,42,L,0
M-ROB-197,Robotic Arm Servo Joint Actuator,300.54,307.35,2243.3,31.47,23,H,0
M-ROB-198,Robotic Arm Servo Joint Actuator,296.67,305.5,2760.4,44.72,45,L,0
M-ROB-199,Robotic Arm Servo Joint Actuator,301.73,311.67,3593.9,27.73,20,M,0
M-ROB-200,Robotic Arm Servo Joint Actuator,299.35,310.8,3990.0,32.79,61,H,0
M-ROB-201,Robotic Arm Servo Joint Actuator,296.03,308.07,2888.8,43.87,85,L,0
M-ROB-202,Robotic Arm Servo Joint Actuator,299.77,310.72,1870.8,44.94,111,H,0
M-ROB-203,Robotic Arm Servo Joint Actuator,297.14,311.41,1580.5,31.19,57,M,0
M-ROB-204,Robotic Arm Servo Joint Actuator,301.04,306.88,2567.3,49.37,127,L,0
M-ROB-205,Robotic Arm Servo Joint Actuator,298.63,305.87,2529.7,40.06,26,M,0
M-ROB-206,Robotic Arm Servo Joint Actuator,296.28,307.46,3568.6,15.86,111,L,0
M-ROB-207,Robotic Arm Servo Joint Actuator,297.42,309.55,3937.8,48.68,45,H,0
M-ROB-208,Robotic Arm Servo Joint Actuator,296.89,309.62,3314.4,38.6,60,H,0
M-ROB-209,Robotic Arm Servo Joint Actuator,299.48,307.87,3322.1,30.45,60,M,0
M-ROB-210,Robotic Arm Servo Joint Actuator,297.27,306.13,1737.1,27.14,15,H,0
M-ROB-211,Robotic Arm Servo Joint Actuator,300.48,306.6,3170.6,40.09,97,L,0
M-ROB-212,Robotic Arm Servo Joint Actuator,296.13,309.91,3897.0,45.18,35,M,0
M-ROB-213,Robotic Arm Servo Joint Actuator,297.03,308.81,3280.5,26.1,90,M,0
M-ROB-214,Robotic Arm Servo Joint Actuator,298.53,310.83,3428.9,17.26,103,M,0
M-ROB-215,Robotic Arm Servo Joint Actuator,299.35,311.66,3697.7,29.16,53,M,0
M-ROB-216,Robotic Arm Servo Joint Actuator,299.2,304.91,2873.2,15.05,58,M,0
M-ROB-217,Robotic Arm Servo Joint Actuator,301.83,309.82,2374.1,18.25,87,M,0
M-ROB-218,Robotic Arm Servo Joint Actuator,299.22,310.68,3039.5,37.18,91,L,0
M-ROB-219,Robotic Arm Servo Joint Actuator,301.59,308.1,2264.4,31.09,37,M,0
M-ROB-220,Robotic Arm Servo Joint Actuator,299.0,304.83,1994.1,31.79,143,M,0
M-ROB-221,Robotic Arm Servo Joint Actuator,300.09,306.71,2928.5,30.66,108,H,0
M-ROB-222,Robotic Arm Servo Joint Actuator,298.96,306.37,2315.5,48.63,37,M,0
M-ROB-223,Robotic Arm Servo Joint Actuator,299.06,310.9,2541.7,41.04,138,M,0
M-ROB-224,Robotic Arm Servo Joint Actuator,298.36,306.85,3582.1,16.55,56,M,0
M-ROB-225,Robotic Arm Servo Joint Actuator,299.39,307.49,2849.9,21.92,74,M,0
M-ROB-226,Robotic Arm Servo Joint Actuator,301.41,306.09,3669.6,37.55,13,L,0
M-ROB-227,Robotic Arm Servo Joint Actuator,296.21,311.98,3681.6,25.41,48,M,0
M-ROB-228,Robotic Arm Servo Joint Actuator,298.14,306.98,2295.7,36.74,34,L,0
M-ROB-229,Robotic Arm Servo Joint Actuator,300.87,307.81,3631.8,23.65,12,M,0
M-ROB-230,Robotic Arm Servo Joint Actuator,298.75,308.54,3748.3,48.95,105,L,0
M-ROB-231,Robotic Arm Servo Joint Actuator,296.5,305.29,3333.0,30.1,76,M,0
M-ROB-232,Robotic Arm Servo Joint Actuator,299.64,305.48,3067.3,21.08,19,M,0
M-ROB-233,Robotic Arm Servo Joint Actuator,297.39,311.11,1637.4,21.18,92,M,0
M-ROB-234,Robotic Arm Servo Joint Actuator,296.28,304.06,3970.2,38.06,64,M,0
M-ROB-235,Robotic Arm Servo Joint Actuator,297.6,306.76,3122.6,45.9,37,L,0
M-ROB-236,Robotic Arm Servo Joint Actuator,296.73,305.72,1592.9,19.93,147,M,0
M-ROB-237,Robotic Arm Servo Joint Actuator,296.47,311.68,3697.5,41.41,150,M,0
M-ROB-238,Robotic Arm Servo Joint Actuator,301.02,309.52,3674.4,42.89,61,L,0
M-ROB-239,Robotic Arm Servo Joint Actuator,297.57,306.63,1769.8,47.73,53,M,0
M-ROB-240,Robotic Arm Servo Joint Actuator,298.35,311.68,2337.6,42.25,138,M,0
M-ROB-241,Robotic Arm Servo Joint Actuator,298.27,309.98,3782.2,41.42,44,L,0
M-ROB-242,Robotic Arm Servo Joint Actuator,298.33,308.61,3578.6,21.59,127,M,0
M-ROB-243,Robotic Arm Servo Joint Actuator,301.36,305.38,2551.7,44.15,12,H,0
M-ROB-244,Robotic Arm Servo Joint Actuator,301.94,306.24,3938.9,21.39,64,L,0
M-ROB-245,Robotic Arm Servo Joint Actuator,299.95,308.65,2824.7,44.52,45,M,0
M-ROB-246,Robotic Arm Servo Joint Actuator,296.93,308.77,2126.4,26.68,80,H,0
M-ROB-247,Robotic Arm Servo Joint Actuator,296.55,309.49,2572.4,45.27,114,H,0
M-ROB-248,Robotic Arm Servo Joint Actuator,299.7,304.75,3452.3,49.7,89,M,0
M-ROB-249,Robotic Arm Servo Joint Actuator,297.42,307.5,3640.2,20.86,49,M,0
M-ROB-250,Robotic Arm Servo Joint Actuator,300.27,307.01,3819.3,18.31,65,L,0
M-ROB-251,Robotic Arm Servo Joint Actuator,297.36,309.25,1910.5,16.96,28,L,0
M-ROB-252,Robotic Arm Servo Joint Actuator,299.31,310.37,2331.6,35.74,84,L,0
M-ROB-253,Robotic Arm Servo Joint Actuator,300.49,309.84,1615.9,34.24,80,L,0
M-ROB-254,Robotic Arm Servo Joint Actuator,297.54,306.16,2528.4,23.52,29,L,0
M-ROB-255,Robotic Arm Servo Joint Actuator,299.35,310.89,3577.8,24.87,92,H,0
M-ROB-256,Robotic Arm Servo Joint Actuator,301.49,307.23,2484.2,25.6,79,M,0
M-ROB-257,Robotic Arm Servo Joint Actuator,298.25,310.4,3585.6,25.65,80,L,0
M-ROB-258,Robotic Arm Servo Joint Actuator,296.32,311.11,2048.0,38.75,97,M,0
M-ROB-259,Robotic Arm Servo Joint Actuator,301.16,304.81,2367.6,33.84,131,M,0
M-ROB-260,Robotic Arm Servo Joint Actuator,300.82,307.2,1972.3,41.56,23,M,0
M-ROB-261,Robotic Arm Servo Joint Actuator,296.38,306.85,3002.7,34.46,70,M,0
M-ROB-262,Robotic Arm Servo Joint Actuator,297.36,307.65,3883.1,44.77,31,H,0
M-ROB-263,Robotic Arm Servo Joint Actuator,301.6,308.21,2844.6,42.33,57,M,0
M-ROB-264,Robotic Arm Servo Joint Actuator,301.81,309.38,1884.4,19.66,40,L,0
M-ROB-265,Robotic Arm Servo Joint Actuator,297.77,304.17,3860.4,20.94,11,M,0
M-ROB-266,Robotic Arm Servo Joint Actuator,297.41,307.38,3801.0,45.77,78,M,0
M-ROB-267,Robotic Arm Servo Joint Actuator,299.33,305.95,1630.5,47.87,38,H,0
M-ROB-268,Robotic Arm Servo Joint Actuator,298.83,307.93,1546.1,20.18,66,M,0
M-ROB-269,Robotic Arm Servo Joint Actuator,297.37,307.38,2893.4,46.1,58,H,0
M-ROB-270,Robotic Arm Servo Joint Actuator,298.94,309.97,1774.6,29.86,12,H,0
M-ROB-271,Robotic Arm Servo Joint Actuator,298.9,306.39,3612.8,36.08,78,M,0
M-ROB-272,Robotic Arm Servo Joint Actuator,298.98,304.32,3732.0,49.94,37,H,0
M-ROB-273,Robotic Arm Servo Joint Actuator,296.86,309.29,3153.6,44.68,122,M,0
M-ROB-274,Robotic Arm Servo Joint Actuator,299.68,309.51,2781.8,31.65,106,M,0
M-ROB-275,Robotic Arm Servo Joint Actuator,299.86,308.9,3298.0,37.5,87,M,0
M-ROB-276,Robotic Arm Servo Joint Actuator,298.7,305.93,1503.5,34.6,98,L,0
M-ROB-277,Robotic Arm Servo Joint Actuator,298.17,307.15,2004.5,17.47,125,M,0
M-ROB-278,Robotic Arm Servo Joint Actuator,299.65,309.5,2678.1,45.67,76,M,0
M-ROB-279,Robotic Arm Servo Joint Actuator,301.38,310.89,1910.1,15.91,23,M,0
M-ROB-280,Robotic Arm Servo Joint Actuator,301.83,308.47,2433.2,46.11,77,M,0
M-ROB-281,Robotic Arm Servo Joint Actuator,301.65,310.8,3609.2,32.93,128,H,0
M-ROB-282,Robotic Arm Servo Joint Actuator,299.44,311.87,2227.4,42.8,83,H,0
M-ROB-283,Robotic Arm Servo Joint Actuator,300.58,305.35,3078.7,18.0,152,M,0
M-ROB-284,Robotic Arm Servo Joint Actuator,297.36,305.03,3865.0,39.92,121,M,0
M-ROB-285,Robotic Arm Servo Joint Actuator,298.85,304.88,2899.6,23.64,156,L,0
M-ROB-286,Robotic Arm Servo Joint Actuator,298.48,305.21,3463.3,19.27,38,M,0
M-ROB-287,Robotic Arm Servo Joint Actuator,299.34,310.3,2285.8,17.96,79,L,0
M-ROB-288,Robotic Arm Servo Joint Actuator,297.33,305.76,3868.1,48.4,158,L,0
M-ROB-289,Robotic Arm Servo Joint Actuator,297.13,305.7,2350.6,26.13,153,L,0
M-ROB-290,Robotic Arm Servo Joint Actuator,300.34,305.49,3773.8,43.98,34,L,0
M-ROB-291,Robotic Arm Servo Joint Actuator,297.63,304.65,3142.1,37.88,24,M,0
M-ROB-292,Robotic Arm Servo Joint Actuator,301.96,309.43,3325.2,22.45,21,M,0
M-ROB-293,Robotic Arm Servo Joint Actuator,297.49,305.88,1981.9,35.12,59,L,0
M-ROB-294,Robotic Arm Servo Joint Actuator,297.1,307.72,1534.1,31.86,18,L,0
M-ROB-295,Robotic Arm Servo Joint Actuator,300.74,307.92,1716.5,35.74,123,H,0
M-ROB-296,Robotic Arm Servo Joint Actuator,299.41,310.51,3420.6,43.1,141,L,0
M-ROB-297,Robotic Arm Servo Joint Actuator,298.43,308.55,3476.6,39.4,159,H,0
M-ROB-298,Robotic Arm Servo Joint Actuator,298.13,306.25,2155.8,22.79,116,H,0
M-ROB-299,Robotic Arm Servo Joint Actuator,300.45,309.55,2127.0,23.85,104,L,0
M-ROB-300,Robotic Arm Servo Joint Actuator,301.26,310.82,3912.2,35.35,146,L,0
M-ROB-301,Robotic Arm Servo Joint Actuator,301.37,304.09,3914.8,31.57,129,H,0
M-ROB-302,Robotic Arm Servo Joint Actuator,298.38,306.17,2229.1,19.31,130,H,0
M-ROB-303,Robotic Arm Servo Joint Actuator,297.88,305.4,2972.6,23.9,48,M,0
M-ROB-304,Robotic Arm Servo Joint Actuator,299.92,304.97,1938.8,23.65,156,M,0
M-ROB-305,Robotic Arm Servo Joint Actuator,299.59,305.93,2726.1,17.59,15,M,0
M-ROB-306,Robotic Arm Servo Joint Actuator,298.39,305.1,3219.0,49.75,69,M,0
M-ROB-307,Robotic Arm Servo Joint Actuator,301.78,310.65,2658.9,40.81,29,M,0
M-ROB-308,Robotic Arm Servo Joint Actuator,297.67,305.29,2565.7,19.59,114,M,0
M-ROB-309,Robotic Arm Servo Joint Actuator,299.19,305.17,1849.4,35.42,157,H,0
M-ROB-310,Robotic Arm Servo Joint Actuator,297.71,310.96,1680.7,45.66,88,M,0
M-ROB-311,Robotic Arm Servo Joint Actuator,297.86,306.38,2264.5,45.97,118,M,0
M-ROB-312,Robotic Arm Servo Joint Actuator,300.79,306.06,3045.1,31.1,127,M,0
M-ROB-313,Robotic Arm Servo Joint Actuator,299.86,311.06,2505.4,17.33,87,M,0
M-ROB-314,Robotic Arm Servo Joint Actuator,300.03,311.61,2714.0,31.32,108,H,0
M-ROB-315,Robotic Arm Servo Joint Actuator,297.52,311.35,3174.9,15.47,40,M,0
M-ROB-316,Robotic Arm Servo Joint Actuator,300.59,310.72,2230.4,47.59,92,M,0
M-ROB-317,Robotic Arm Servo Joint Actuator,299.58,304.98,3907.8,19.3,48,L,0
M-ROB-318,Robotic Arm Servo Joint Actuator,299.71,310.71,2789.3,28.19,148,H,0
M-ROB-319,Robotic Arm Servo Joint Actuator,301.14,305.85,3621.8,19.87,97,L,0
M-ROB-320,Robotic Arm Servo Joint Actuator,298.84,309.97,3511.7,40.78,148,M,0
M-ROB-321,Robotic Arm Servo Joint Actuator,297.04,304.38,2116.1,20.01,93,H,0
M-ROB-322,Robotic Arm Servo Joint Actuator,296.23,304.29,3578.9,35.7,63,L,0
M-ROB-323,Robotic Arm Servo Joint Actuator,296.42,311.84,3040.7,21.42,111,L,0
M-ROB-324,Robotic Arm Servo Joint Actuator,298.58,310.89,1876.8,24.76,24,M,0
M-ROB-325,Robotic Arm Servo Joint Actuator,297.43,311.34,1695.3,29.96,89,L,0
M-ROB-326,Robotic Arm Servo Joint Actuator,301.99,310.03,3927.0,42.55,154,L,0
M-ROB-327,Robotic Arm Servo Joint Actuator,296.48,307.22,3116.5,27.28,51,M,0
M-ROB-328,Robotic Arm Servo Joint Actuator,301.6,304.28,3423.1,40.3,154,L,0
M-ROB-329,Robotic Arm Servo Joint Actuator,300.57,308.16,2010.7,34.08,124,L,0
M-ROB-330,Robotic Arm Servo Joint Actuator,300.74,305.56,2999.2,26.63,11,M,0
M-ROB-331,Robotic Arm Servo Joint Actuator,296.68,310.74,2146.3,24.96,153,M,0
M-ROB-332,Robotic Arm Servo Joint Actuator,296.06,306.27,1798.2,18.6,21,M,0
M-ROB-333,Robotic Arm Servo Joint Actuator,297.14,306.89,3655.0,29.85,147,M,0
M-ROB-334,Robotic Arm Servo Joint Actuator,298.39,310.0,1682.9,18.13,107,M,0
M-ROB-335,Robotic Arm Servo Joint Actuator,300.74,311.33,2470.9,35.87,85,L,0
M-ROB-336,Robotic Arm Servo Joint Actuator,300.99,311.29,2135.9,42.04,49,M,0
M-ROB-337,Robotic Arm Servo Joint Actuator,301.67,304.15,3913.5,20.22,132,M,0
M-ROB-338,Robotic Arm Servo Joint Actuator,298.1,305.73,2963.8,27.18,108,H,0
M-ROB-339,Robotic Arm Servo Joint Actuator,296.39,304.8,2547.5,43.52,143,M,0
M-ROB-340,Robotic Arm Servo Joint Actuator,299.45,310.15,2222.1,29.32,88,H,0
M-ROB-341,Robotic Arm Servo Joint Actuator,296.16,305.22,3067.1,17.58,38,M,0
M-ROB-342,Robotic Arm Servo Joint Actuator,296.47,305.53,3778.2,15.68,108,M,0
M-ROB-343,Robotic Arm Servo Joint Actuator,300.04,308.71,2058.7,44.65,83,L,0
M-ROB-344,Robotic Arm Servo Joint Actuator,298.44,311.88,3426.2,48.81,87,M,0
M-ROB-345,Robotic Arm Servo Joint Actuator,300.53,311.04,3910.4,26.36,129,M,0
M-ROB-346,Robotic Arm Servo Joint Actuator,299.27,305.44,2368.5,47.6,31,M,0
M-ROB-347,Robotic Arm Servo Joint Actuator,299.56,304.97,2314.9,34.7,38,L,0
M-ROB-348,Robotic Arm Servo Joint Actuator,301.83,305.72,1967.3,30.92,122,M,0
M-ROB-349,Robotic Arm Servo Joint Actuator,296.12,308.33,3891.5,28.69,73,L,0
M-ROB-350,Robotic Arm Servo Joint Actuator,300.17,309.75,2906.8,49.11,113,L,0
M-ROB-351,Robotic Arm Servo Joint Actuator,300.2,309.88,2226.0,25.62,127,M,0
M-ROB-352,Robotic Arm Servo Joint Actuator,299.38,305.99,3542.5,18.87,134,M,0
M-ROB-353,Robotic Arm Servo Joint Actuator,297.12,308.34,2206.2,26.32,62,H,0
M-ROB-354,Robotic Arm Servo Joint Actuator,301.92,304.25,3156.2,27.99,106,M,0
M-ROB-355,Robotic Arm Servo Joint Actuator,300.04,309.83,3226.4,18.99,108,M,0
M-ROB-356,Robotic Arm Servo Joint Actuator,296.17,307.32,2583.9,31.35,115,M,0
M-ROB-357,Robotic Arm Servo Joint Actuator,297.89,304.48,3217.1,34.87,62,L,0
M-ROB-358,Robotic Arm Servo Joint Actuator,299.22,307.75,2778.3,37.27,109,M,0
M-ROB-359,Robotic Arm Servo Joint Actuator,296.84,305.25,3098.5,45.55,71,H,0
M-ROB-360,Robotic Arm Servo Joint Actuator,300.54,310.66,3701.5,36.24,139,H,0
M-ROB-361,Robotic Arm Servo Joint Actuator,296.64,304.74,3281.5,17.44,84,M,0
M-ROB-362,Robotic Arm Servo Joint Actuator,297.86,310.96,1926.1,27.34,126,H,0
M-ROB-363,Robotic Arm Servo Joint Actuator,300.04,310.53,3830.7,45.67,57,M,0
M-ROB-364,Robotic Arm Servo Joint Actuator,296.46,306.06,1735.6,26.03,141,M,0
M-ROB-365,Robotic Arm Servo Joint Actuator,299.37,307.47,2647.3,48.94,54,M,0
M-ROB-366,Robotic Arm Servo Joint Actuator,298.52,304.49,2723.3,43.47,24,H,0
M-ROB-367,Robotic Arm Servo Joint Actuator,296.92,310.12,3310.0,34.78,80,L,0
M-ROB-368,Robotic Arm Servo Joint Actuator,300.6,310.5,3533.2,37.5,78,L,0
M-ROB-369,Robotic Arm Servo Joint Actuator,301.56,304.19,1628.9,48.56,51,L,0
M-ROB-370,Robotic Arm Servo Joint Actuator,298.33,304.95,1701.1,20.48,47,M,0
M-ROB-371,Robotic Arm Servo Joint Actuator,300.21,311.89,2603.8,33.14,88,M,0
M-ROB-372,Robotic Arm Servo Joint Actuator,299.11,304.07,1504.3,18.42,25,L,0
M-ROB-373,Robotic Arm Servo Joint Actuator,297.23,311.16,3821.5,49.16,150,M,0
M-ROB-374,Robotic Arm Servo Joint Actuator,299.06,305.4,3515.5,46.1,137,M,0
M-ROB-375,Robotic Arm Servo Joint Actuator,300.55,304.78,1600.6,41.36,73,L,0
M-ROB-376,Robotic Arm Servo Joint Actuator,296.58,310.85,2700.0,43.95,132,L,0
M-ROB-377,Robotic Arm Servo Joint Actuator,297.79,311.6,1879.2,17.87,74,L,0
M-ROB-378,Robotic Arm Servo Joint Actuator,298.84,310.63,3324.2,22.33,152,H,0
M-ROB-379,Robotic Arm Servo Joint Actuator,301.39,306.44,2750.4,29.78,35,M,0
M-ROB-380,Robotic Arm Servo Joint Actuator,297.16,305.63,1967.6,32.12,129,M,0
M-ROB-381,Robotic Arm Servo Joint Actuator,301.36,309.09,3223.4,38.37,77,M,0
M-ROB-382,Robotic Arm Servo Joint Actuator,296.42,310.88,3444.5,23.58,125,H,0
M-ROB-383,Robotic Arm Servo Joint Actuator,297.3,304.52,3450.6,41.46,132,H,0
M-ROB-384,Robotic Arm Servo Joint Actuator,299.01,309.64,1888.5,37.74,22,H,0
M-ROB-385,Robotic Arm Servo Joint Actuator,298.85,309.23,1864.7,21.48,40,M,0
M-ROB-386,Robotic Arm Servo Joint Actuator,297.36,307.16,3134.5,30.33,126,L,0
M-ROB-387,Robotic Arm Servo Joint Actuator,296.76,304.39,3694.9,17.79,32,H,0
M-ROB-388,Robotic Arm Servo Joint Actuator,299.77,308.66,3967.3,46.04,71,M,0
M-ROB-389,Robotic Arm Servo Joint Actuator,297.78,305.22,1845.2,19.63,27,M,0
M-ROB-390,Robotic Arm Servo Joint Actuator,297.84,311.69,2946.2,49.57,65,M,0
M-ROB-391,Robotic Arm Servo Joint Actuator,297.95,305.46,1857.9,48.08,158,H,0
M-ROB-392,Robotic Arm Servo Joint Actuator,296.9,307.39,1965.8,27.74,29,M,0
M-ROB-393,Robotic Arm Servo Joint Actuator,297.63,306.82,1735.8,29.98,157,M,0
M-ROB-394,Robotic Arm Servo Joint Actuator,301.26,310.75,3880.1,42.65,108,L,0
M-ROB-395,Robotic Arm Servo Joint Actuator,296.45,307.7,3973.1,41.94,154,L,0
M-ROB-396,Robotic Arm Servo Joint Actuator,301.25,309.65,3401.3,33.31,148,L,0
M-ROB-397,Robotic Arm Servo Joint Actuator,301.06,309.38,2261.4,16.25,150,M,0
M-ROB-398,Robotic Arm Servo Joint Actuator,297.79,305.19,3573.8,44.28,132,M,0
M-ROB-399,Robotic Arm Servo Joint Actuator,298.2,306.43,1521.4,44.18,23,M,0
M-ROB-400,Robotic Arm Servo Joint Actuator,299.02,308.21,3816.8,16.11,126,H,0
M-ROB-F1-001,Robotic Arm Servo Joint Actuator,304.31,322.59,1657.7,42.62,72,H,1
M-ROB-F1-002,Robotic Arm Servo Joint Actuator,304.32,324.96,3515.3,30.32,75,L,1
M-ROB-F1-003,Robotic Arm Servo Joint Actuator,308.88,319.92,3032.6,36.99,96,M,1
M-ROB-F1-004,Robotic Arm Servo Joint Actuator,311.75,319.56,3877.7,33.84,89,H,1
M-ROB-F1-005,Robotic Arm Servo Joint Actuator,307.04,327.0,3267.3,16.4,74,H,1
M-ROB-F1-006,Robotic Arm Servo Joint Actuator,311.97,328.66,1552.7,45.05,118,M,1
M-ROB-F1-007,Robotic Arm Servo Joint Actuator,309.76,322.75,3138.1,26.91,48,M,1
M-ROB-F1-008,Robotic Arm Servo Joint Actuator,305.16,327.8,2371.7,29.01,115,M,1
M-ROB-F1-009,Robotic Arm Servo Joint Actuator,308.35,329.43,3716.8,20.93,65,L,1
M-ROB-F1-010,Robotic Arm Servo Joint Actuator,306.98,321.83,1987.6,19.0,97,L,1
M-ROB-F1-011,Robotic Arm Servo Joint Actuator,311.75,327.05,2108.4,16.4,126,M,1
M-ROB-F1-012,Robotic Arm Servo Joint Actuator,306.5,328.78,2962.7,22.52,114,L,1
M-ROB-F1-013,Robotic Arm Servo Joint Actuator,304.69,328.21,2476.3,33.34,117,L,1
M-ROB-F1-014,Robotic Arm Servo Joint Actuator,306.1,319.77,1701.3,34.66,11,M,1
M-ROB-F1-015,Robotic Arm Servo Joint Actuator,304.59,322.27,1599.8,44.23,34,M,1
M-ROB-F1-016,Robotic Arm Servo Joint Actuator,310.96,326.7,2047.6,17.52,94,M,1
M-ROB-F1-017,Robotic Arm Servo Joint Actuator,310.13,322.79,2365.0,30.79,98,L,1
M-ROB-F1-018,Robotic Arm Servo Joint Actuator,304.4,323.81,1582.1,31.39,114,M,1
M-ROB-F1-019,Robotic Arm Servo Joint Actuator,311.46,325.2,3835.4,41.5,22,M,1
M-ROB-F1-020,Robotic Arm Servo Joint Actuator,307.15,319.21,2737.3,31.5,122,M,1
M-ROB-F2-001,Robotic Arm Servo Joint Actuator,304.07,321.19,3341.7,69.28,68,M,1
M-ROB-F2-002,Robotic Arm Servo Joint Actuator,300.6,313.05,3235.4,77.19,71,L,1
M-ROB-F2-003,Robotic Arm Servo Joint Actuator,297.54,314.83,3125.5,67.41,82,M,1
M-ROB-F2-004,Robotic Arm Servo Joint Actuator,304.81,312.58,2191.0,81.94,31,M,1
M-ROB-F2-005,Robotic Arm Servo Joint Actuator,300.75,312.95,2602.2,81.99,76,M,1
M-ROB-F2-006,Robotic Arm Servo Joint Actuator,299.77,309.77,3097.7,90.15,40,M,1
M-ROB-F2-007,Robotic Arm Servo Joint Actuator,301.49,315.47,2884.9,63.85,95,H,1
M-ROB-F2-008,Robotic Arm Servo Joint Actuator,301.21,319.59,2447.6,67.35,126,L,1
M-ROB-F2-009,Robotic Arm Servo Joint Actuator,303.94,313.76,1886.1,93.1,72,L,1
M-ROB-F2-010,Robotic Arm Servo Joint Actuator,300.08,312.69,3569.6,79.46,26,M,1
M-ROB-F2-011,Robotic Arm Servo Joint Actuator,301.34,308.59,2471.3,76.12,101,M,1
M-ROB-F2-012,Robotic Arm Servo Joint Actuator,305.84,310.53,2741.1,65.42,96,L,1
M-ROB-F2-013,Robotic Arm Servo Joint Actuator,304.37,315.78,2518.0,89.64,120,L,1
M-ROB-F2-014,Robotic Arm Servo Joint Actuator,300.57,321.87,1827.4,70.74,20,M,1
M-ROB-F2-015,Robotic Arm Servo Joint Actuator,303.91,319.94,3135.7,83.01,70,L,1
M-ROB-F2-016,Robotic Arm Servo Joint Actuator,300.52,319.78,2922.1,85.18,73,L,1
M-ROB-F2-017,Robotic Arm Servo Joint Actuator,299.27,313.34,3133.0,78.51,114,M,1
M-ROB-F2-018,Robotic Arm Servo Joint Actuator,300.32,320.44,2475.2,79.27,49,M,1
M-ROB-F2-019,Robotic Arm Servo Joint Actuator,302.9,309.68,3346.5,87.82,32,M,1
M-ROB-F2-020,Robotic Arm Servo Joint Actuator,302.42,310.58,2073.7,75.79,92,M,1
M-ROB-F3-001,Robotic Arm Servo Joint Actuator,299.19,310.15,6315.9,67.36,102,M,1
M-ROB-F3-002,Robotic Arm Servo Joint Actuator,301.29,308.92,6444.7,65.93,35,M,1
M-ROB-F3-003,Robotic Arm Servo Joint Actuator,298.23,309.58,5751.6,71.72,90,M,1
M-ROB-F3-004,Robotic Arm Servo Joint Actuator,297.3,311.87,6483.4,70.78,48,M,1
M-ROB-F3-005,Robotic Arm Servo Joint Actuator,296.82,308.31,5091.8,66.06,86,M,1
M-ROB-F3-006,Robotic Arm Servo Joint Actuator,298.99,311.01,5017.1,70.83,30,H,1
M-ROB-F3-007,Robotic Arm Servo Joint Actuator,297.11,310.12,5610.3,72.45,71,H,1
M-ROB-F3-008,Robotic Arm Servo Joint Actuator,300.3,304.88,6378.8,58.36,50,L,1
M-ROB-F3-009,Robotic Arm Servo Joint Actuator,301.73,306.97,6458.8,58.82,105,M,1
M-ROB-F3-010,Robotic Arm Servo Joint Actuator,297.16,306.42,5063.5,62.66,34,M,1
M-ROB-F3-011,Robotic Arm Servo Joint Actuator,301.97,304.1,5881.8,66.47,117,M,1
M-ROB-F3-012,Robotic Arm Servo Joint Actuator,299.26,307.77,5337.8,56.12,58,H,1
M-ROB-F3-013,Robotic Arm Servo Joint Actuator,299.3,306.46,5867.2,57.69,120,L,1
M-ROB-F3-014,Robotic Arm Servo Joint Actuator,297.14,306.75,6027.0,56.91,51,M,1
M-ROB-F3-015,Robotic Arm Servo Joint Actuator,301.49,310.82,5959.7,65.41,119,L,1
M-ROB-F3-016,Robotic Arm Servo Joint Actuator,301.82,305.0,5121.1,68.53,73,H,1
M-ROB-F3-017,Robotic Arm Servo Joint Actuator,296.37,311.1,6537.7,62.15,115,M,1
M-ROB-F3-018,Robotic Arm Servo Joint Actuator,300.84,307.42,5026.8,63.67,63,M,1
M-ROB-F3-019,Robotic Arm Servo Joint Actuator,296.63,311.93,5288.3,58.97,72,M,1
M-ROB-F3-020,Robotic Arm Servo Joint Actuator,298.64,310.18,5833.3,67.19,95,H,1
M-ROB-F4-001,Robotic Arm Servo Joint Actuator,299.42,311.07,1543.5,34.13,244,M,1
M-ROB-F4-002,Robotic Arm Servo Joint Actuator,298.75,311.85,1998.3,19.34,239,L,1
M-ROB-F4-003,Robotic Arm Servo Joint Actuator,298.83,308.11,3589.5,48.63,194,H,1
M-ROB-F4-004,Robotic Arm Servo Joint Actuator,298.88,310.87,3739.6,58.1,240,M,1
M-ROB-F4-005,Robotic Arm Servo Joint Actuator,298.67,310.2,3349.6,39.91,181,L,1
M-ROB-F4-006,Robotic Arm Servo Joint Actuator,298.73,306.91,3073.9,45.81,190,L,1
M-ROB-F4-007,Robotic Arm Servo Joint Actuator,297.74,305.49,2516.0,48.28,247,L,1
M-ROB-F4-008,Robotic Arm Servo Joint Actuator,301.64,305.12,1677.9,40.76,196,L,1
M-ROB-F4-009,Robotic Arm Servo Joint Actuator,300.03,311.77,2137.0,37.63,212,M,1
M-ROB-F4-010,Robotic Arm Servo Joint Actuator,299.54,307.55,2616.8,32.28,176,M,1
M-ROB-F4-011,Robotic Arm Servo Joint Actuator,298.01,304.01,2269.9,28.62,204,H,1
M-ROB-F4-012,Robotic Arm Servo Joint Actuator,299.05,309.54,3075.5,51.46,208,M,1
M-ROB-F4-013,Robotic Arm Servo Joint Actuator,300.86,307.42,3254.0,35.41,206,L,1
M-ROB-F4-014,Robotic Arm Servo Joint Actuator,297.05,306.71,2060.4,32.12,192,M,1
M-ROB-F4-015,Robotic Arm Servo Joint Actuator,300.79,310.29,2411.3,59.51,219,M,1
M-ROB-F4-016,Robotic Arm Servo Joint Actuator,301.01,309.84,3373.2,25.03,210,L,1
M-ROB-F4-017,Robotic Arm Servo Joint Actuator,299.02,309.47,2969.8,53.14,196,M,1
M-ROB-F4-018,Robotic Arm Servo Joint Actuator,296.74,309.52,3329.9,18.36,225,M,1
M-ROB-F4-019,Robotic Arm Servo Joint Actuator,296.74,307.36,1985.6,34.58,203,L,1
M-ROB-F4-020,Robotic Arm Servo Joint Actuator,300.65,308.86,1556.7,57.0,226,H,1
M-ROB-F5-001,Robotic Arm Servo Joint Actuator,307.09,317.6,5095.1,68.0,190,L,1
M-ROB-F5-002,Robotic Arm Servo Joint Actuator,305.19,316.6,5536.0,78.21,204,M,1
M-ROB-F5-003,Robotic Arm Servo Joint Actuator,303.46,322.33,4490.6,59.04,196,H,1
M-ROB-F5-004,Robotic Arm Servo Joint Actuator,303.04,319.38,4564.7,61.11,173,M,1
M-ROB-F5-005,Robotic Arm Servo Joint Actuator,306.58,322.47,4943.0,68.9,171,H,1
M-ROB-F5-006,Robotic Arm Servo Joint Actuator,304.29,320.35,5287.5,71.11,189,H,1
M-ROB-F5-007,Robotic Arm Servo Joint Actuator,306.9,318.91,5283.3,69.04,206,L,1
M-ROB-F5-008,Robotic Arm Servo Joint Actuator,307.61,320.28,5013.8,63.48,216,M,1
M-ROB-F5-009,Robotic Arm Servo Joint Actuator,303.64,319.46,4552.5,68.81,198,M,1
M-ROB-F5-010,Robotic Arm Servo Joint Actuator,303.36,323.55,5328.0,76.37,188,L,1
M-ROB-F5-011,Robotic Arm Servo Joint Actuator,305.43,317.61,4549.3,65.26,176,L,1
M-ROB-F5-012,Robotic Arm Servo Joint Actuator,303.25,319.53,4942.5,64.26,198,H,1
M-ROB-F5-013,Robotic Arm Servo Joint Actuator,306.92,318.66,5109.6,73.6,214,L,1
M-ROB-F5-014,Robotic Arm Servo Joint Actuator,306.04,319.11,5003.8,74.8,213,H,1
M-ROB-F5-015,Robotic Arm Servo Joint Actuator,304.92,322.21,4918.0,64.98,190,M,1
M-ROB-F5-016,Robotic Arm Servo Joint Actuator,308.0,319.94,4650.2,61.16,172,M,1
M-ROB-F5-017,Robotic Arm Servo Joint Actuator,305.72,317.64,5234.4,74.17,182,M,1
M-ROB-F5-018,Robotic Arm Servo Joint Actuator,307.95,318.99,5313.0,67.69,209,L,1
M-ROB-F5-019,Robotic Arm Servo Joint Actuator,306.34,322.84,5527.1,70.55,181,M,1
M-ROB-F5-020,Robotic Arm Servo Joint Actuator,306.79,321.21,4613.4,58.65,204,M,1
M-PUMP-001,Centrifugal Water Pump,299.0,311.47,2100.3,24.17,53,M,0
M-PUMP-002,Centrifugal Water Pump,297.06,309.65,2006.3,30.16,32,H,0
M-PUMP-003,Centrifugal Water Pump,302.88,308.69,2587.8,62.44,112,L,0
M-PUMP-004,Centrifugal Water Pump,296.54,310.88,1635.8,61.6,35,L,0
M-PUMP-005,Centrifugal Water Pump,295.8,312.81,1686.7,52.72,107,M,0
M-PUMP-006,Centrifugal Water Pump,300.16,313.48,1266.0,65.94,129,L,0
M-PUMP-007,Centrifugal Water Pump,298.07,308.72,2590.2,40.74,116,H,0
M-PUMP-008,Centrifugal Water Pump,296.27,310.42,2347.2,49.13,45,M,0
M-PUMP-009,Centrifugal Water Pump,297.84,308.96,2592.5,58.79,35,L,0
M-PUMP-010,Centrifugal Water Pump,298.77,311.44,1424.1,53.54,62,M,0
M-PUMP-011,Centrifugal Water Pump,295.13,305.52,1347.3,31.99,38,M,0
M-PUMP-012,Centrifugal Water Pump,295.23,310.18,1425.1,67.26,187,M,0
M-PUMP-013,Centrifugal Water Pump,299.92,304.28,2690.9,46.15,27,M,0
M-PUMP-014,Centrifugal Water Pump,295.61,307.93,2271.9,43.49,89,H,0
M-PUMP-015,Centrifugal Water Pump,296.96,305.0,2492.0,26.76,127,M,0
M-PUMP-016,Centrifugal Water Pump,296.81,310.39,1931.2,40.01,126,M,0
M-PUMP-017,Centrifugal Water Pump,297.43,309.59,2271.2,21.33,103,H,0
M-PUMP-018,Centrifugal Water Pump,296.49,309.61,2585.9,64.14,32,M,0
M-PUMP-019,Centrifugal Water Pump,299.66,305.47,2424.7,57.21,182,H,0
M-PUMP-020,Centrifugal Water Pump,296.73,312.27,2272.9,64.72,30,M,0
M-PUMP-021,Centrifugal Water Pump,299.55,304.36,2021.6,50.48,54,M,0
M-PUMP-022,Centrifugal Water Pump,300.12,308.68,2572.8,37.12,67,L,0
M-PUMP-023,Centrifugal Water Pump,302.29,304.29,2433.2,25.52,24,M,0
M-PUMP-024,Centrifugal Water Pump,297.15,312.19,2337.1,69.08,148,M,0
M-PUMP-025,Centrifugal Water Pump,300.59,313.99,2336.2,58.08,188,H,0
M-PUMP-026,Centrifugal Water Pump,300.64,312.51,2727.0,30.55,110,M,0
M-PUMP-027,Centrifugal Water Pump,296.98,310.0,1612.1,36.67,99,M,0
M-PUMP-028,Centrifugal Water Pump,298.59,308.93,1677.7,27.95,28,H,0
M-PUMP-029,Centrifugal Water Pump,299.66,311.86,1470.8,25.43,154,M,0
M-PUMP-030,Centrifugal Water Pump,302.61,311.14,1722.8,34.48,114,H,0
M-PUMP-031,Centrifugal Water Pump,295.94,305.76,2439.6,45.69,21,M,0
M-PUMP-032,Centrifugal Water Pump,298.39,309.11,1542.6,47.59,196,H,0
M-PUMP-033,Centrifugal Water Pump,297.27,306.43,1597.7,38.94,167,L,0
M-PUMP-034,Centrifugal Water Pump,296.62,309.43,2219.0,46.09,98,H,0
M-PUMP-035,Centrifugal Water Pump,298.91,308.01,2472.9,58.18,44,H,0
M-PUMP-036,Centrifugal Water Pump,302.27,309.36,2572.5,22.91,114,M,0
M-PUMP-037,Centrifugal Water Pump,301.89,304.98,1584.7,40.33,175,L,0
M-PUMP-038,Centrifugal Water Pump,302.94,313.59,1209.5,22.39,46,M,0
M-PUMP-039,Centrifugal Water Pump,301.64,312.93,1498.9,50.98,185,M,0
M-PUMP-040,Centrifugal Water Pump,295.83,308.58,1801.3,48.88,98,H,0
M-PUMP-041,Centrifugal Water Pump,302.95,309.44,1957.8,67.73,48,H,0
M-PUMP-042,Centrifugal Water Pump,301.46,306.61,2478.8,33.58,25,M,0
M-PUMP-043,Centrifugal Water Pump,296.57,311.58,2225.9,66.18,160,H,0
M-PUMP-044,Centrifugal Water Pump,301.4,310.42,2270.3,61.61,123,M,0
M-PUMP-045,Centrifugal Water Pump,300.09,306.98,1492.2,50.83,62,H,0
M-PUMP-046,Centrifugal Water Pump,295.0,310.08,1779.4,57.62,87,M,0
M-PUMP-047,Centrifugal Water Pump,298.26,310.51,1769.8,68.19,188,L,0
M-PUMP-048,Centrifugal Water Pump,302.36,308.49,2058.3,57.1,145,L,0
M-PUMP-049,Centrifugal Water Pump,300.73,313.98,1757.6,61.65,145,M,0
M-PUMP-050,Centrifugal Water Pump,297.61,311.86,2640.6,30.93,132,M,0
M-PUMP-051,Centrifugal Water Pump,302.92,308.79,1565.3,39.09,137,H,0
M-PUMP-052,Centrifugal Water Pump,299.83,313.31,2560.6,23.38,198,M,0
M-PUMP-053,Centrifugal Water Pump,296.3,304.12,1474.1,61.91,23,M,0
M-PUMP-054,Centrifugal Water Pump,301.06,309.86,2452.4,57.31,29,L,0
M-PUMP-055,Centrifugal Water Pump,296.82,309.53,2230.9,28.43,195,M,0
M-PUMP-056,Centrifugal Water Pump,295.46,313.37,2138.0,54.96,114,L,0
M-PUMP-057,Centrifugal Water Pump,295.27,306.68,1951.4,23.83,147,M,0
M-PUMP-058,Centrifugal Water Pump,297.18,304.03,2351.7,61.69,91,M,0
M-PUMP-059,Centrifugal Water Pump,296.82,310.22,1219.4,44.43,135,L,0
M-PUMP-060,Centrifugal Water Pump,298.05,311.65,2156.3,66.35,91,M,0
M-PUMP-061,Centrifugal Water Pump,302.1,304.49,1418.2,24.12,171,H,0
M-PUMP-062,Centrifugal Water Pump,301.89,308.51,1206.4,40.08,53,M,0
M-PUMP-063,Centrifugal Water Pump,300.43,308.88,1264.8,52.81,171,L,0
M-PUMP-064,Centrifugal Water Pump,301.64,306.01,2622.2,36.11,22,L,0
M-PUMP-065,Centrifugal Water Pump,302.53,310.56,1570.3,32.59,103,L,0
M-PUMP-066,Centrifugal Water Pump,296.2,312.26,1666.1,60.43,185,M,0
M-PUMP-067,Centrifugal Water Pump,297.92,312.02,2047.2,54.22,132,H,0
M-PUMP-068,Centrifugal Water Pump,301.76,305.96,2691.7,32.53,152,M,0
M-PUMP-069,Centrifugal Water Pump,297.54,307.1,2396.6,47.84,178,M,0
M-PUMP-070,Centrifugal Water Pump,300.54,311.53,1442.4,40.03,106,M,0
M-PUMP-071,Centrifugal Water Pump,297.58,310.86,1545.4,55.47,188,M,0
M-PUMP-072,Centrifugal Water Pump,299.89,304.69,2583.2,34.27,130,L,0
M-PUMP-073,Centrifugal Water Pump,299.76,311.25,1912.5,23.02,163,H,0
M-PUMP-074,Centrifugal Water Pump,300.61,304.23,2579.7,27.88,112,M,0
M-PUMP-075,Centrifugal Water Pump,298.66,307.41,1948.5,35.57,98,M,0
M-PUMP-076,Centrifugal Water Pump,299.53,306.38,2781.9,45.04,54,M,0
M-PUMP-077,Centrifugal Water Pump,301.93,304.22,2287.3,47.4,50,L,0
M-PUMP-078,Centrifugal Water Pump,297.95,306.94,2525.0,51.93,181,M,0
M-PUMP-079,Centrifugal Water Pump,300.93,312.36,1287.6,58.8,130,H,0
M-PUMP-080,Centrifugal Water Pump,299.07,304.82,2377.5,47.33,191,H,0
M-PUMP-081,Centrifugal Water Pump,299.85,306.12,2182.5,56.13,150,L,0
M-PUMP-082,Centrifugal Water Pump,301.83,304.77,1749.2,54.36,109,H,0
M-PUMP-083,Centrifugal Water Pump,299.42,308.07,1824.1,60.49,93,H,0
M-PUMP-084,Centrifugal Water Pump,295.46,312.56,2737.0,54.42,85,L,0
M-PUMP-085,Centrifugal Water Pump,300.3,312.44,2425.4,38.96,106,H,0
M-PUMP-086,Centrifugal Water Pump,297.34,311.78,2630.4,56.22,103,H,0
M-PUMP-087,Centrifugal Water Pump,295.46,307.74,1942.1,50.46,21,L,0
M-PUMP-088,Centrifugal Water Pump,297.91,312.48,2055.9,26.52,163,L,0
M-PUMP-089,Centrifugal Water Pump,299.22,309.15,1340.0,52.79,184,H,0
M-PUMP-090,Centrifugal Water Pump,297.11,313.02,1655.0,52.7,116,M,0
M-PUMP-091,Centrifugal Water Pump,298.33,307.0,1277.7,57.21,154,M,0
M-PUMP-092,Centrifugal Water Pump,300.15,306.44,1235.8,60.44,108,M,0
M-PUMP-093,Centrifugal Water Pump,295.82,304.63,1758.2,60.24,185,L,0
M-PUMP-094,Centrifugal Water Pump,302.36,313.08,2043.6,30.97,163,M,0
M-PUMP-095,Centrifugal Water Pump,297.14,306.33,2024.0,36.09,47,M,0
M-PUMP-096,Centrifugal Water Pump,301.99,309.71,2605.3,29.79,50,M,0
M-PUMP-097,Centrifugal Water Pump,298.71,310.6,2471.4,57.57,189,M,0
M-PUMP-098,Centrifugal Water Pump,296.65,309.51,1377.2,34.44,57,M,0
M-PUMP-099,Centrifugal Water Pump,295.89,304.32,2250.9,50.51,147,M,0
M-PUMP-100,Centrifugal Water Pump,295.91,306.91,1407.2,62.15,154,M,0
M-PUMP-101,Centrifugal Water Pump,297.73,313.67,2150.7,60.06,67,M,0
M-PUMP-102,Centrifugal Water Pump,301.27,310.86,2289.6,47.63,121,L,0
M-PUMP-103,Centrifugal Water Pump,297.16,307.53,2594.6,35.44,118,L,0
M-PUMP-104,Centrifugal Water Pump,303.0,308.35,1884.9,62.13,164,L,0
M-PUMP-105,Centrifugal Water Pump,298.71,307.24,2174.0,63.81,179,H,0
M-PUMP-106,Centrifugal Water Pump,298.43,308.65,2764.2,53.9,93,H,0
M-PUMP-107,Centrifugal Water Pump,299.52,304.96,2535.1,57.63,102,M,0
M-PUMP-108,Centrifugal Water Pump,302.18,306.88,1598.4,66.96,165,L,0
M-PUMP-109,Centrifugal Water Pump,296.56,305.43,1241.6,31.85,159,M,0
M-PUMP-110,Centrifugal Water Pump,300.83,306.52,1832.5,69.16,64,M,0
M-PUMP-111,Centrifugal Water Pump,297.41,305.1,1983.8,38.93,145,L,0
M-PUMP-112,Centrifugal Water Pump,299.35,304.32,2190.3,22.77,130,M,0
M-PUMP-113,Centrifugal Water Pump,296.58,312.19,2657.7,60.65,74,M,0
M-PUMP-114,Centrifugal Water Pump,302.32,307.21,2512.0,20.47,20,L,0
M-PUMP-115,Centrifugal Water Pump,301.09,311.89,2688.0,25.9,61,L,0
M-PUMP-116,Centrifugal Water Pump,296.42,310.82,2048.7,24.16,71,M,0
M-PUMP-117,Centrifugal Water Pump,301.82,311.08,2195.0,44.8,73,H,0
M-PUMP-118,Centrifugal Water Pump,298.27,304.29,1537.7,41.62,95,H,0
M-PUMP-119,Centrifugal Water Pump,299.71,309.5,1325.0,67.16,37,L,0
M-PUMP-120,Centrifugal Water Pump,295.0,312.82,1231.6,57.89,85,L,0
M-PUMP-121,Centrifugal Water Pump,298.21,304.71,2428.0,23.56,185,H,0
M-PUMP-122,Centrifugal Water Pump,298.83,311.23,1829.2,30.86,156,L,0
M-PUMP-123,Centrifugal Water Pump,302.38,307.76,2010.0,38.16,66,L,0
M-PUMP-124,Centrifugal Water Pump,297.72,308.28,1845.9,55.63,185,M,0
M-PUMP-125,Centrifugal Water Pump,298.77,311.79,2225.6,23.03,37,H,0
M-PUMP-126,Centrifugal Water Pump,298.65,312.26,1700.9,39.21,183,L,0
M-PUMP-127,Centrifugal Water Pump,300.32,306.67,1387.3,20.8,39,M,0
M-PUMP-128,Centrifugal Water Pump,299.41,304.64,1418.0,29.05,133,M,0
M-PUMP-129,Centrifugal Water Pump,299.41,306.51,1793.8,24.83,60,L,0
M-PUMP-130,Centrifugal Water Pump,302.84,310.48,2666.9,52.14,25,L,0
M-PUMP-131,Centrifugal Water Pump,295.79,310.83,1604.5,39.6,136,M,0
M-PUMP-132,Centrifugal Water Pump,297.0,307.34,1746.5,67.97,163,M,0
M-PUMP-133,Centrifugal Water Pump,296.6,312.11,1451.5,30.52,85,L,0
M-PUMP-134,Centrifugal Water Pump,296.05,305.22,1990.4,33.82,122,M,0
M-PUMP-135,Centrifugal Water Pump,298.48,305.12,1425.7,61.05,179,M,0
M-PUMP-136,Centrifugal Water Pump,295.91,304.53,2173.3,55.77,87,M,0
M-PUMP-137,Centrifugal Water Pump,300.7,313.35,1303.8,29.61,32,L,0
M-PUMP-138,Centrifugal Water Pump,301.34,309.75,1333.9,33.67,73,M,0
M-PUMP-139,Centrifugal Water Pump,297.06,304.73,2369.2,34.95,101,H,0
M-PUMP-140,Centrifugal Water Pump,301.42,309.66,2642.5,44.77,189,L,0
M-PUMP-141,Centrifugal Water Pump,299.61,313.34,1716.9,38.28,28,M,0
M-PUMP-142,Centrifugal Water Pump,300.78,311.74,1439.7,42.21,51,M,0
M-PUMP-143,Centrifugal Water Pump,296.26,313.04,1569.0,34.57,173,M,0
M-PUMP-144,Centrifugal Water Pump,295.19,308.95,1335.3,69.27,125,M,0
M-PUMP-145,Centrifugal Water Pump,299.51,304.77,2479.8,66.27,177,M,0
M-PUMP-146,Centrifugal Water Pump,297.61,304.35,2242.2,46.75,102,L,0
M-PUMP-147,Centrifugal Water Pump,296.34,304.1,1317.3,31.17,25,M,0
M-PUMP-148,Centrifugal Water Pump,297.51,305.8,2400.1,30.22,143,M,0
M-PUMP-149,Centrifugal Water Pump,299.09,313.34,1259.8,45.01,173,M,0
M-PUMP-150,Centrifugal Water Pump,297.21,307.98,2288.4,64.54,27,H,0
M-PUMP-151,Centrifugal Water Pump,297.6,306.33,1623.9,31.06,55,H,0
M-PUMP-152,Centrifugal Water Pump,302.47,305.44,1527.0,32.31,187,L,0
M-PUMP-153,Centrifugal Water Pump,301.32,305.05,2538.1,40.41,67,M,0
M-PUMP-154,Centrifugal Water Pump,301.58,311.79,2624.0,66.41,62,M,0
M-PUMP-155,Centrifugal Water Pump,295.12,312.79,1447.3,63.07,79,M,0
M-PUMP-156,Centrifugal Water Pump,295.31,307.27,2621.4,21.28,93,H,0
M-PUMP-157,Centrifugal Water Pump,297.97,305.73,1603.5,63.88,98,M,0
M-PUMP-158,Centrifugal Water Pump,299.71,305.42,1615.0,47.31,62,M,0
M-PUMP-159,Centrifugal Water Pump,298.93,311.72,2717.2,25.79,80,M,0
M-PUMP-160,Centrifugal Water Pump,296.21,312.1,2415.8,44.22,116,H,0
M-PUMP-161,Centrifugal Water Pump,299.44,311.91,2118.1,33.27,140,M,0
M-PUMP-162,Centrifugal Water Pump,299.36,308.88,1809.9,55.94,179,H,0
M-PUMP-163,Centrifugal Water Pump,302.47,309.12,2321.2,62.78,104,L,0
M-PUMP-164,Centrifugal Water Pump,296.42,305.59,2252.0,63.51,180,M,0
M-PUMP-165,Centrifugal Water Pump,299.2,307.31,2768.0,35.98,153,M,0
M-PUMP-166,Centrifugal Water Pump,299.87,307.93,2743.7,48.58,188,H,0
M-PUMP-167,Centrifugal Water Pump,299.58,311.17,2392.1,65.25,20,H,0
M-PUMP-168,Centrifugal Water Pump,298.78,304.29,2759.3,31.1,105,H,0
M-PUMP-169,Centrifugal Water Pump,299.18,307.8,1271.5,36.76,90,L,0
M-PUMP-170,Centrifugal Water Pump,296.66,309.45,2779.7,59.6,198,L,0
M-PUMP-171,Centrifugal Water Pump,298.92,310.96,1376.7,42.06,165,M,0
M-PUMP-172,Centrifugal Water Pump,300.62,311.46,1605.6,63.78,102,M,0
M-PUMP-173,Centrifugal Water Pump,301.92,308.18,2400.5,47.4,88,L,0
M-PUMP-174,Centrifugal Water Pump,299.68,307.91,1375.4,64.77,26,L,0
M-PUMP-175,Centrifugal Water Pump,297.88,310.39,2675.5,27.59,122,L,0
M-PUMP-176,Centrifugal Water Pump,301.06,309.26,2199.6,57.88,171,L,0
M-PUMP-177,Centrifugal Water Pump,297.83,313.97,1895.2,21.22,85,H,0
M-PUMP-178,Centrifugal Water Pump,295.97,306.82,1285.4,54.43,33,M,0
M-PUMP-179,Centrifugal Water Pump,295.74,304.63,1628.4,48.59,193,L,0
M-PUMP-180,Centrifugal Water Pump,302.01,305.76,1623.9,23.82,160,H,0
M-PUMP-181,Centrifugal Water Pump,299.45,306.48,1589.5,69.54,156,L,0
M-PUMP-182,Centrifugal Water Pump,299.58,312.71,2232.8,67.31,70,M,0
M-PUMP-183,Centrifugal Water Pump,300.52,307.93,2607.5,68.99,108,M,0
M-PUMP-184,Centrifugal Water Pump,298.78,312.53,2232.7,22.24,117,H,0
M-PUMP-185,Centrifugal Water Pump,301.23,307.28,1955.2,59.93,28,H,0
M-PUMP-186,Centrifugal Water Pump,298.18,306.3,1740.6,69.91,168,L,0
M-PUMP-187,Centrifugal Water Pump,302.5,307.41,1675.3,31.7,169,M,0
M-PUMP-188,Centrifugal Water Pump,296.89,307.77,2010.7,46.41,179,M,0
M-PUMP-189,Centrifugal Water Pump,302.27,308.41,2394.2,66.51,183,H,0
M-PUMP-190,Centrifugal Water Pump,296.65,308.77,1890.5,52.04,190,H,0
M-PUMP-191,Centrifugal Water Pump,298.61,305.92,2630.6,68.23,106,H,0
M-PUMP-192,Centrifugal Water Pump,301.28,310.97,1767.5,64.37,195,M,0
M-PUMP-193,Centrifugal Water Pump,299.53,306.98,2135.2,41.98,74,H,0
M-PUMP-194,Centrifugal Water Pump,297.02,305.98,2067.3,50.08,129,M,0
M-PUMP-195,Centrifugal Water Pump,298.37,312.34,1962.0,69.39,99,M,0
M-PUMP-196,Centrifugal Water Pump,295.4,310.53,2562.3,67.12,199,M,0
M-PUMP-197,Centrifugal Water Pump,299.6,308.51,2102.1,27.87,174,L,0
M-PUMP-198,Centrifugal Water Pump,298.6,306.8,1425.3,54.19,76,L,0
M-PUMP-199,Centrifugal Water Pump,300.37,310.46,2095.0,22.29,187,M,0
M-PUMP-200,Centrifugal Water Pump,302.95,309.37,2336.2,22.81,133,L,0
M-PUMP-201,Centrifugal Water Pump,301.23,311.7,1562.1,68.77,199,H,0
M-PUMP-202,Centrifugal Water Pump,302.49,306.89,2302.9,36.91,194,H,0
M-PUMP-203,Centrifugal Water Pump,298.98,308.28,1721.6,52.28,43,L,0
M-PUMP-204,Centrifugal Water Pump,302.84,312.05,2576.0,37.98,78,M,0
M-PUMP-205,Centrifugal Water Pump,295.37,313.45,1430.1,65.15,35,L,0
M-PUMP-206,Centrifugal Water Pump,296.22,304.38,2351.2,34.01,148,M,0
M-PUMP-207,Centrifugal Water Pump,295.87,313.32,1923.7,56.72,110,M,0
M-PUMP-208,Centrifugal Water Pump,297.42,306.0,2068.1,42.01,90,M,0
M-PUMP-209,Centrifugal Water Pump,300.52,304.46,1742.0,40.59,37,M,0
M-PUMP-210,Centrifugal Water Pump,295.41,313.96,2378.5,24.37,23,L,0
M-PUMP-211,Centrifugal Water Pump,298.51,311.87,2677.6,49.97,53,L,0
M-PUMP-212,Centrifugal Water Pump,302.65,309.8,2291.2,36.87,88,L,0
M-PUMP-213,Centrifugal Water Pump,302.42,310.29,2463.8,28.58,58,M,0
M-PUMP-214,Centrifugal Water Pump,296.41,310.35,1666.6,59.58,165,M,0
M-PUMP-215,Centrifugal Water Pump,296.45,310.47,2788.5,51.13,26,H,0
M-PUMP-216,Centrifugal Water Pump,297.56,305.96,2500.9,62.24,66,M,0
M-PUMP-217,Centrifugal Water Pump,296.89,313.08,2004.2,52.81,94,M,0
M-PUMP-218,Centrifugal Water Pump,298.09,307.4,2215.2,49.55,72,H,0
M-PUMP-219,Centrifugal Water Pump,297.95,308.15,2205.9,65.73,26,M,0
M-PUMP-220,Centrifugal Water Pump,296.55,309.02,1887.5,56.45,63,M,0
M-PUMP-221,Centrifugal Water Pump,302.07,313.11,2734.1,58.66,183,M,0
M-PUMP-222,Centrifugal Water Pump,296.58,304.06,2331.0,66.87,53,M,0
M-PUMP-223,Centrifugal Water Pump,300.97,313.28,2235.0,68.51,82,M,0
M-PUMP-224,Centrifugal Water Pump,299.34,307.84,1202.3,56.59,155,L,0
M-PUMP-225,Centrifugal Water Pump,297.76,309.22,1776.0,20.8,121,H,0
M-PUMP-226,Centrifugal Water Pump,295.64,311.55,1215.2,67.95,112,L,0
M-PUMP-227,Centrifugal Water Pump,295.46,309.84,1758.9,62.17,85,M,0
M-PUMP-228,Centrifugal Water Pump,301.86,307.75,1226.9,39.51,137,M,0
M-PUMP-229,Centrifugal Water Pump,298.46,304.57,2140.9,57.81,94,M,0
M-PUMP-230,Centrifugal Water Pump,295.71,306.02,1447.5,44.08,115,L,0
M-PUMP-231,Centrifugal Water Pump,295.59,310.0,2042.4,45.81,177,M,0
M-PUMP-232,Centrifugal Water Pump,295.33,310.72,1752.3,20.88,65,M,0
M-PUMP-233,Centrifugal Water Pump,299.93,305.73,1860.9,44.12,102,L,0
M-PUMP-234,Centrifugal Water Pump,295.36,313.51,2131.1,59.79,97,M,0
M-PUMP-235,Centrifugal Water Pump,302.03,312.96,1581.9,29.96,109,L,0
M-PUMP-236,Centrifugal Water Pump,297.58,310.52,2333.0,58.93,121,M,0
M-PUMP-237,Centrifugal Water Pump,302.74,310.11,2365.7,37.25,140,M,0
M-PUMP-238,Centrifugal Water Pump,296.96,311.15,2034.2,54.16,68,M,0
M-PUMP-239,Centrifugal Water Pump,298.55,309.97,1665.4,55.77,165,M,0
M-PUMP-240,Centrifugal Water Pump,297.4,310.61,2312.9,55.2,142,M,0
M-PUMP-241,Centrifugal Water Pump,298.16,306.55,1450.9,54.63,36,L,0
M-PUMP-242,Centrifugal Water Pump,301.61,312.58,2650.7,40.43,172,H,0
M-PUMP-243,Centrifugal Water Pump,295.17,311.85,1319.7,69.43,141,L,0
M-PUMP-244,Centrifugal Water Pump,296.97,310.74,1269.2,61.89,50,M,0
M-PUMP-245,Centrifugal Water Pump,296.8,304.68,1970.4,28.46,151,M,0
M-PUMP-246,Centrifugal Water Pump,297.74,309.67,1655.9,38.9,166,H,0
M-PUMP-247,Centrifugal Water Pump,295.66,307.28,1879.0,47.13,87,L,0
M-PUMP-248,Centrifugal Water Pump,295.31,308.32,1811.6,52.38,193,M,0
M-PUMP-249,Centrifugal Water Pump,302.9,307.02,1249.4,28.28,91,M,0
M-PUMP-250,Centrifugal Water Pump,295.78,308.33,1741.0,26.13,73,L,0
M-PUMP-251,Centrifugal Water Pump,297.42,311.14,2179.3,41.36,63,M,0
M-PUMP-252,Centrifugal Water Pump,299.74,307.51,1543.8,25.82,178,M,0
M-PUMP-253,Centrifugal Water Pump,300.0,308.9,2596.1,47.35,106,L,0
M-PUMP-254,Centrifugal Water Pump,300.76,305.12,1484.3,59.36,170,M,0
M-PUMP-255,Centrifugal Water Pump,299.44,310.32,1902.6,54.01,39,L,0
M-PUMP-256,Centrifugal Water Pump,301.0,310.31,1706.1,28.05,93,M,0
M-PUMP-257,Centrifugal Water Pump,300.07,307.83,2181.3,60.69,24,M,0
M-PUMP-258,Centrifugal Water Pump,301.07,309.46,2242.4,45.83,198,H,0
M-PUMP-259,Centrifugal Water Pump,298.93,304.91,1455.7,39.15,47,L,0
M-PUMP-260,Centrifugal Water Pump,302.57,307.36,2223.6,46.69,166,M,0
M-PUMP-261,Centrifugal Water Pump,295.0,311.63,2395.0,45.49,182,L,0
M-PUMP-262,Centrifugal Water Pump,299.19,310.08,2794.4,34.94,78,H,0
M-PUMP-263,Centrifugal Water Pump,302.17,311.44,1369.0,69.09,151,L,0
M-PUMP-264,Centrifugal Water Pump,295.39,309.05,2317.8,47.15,139,L,0
M-PUMP-265,Centrifugal Water Pump,297.99,312.49,1460.7,33.54,27,M,0
M-PUMP-266,Centrifugal Water Pump,298.04,312.05,2245.0,41.84,137,H,0
M-PUMP-267,Centrifugal Water Pump,296.44,310.27,2226.2,58.71,92,L,0
M-PUMP-268,Centrifugal Water Pump,300.47,313.63,1544.2,47.58,128,L,0
M-PUMP-269,Centrifugal Water Pump,296.61,309.23,1753.9,46.29,61,H,0
M-PUMP-270,Centrifugal Water Pump,299.58,307.36,1491.1,36.2,28,L,0
M-PUMP-271,Centrifugal Water Pump,299.65,312.15,1877.0,65.17,106,M,0
M-PUMP-272,Centrifugal Water Pump,298.93,311.33,2106.6,33.58,46,M,0
M-PUMP-273,Centrifugal Water Pump,298.91,304.96,1833.0,45.74,168,H,0
M-PUMP-274,Centrifugal Water Pump,297.79,312.23,2237.5,34.5,172,M,0
M-PUMP-275,Centrifugal Water Pump,298.99,313.77,2715.4,37.93,45,M,0
M-PUMP-276,Centrifugal Water Pump,295.24,304.21,1832.8,67.05,176,M,0
M-PUMP-277,Centrifugal Water Pump,299.52,304.06,1544.8,21.24,155,H,0
M-PUMP-278,Centrifugal Water Pump,301.95,310.43,1567.1,27.89,132,L,0
M-PUMP-279,Centrifugal Water Pump,300.75,307.49,2139.8,35.54,199,L,0
M-PUMP-280,Centrifugal Water Pump,299.92,308.23,2189.0,37.08,25,M,0
M-PUMP-281,Centrifugal Water Pump,302.44,310.26,1334.3,64.25,68,M,0
M-PUMP-282,Centrifugal Water Pump,297.38,309.77,2071.5,44.57,149,M,0
M-PUMP-283,Centrifugal Water Pump,301.26,305.75,2452.2,53.19,142,M,0
M-PUMP-284,Centrifugal Water Pump,300.34,304.8,2562.5,22.78,46,M,0
M-PUMP-285,Centrifugal Water Pump,300.92,304.76,2673.2,68.68,129,M,0
M-PUMP-286,Centrifugal Water Pump,300.93,307.28,1989.2,65.81,192,L,0
M-PUMP-287,Centrifugal Water Pump,297.1,306.32,1676.3,42.07,76,M,0
M-PUMP-288,Centrifugal Water Pump,299.97,311.63,2376.9,60.72,25,H,0
M-PUMP-289,Centrifugal Water Pump,301.32,309.33,2125.0,22.63,65,M,0
M-PUMP-290,Centrifugal Water Pump,301.87,313.17,2000.7,47.27,169,M,0
M-PUMP-291,Centrifugal Water Pump,299.13,313.05,2463.9,65.45,59,M,0
M-PUMP-292,Centrifugal Water Pump,301.74,305.11,2471.5,29.15,165,M,0
M-PUMP-293,Centrifugal Water Pump,296.55,308.73,2291.0,51.69,96,L,0
M-PUMP-294,Centrifugal Water Pump,299.15,309.06,1299.6,66.11,51,M,0
M-PUMP-295,Centrifugal Water Pump,301.43,306.15,2043.8,32.03,156,M,0
M-PUMP-296,Centrifugal Water Pump,301.85,312.95,2238.0,56.27,118,M,0
M-PUMP-297,Centrifugal Water Pump,300.18,313.08,1866.7,35.72,89,M,0
M-PUMP-298,Centrifugal Water Pump,295.59,308.98,1990.9,49.42,85,M,0
M-PUMP-299,Centrifugal Water Pump,302.03,313.55,2133.8,22.13,194,L,0
M-PUMP-300,Centrifugal Water Pump,297.69,305.47,1429.5,28.39,28,L,0
M-PUMP-301,Centrifugal Water Pump,299.33,311.0,2525.0,59.58,178,L,0
M-PUMP-302,Centrifugal Water Pump,298.51,313.5,2357.3,23.53,142,M,0
M-PUMP-303,Centrifugal Water Pump,302.25,307.73,2135.9,20.61,79,H,0
M-PUMP-304,Centrifugal Water Pump,299.17,312.17,1530.3,46.37,56,H,0
M-PUMP-305,Centrifugal Water Pump,299.09,304.79,2139.8,21.57,39,M,0
M-PUMP-306,Centrifugal Water Pump,299.73,304.29,2117.4,61.93,150,H,0
M-PUMP-307,Centrifugal Water Pump,299.74,310.72,1259.6,62.77,183,L,0
M-PUMP-308,Centrifugal Water Pump,301.6,311.45,2213.5,53.93,165,M,0
M-PUMP-309,Centrifugal Water Pump,297.62,307.76,2635.3,20.86,145,L,0
M-PUMP-310,Centrifugal Water Pump,300.65,313.94,2300.1,21.72,168,M,0
M-PUMP-311,Centrifugal Water Pump,298.57,307.12,1629.7,41.57,88,M,0
M-PUMP-312,Centrifugal Water Pump,301.51,306.97,1542.0,53.34,140,L,0
M-PUMP-313,Centrifugal Water Pump,295.13,312.53,2033.6,51.07,36,M,0
M-PUMP-314,Centrifugal Water Pump,296.82,306.54,2006.6,60.62,153,M,0
M-PUMP-315,Centrifugal Water Pump,299.32,308.27,2756.3,48.01,65,M,0
M-PUMP-316,Centrifugal Water Pump,299.89,309.23,1212.3,61.5,146,M,0
M-PUMP-317,Centrifugal Water Pump,295.55,307.62,2696.6,63.13,71,H,0
M-PUMP-318,Centrifugal Water Pump,298.59,307.56,2291.6,68.32,85,H,0
M-PUMP-319,Centrifugal Water Pump,302.18,304.38,2724.4,53.23,189,H,0
M-PUMP-320,Centrifugal Water Pump,295.33,308.88,1921.0,36.57,192,L,0
M-PUMP-321,Centrifugal Water Pump,300.29,305.63,2374.9,56.35,96,L,0
M-PUMP-322,Centrifugal Water Pump,296.34,306.67,1301.2,59.77,131,M,0
M-PUMP-323,Centrifugal Water Pump,296.31,304.4,1466.8,42.66,64,M,0
M-PUMP-324,Centrifugal Water Pump,302.0,309.15,2366.8,21.79,85,M,0
M-PUMP-325,Centrifugal Water Pump,296.49,305.2,2592.5,66.97,34,M,0
M-PUMP-326,Centrifugal Water Pump,302.67,304.83,2229.8,68.61,196,M,0
M-PUMP-327,Centrifugal Water Pump,296.3,306.02,2623.4,65.58,129,L,0
M-PUMP-328,Centrifugal Water Pump,300.92,310.62,2523.6,54.27,116,M,0
M-PUMP-329,Centrifugal Water Pump,300.95,308.73,1671.7,60.1,145,L,0
M-PUMP-330,Centrifugal Water Pump,296.32,310.49,1590.8,65.18,37,M,0
M-PUMP-331,Centrifugal Water Pump,301.33,307.55,2726.6,62.54,73,H,0
M-PUMP-332,Centrifugal Water Pump,297.37,306.81,2623.9,68.36,32,M,0
M-PUMP-333,Centrifugal Water Pump,299.39,304.93,1804.0,35.85,116,M,0
M-PUMP-334,Centrifugal Water Pump,300.63,305.37,2500.7,53.93,180,M,0
M-PUMP-335,Centrifugal Water Pump,302.15,312.66,1901.5,39.06,187,L,0
M-PUMP-336,Centrifugal Water Pump,302.43,311.97,2174.9,25.79,72,L,0
M-PUMP-337,Centrifugal Water Pump,297.56,304.93,2332.1,56.7,71,M,0
M-PUMP-338,Centrifugal Water Pump,298.75,304.22,2462.9,35.85,173,L,0
M-PUMP-339,Centrifugal Water Pump,300.29,307.25,2026.1,42.24,80,L,0
M-PUMP-340,Centrifugal Water Pump,298.87,312.33,1368.3,27.05,195,M,0
M-PUMP-341,Centrifugal Water Pump,299.08,309.23,1544.4,55.94,35,M,0
M-PUMP-342,Centrifugal Water Pump,299.57,313.14,2041.9,26.85,123,H,0
M-PUMP-343,Centrifugal Water Pump,296.63,304.31,2021.3,24.23,104,L,0
M-PUMP-344,Centrifugal Water Pump,300.76,304.77,1558.7,53.68,181,H,0
M-PUMP-345,Centrifugal Water Pump,301.5,309.62,2073.7,67.89,154,L,0
M-PUMP-346,Centrifugal Water Pump,297.83,309.54,2184.6,36.08,122,M,0
M-PUMP-347,Centrifugal Water Pump,296.15,307.74,2382.9,65.81,102,M,0
M-PUMP-348,Centrifugal Water Pump,295.82,313.04,2109.8,59.02,162,M,0
M-PUMP-349,Centrifugal Water Pump,299.23,313.6,1343.4,54.15,193,M,0
M-PUMP-350,Centrifugal Water Pump,301.89,313.34,2395.3,31.57,80,H,0
M-PUMP-351,Centrifugal Water Pump,301.65,312.5,2212.3,37.63,33,L,0
M-PUMP-352,Centrifugal Water Pump,300.81,313.13,2368.9,61.43,154,M,0
M-PUMP-353,Centrifugal Water Pump,298.42,313.02,2241.5,39.92,35,M,0
M-PUMP-354,Centrifugal Water Pump,299.35,306.76,1554.0,46.37,50,L,0
M-PUMP-355,Centrifugal Water Pump,298.87,309.74,1435.8,36.23,93,L,0
M-PUMP-356,Centrifugal Water Pump,301.16,306.23,2185.9,32.17,197,L,0
M-PUMP-357,Centrifugal Water Pump,299.51,310.99,2482.3,56.05,145,L,0
M-PUMP-358,Centrifugal Water Pump,299.77,310.36,2558.8,53.49,151,M,0
M-PUMP-359,Centrifugal Water Pump,297.97,305.47,2009.2,42.79,199,M,0
M-PUMP-360,Centrifugal Water Pump,301.29,307.34,2530.5,50.75,145,M,0
M-PUMP-361,Centrifugal Water Pump,299.39,310.34,2142.6,65.76,181,L,0
M-PUMP-362,Centrifugal Water Pump,300.34,313.72,2532.0,33.54,96,M,0
M-PUMP-363,Centrifugal Water Pump,295.03,305.88,1206.5,55.99,96,M,0
M-PUMP-364,Centrifugal Water Pump,301.09,312.32,2760.5,52.1,103,M,0
M-PUMP-365,Centrifugal Water Pump,296.78,306.13,1854.7,69.59,20,H,0
M-PUMP-366,Centrifugal Water Pump,296.51,311.17,1764.0,42.86,46,M,0
M-PUMP-367,Centrifugal Water Pump,295.83,309.33,1356.7,59.53,121,L,0
M-PUMP-368,Centrifugal Water Pump,298.35,307.81,1357.1,46.19,112,M,0
M-PUMP-369,Centrifugal Water Pump,300.92,312.33,2401.3,27.19,131,H,0
M-PUMP-370,Centrifugal Water Pump,300.56,307.82,1412.0,63.1,130,M,0
M-PUMP-371,Centrifugal Water Pump,295.25,309.37,2677.2,49.82,194,H,0
M-PUMP-372,Centrifugal Water Pump,299.55,311.98,2040.9,24.55,124,M,0
M-PUMP-373,Centrifugal Water Pump,300.83,311.61,2433.2,53.17,58,M,0
M-PUMP-374,Centrifugal Water Pump,301.21,313.53,1326.3,46.78,76,M,0
M-PUMP-375,Centrifugal Water Pump,299.05,310.06,1215.6,59.01,167,L,0
M-PUMP-376,Centrifugal Water Pump,296.45,309.95,1882.6,36.74,121,L,0
M-PUMP-377,Centrifugal Water Pump,295.18,313.69,2495.8,57.56,156,M,0
M-PUMP-378,Centrifugal Water Pump,301.01,307.87,2637.9,28.86,72,M,0
M-PUMP-379,Centrifugal Water Pump,297.55,308.24,1987.9,62.82,114,M,0
M-PUMP-380,Centrifugal Water Pump,296.98,308.09,2025.2,57.31,41,M,0
M-PUMP-381,Centrifugal Water Pump,298.04,307.6,1826.8,59.68,78,M,0
M-PUMP-382,Centrifugal Water Pump,299.99,306.32,2349.9,47.36,100,L,0
M-PUMP-383,Centrifugal Water Pump,296.95,312.83,2097.7,50.46,177,L,0
M-PUMP-384,Centrifugal Water Pump,299.81,311.53,1893.3,47.37,31,H,0
M-PUMP-385,Centrifugal Water Pump,301.64,304.6,1471.0,59.79,20,M,0
M-PUMP-386,Centrifugal Water Pump,299.67,309.95,2443.4,45.3,111,L,0
M-PUMP-387,Centrifugal Water Pump,298.99,310.08,2636.4,40.07,89,H,0
M-PUMP-388,Centrifugal Water Pump,299.91,304.3,2006.6,60.21,118,M,0
M-PUMP-389,Centrifugal Water Pump,301.29,306.7,2372.9,50.51,50,L,0
M-PUMP-390,Centrifugal Water Pump,296.61,313.9,1211.7,33.17,55,H,0
M-PUMP-391,Centrifugal Water Pump,300.86,310.93,2467.8,32.83,99,M,0
M-PUMP-392,Centrifugal Water Pump,298.52,310.97,2214.4,25.73,160,L,0
M-PUMP-393,Centrifugal Water Pump,300.25,305.55,1628.8,39.66,70,M,0
M-PUMP-394,Centrifugal Water Pump,301.44,310.38,2104.8,31.3,185,H,0
M-PUMP-395,Centrifugal Water Pump,301.36,313.67,2363.3,69.64,137,M,0
M-PUMP-396,Centrifugal Water Pump,296.63,307.25,1211.4,54.08,68,L,0
M-PUMP-397,Centrifugal Water Pump,297.87,308.8,2745.1,32.11,149,L,0
M-PUMP-398,Centrifugal Water Pump,296.77,309.01,1760.3,58.6,132,M,0
M-PUMP-399,Centrifugal Water Pump,301.23,306.35,2405.8,63.27,178,L,0
M-PUMP-400,Centrifugal Water Pump,298.26,313.82,1807.3,51.93,48,L,0
M-PUMP-F1-001,Centrifugal Water Pump,310.63,328.79,1305.2,58.17,128,M,1
M-PUMP-F1-002,Centrifugal Water Pump,307.34,325.37,1376.7,43.58,54,M,1
M-PUMP-F1-003,Centrifugal Water Pump,306.3,321.99,1322.5,66.0,94,M,1
M-PUMP-F1-004,Centrifugal Water Pump,309.28,327.17,2675.0,28.93,61,L,1
M-PUMP-F1-005,Centrifugal Water Pump,307.97,319.29,1436.2,21.32,158,M,1
M-PUMP-F1-006,Centrifugal Water Pump,312.39,331.95,2159.7,21.66,31,M,1
M-PUMP-F1-007,Centrifugal Water Pump,308.25,326.88,1902.2,66.7,94,M,1
M-PUMP-F1-008,Centrifugal Water Pump,312.17,320.91,1567.6,25.37,39,M,1
M-PUMP-F1-009,Centrifugal Water Pump,307.57,324.5,2772.0,27.84,95,H,1
M-PUMP-F1-010,Centrifugal Water Pump,307.55,325.86,2714.6,39.56,29,M,1
M-PUMP-F1-011,Centrifugal Water Pump,306.17,321.99,2188.9,23.37,85,M,1
M-PUMP-F1-012,Centrifugal Water Pump,308.37,319.25,2776.8,38.36,129,M,1
M-PUMP-F1-013,Centrifugal Water Pump,308.8,324.05,1748.1,21.09,70,L,1
M-PUMP-F1-014,Centrifugal Water Pump,310.52,320.89,2145.8,64.61,118,H,1
M-PUMP-F1-015,Centrifugal Water Pump,311.94,322.92,1926.5,46.31,139,L,1
M-PUMP-F1-016,Centrifugal Water Pump,312.44,319.1,2675.0,22.72,57,M,1
M-PUMP-F1-017,Centrifugal Water Pump,308.84,326.86,1967.1,66.72,53,M,1
M-PUMP-F1-018,Centrifugal Water Pump,312.37,320.0,2175.3,54.09,90,M,1
M-PUMP-F1-019,Centrifugal Water Pump,306.38,330.08,1424.0,40.04,30,M,1
M-PUMP-F1-020,Centrifugal Water Pump,310.36,331.24,2382.9,47.06,150,M,1
M-PUMP-F2-001,Centrifugal Water Pump,302.17,317.54,1741.2,125.65,45,M,1
M-PUMP-F2-002,Centrifugal Water Pump,303.94,322.46,2366.8,110.65,110,M,1
M-PUMP-F2-003,Centrifugal Water Pump,301.15,322.5,2428.5,128.24,39,L,1
M-PUMP-F2-004,Centrifugal Water Pump,306.43,313.78,1884.6,122.95,98,L,1
M-PUMP-F2-005,Centrifugal Water Pump,301.01,319.42,2246.2,109.98,139,M,1
M-PUMP-F2-006,Centrifugal Water Pump,300.53,309.73,1719.3,120.89,148,M,1
M-PUMP-F2-007,Centrifugal Water Pump,299.91,310.46,2111.8,131.19,109,M,1
M-PUMP-F2-008,Centrifugal Water Pump,302.09,309.42,2162.9,114.89,112,L,1
M-PUMP-F2-009,Centrifugal Water Pump,304.62,320.49,2423.9,132.54,101,H,1
M-PUMP-F2-010,Centrifugal Water Pump,301.05,320.6,1236.6,90.09,29,L,1
M-PUMP-F2-011,Centrifugal Water Pump,301.51,313.9,1339.4,120.82,64,M,1
M-PUMP-F2-012,Centrifugal Water Pump,303.18,316.94,1678.4,116.69,57,L,1
M-PUMP-F2-013,Centrifugal Water Pump,298.52,310.54,2232.8,119.71,45,H,1
M-PUMP-F2-014,Centrifugal Water Pump,305.22,320.43,1632.0,117.45,37,M,1
M-PUMP-F2-015,Centrifugal Water Pump,296.21,314.27,1298.8,109.12,79,M,1
M-PUMP-F2-016,Centrifugal Water Pump,296.5,313.79,2198.6,104.29,120,M,1
M-PUMP-F2-017,Centrifugal Water Pump,300.66,317.02,2454.9,92.45,24,M,1
M-PUMP-F2-018,Centrifugal Water Pump,306.44,323.84,1839.1,108.8,110,M,1
M-PUMP-F2-019,Centrifugal Water Pump,302.97,321.98,2185.1,110.11,84,M,1
M-PUMP-F2-020,Centrifugal Water Pump,301.01,315.32,1221.5,95.42,88,L,1
M-PUMP-F3-001,Centrifugal Water Pump,297.23,309.23,3842.9,79.93,154,L,1
M-PUMP-F3-002,Centrifugal Water Pump,295.63,311.2,3846.6,104.86,62,M,1
M-PUMP-F3-003,Centrifugal Water Pump,299.54,312.35,3629.5,96.86,28,L,1
M-PUMP-F3-004,Centrifugal Water Pump,295.65,313.14,4047.1,89.55,156,L,1
M-PUMP-F3-005,Centrifugal Water Pump,300.2,305.27,4068.6,91.82,92,M,1
M-PUMP-F3-006,Centrifugal Water Pump,295.15,311.11,4357.4,80.23,99,M,1
M-PUMP-F3-007,Centrifugal Water Pump,300.46,304.85,4237.1,84.86,90,L,1
M-PUMP-F3-008,Centrifugal Water Pump,300.65,305.19,4187.7,104.14,41,L,1
M-PUMP-F3-009,Centrifugal Water Pump,300.62,311.74,3754.7,85.06,146,M,1
M-PUMP-F3-010,Centrifugal Water Pump,295.5,310.01,3534.7,99.3,109,L,1
M-PUMP-F3-011,Centrifugal Water Pump,301.28,305.12,3893.5,98.69,78,L,1
M-PUMP-F3-012,Centrifugal Water Pump,300.89,304.15,4592.0,79.82,39,L,1
M-PUMP-F3-013,Centrifugal Water Pump,301.92,309.36,3764.7,86.84,68,M,1
M-PUMP-F3-014,Centrifugal Water Pump,296.94,310.09,4620.6,85.6,46,L,1
M-PUMP-F3-015,Centrifugal Water Pump,300.93,313.31,3591.7,81.04,95,M,1
M-PUMP-F3-016,Centrifugal Water Pump,298.84,309.99,3612.5,90.43,112,M,1
M-PUMP-F3-017,Centrifugal Water Pump,300.44,308.51,3827.0,85.5,77,H,1
M-PUMP-F3-018,Centrifugal Water Pump,300.35,312.45,3856.5,78.29,158,M,1
M-PUMP-F3-019,Centrifugal Water Pump,296.01,307.7,4394.0,85.23,100,M,1
M-PUMP-F3-020,Centrifugal Water Pump,295.94,307.3,4374.8,94.14,36,H,1
M-PUMP-F4-001,Centrifugal Water Pump,300.13,312.13,1759.2,58.91,227,M,1
M-PUMP-F4-002,Centrifugal Water Pump,295.16,311.68,1841.6,72.6,268,L,1
M-PUMP-F4-003,Centrifugal Water Pump,297.29,305.85,2755.0,66.47,277,H,1
M-PUMP-F4-004,Centrifugal Water Pump,297.84,311.43,1324.8,57.18,247,H,1
M-PUMP-F4-005,Centrifugal Water Pump,296.89,306.85,1379.0,61.16,233,M,1
M-PUMP-F4-006,Centrifugal Water Pump,302.19,308.67,1827.4,66.88,283,H,1
M-PUMP-F4-007,Centrifugal Water Pump,298.59,310.11,1709.7,69.89,287,L,1
M-PUMP-F4-008,Centrifugal Water Pump,297.13,306.26,2732.0,50.43,230,L,1
M-PUMP-F4-009,Centrifugal Water Pump,297.28,306.67,2606.8,32.07,219,M,1
M-PUMP-F4-010,Centrifugal Water Pump,299.86,305.23,1954.6,60.89,278,M,1
M-PUMP-F4-011,Centrifugal Water Pump,301.54,306.35,2282.8,48.7,223,L,1
M-PUMP-F4-012,Centrifugal Water Pump,296.74,305.77,1773.3,62.5,232,H,1
M-PUMP-F4-013,Centrifugal Water Pump,295.08,308.72,1885.8,36.5,219,M,1
M-PUMP-F4-014,Centrifugal Water Pump,301.31,311.15,2577.3,22.59,287,M,1
M-PUMP-F4-015,Centrifugal Water Pump,302.92,306.53,1954.5,43.94,241,L,1
M-PUMP-F4-016,Centrifugal Water Pump,300.97,313.92,2181.6,50.72,221,L,1
M-PUMP-F4-017,Centrifugal Water Pump,299.41,311.0,1850.8,55.96,285,H,1
M-PUMP-F4-018,Centrifugal Water Pump,297.34,305.52,2467.5,25.85,221,M,1
M-PUMP-F4-019,Centrifugal Water Pump,299.11,308.06,1271.7,81.36,286,M,1
M-PUMP-F4-020,Centrifugal Water Pump,300.85,309.79,1580.0,38.25,251,M,1
M-PUMP-F5-001,Centrifugal Water Pump,305.46,324.46,3484.4,101.13,219,M,1
M-PUMP-F5-002,Centrifugal Water Pump,305.59,322.21,3735.9,104.72,227,M,1
M-PUMP-F5-003,Centrifugal Water Pump,308.71,323.01,3204.7,101.91,215,L,1
M-PUMP-F5-004,Centrifugal Water Pump,306.58,321.08,3127.9,92.49,255,H,1
M-PUMP-F5-005,Centrifugal Water Pump,306.37,325.45,3411.7,93.99,238,M,1
M-PUMP-F5-006,Centrifugal Water Pump,304.84,318.15,3592.2,109.51,215,M,1
M-PUMP-F5-007,Centrifugal Water Pump,305.85,324.47,3306.2,108.28,212,L,1
M-PUMP-F5-008,Centrifugal Water Pump,306.8,323.27,3388.9,105.13,218,H,1
M-PUMP-F5-009,Centrifugal Water Pump,305.98,324.83,3714.1,96.79,238,H,1
M-PUMP-F5-010,Centrifugal Water Pump,308.2,324.3,3631.4,95.19,258,L,1
M-PUMP-F5-011,Centrifugal Water Pump,307.22,320.97,3599.1,98.63,229,M,1
M-PUMP-F5-012,Centrifugal Water Pump,306.04,322.59,3439.6,88.8,248,M,1
M-PUMP-F5-013,Centrifugal Water Pump,304.34,320.95,3823.3,104.29,226,L,1
M-PUMP-F5-014,Centrifugal Water Pump,304.38,325.69,3286.4,80.79,231,M,1
M-PUMP-F5-015,Centrifugal Water Pump,306.7,324.37,3787.6,93.14,231,H,1
M-PUMP-F5-016,Centrifugal Water Pump,304.24,323.13,3134.1,103.62,236,H,1
M-PUMP-F5-017,Centrifugal Water Pump,306.7,319.46,3448.5,105.69,233,H,1
M-PUMP-F5-018,Centrifugal Water Pump,307.62,319.49,3700.4,95.6,232,L,1
M-PUMP-F5-019,Centrifugal Water Pump,307.54,318.26,3328.8,107.93,210,M,1
M-PUMP-F5-020,Centrifugal Water Pump,307.64,322.97,3718.8,103.36,244,L,1
M-COMP-001,Industrial Air Compressor,302.81,316.04,1707.9,90.17,212,M,0
M-COMP-002,Industrial Air Compressor,300.08,323.96,1867.8,52.53,166,L,0
M-COMP-003,Industrial Air Compressor,304.41,321.19,1312.1,101.33,135,L,0
M-COMP-004,Industrial Air Compressor,299.97,310.93,1714.0,58.89,177,L,0
M-COMP-005,Industrial Air Compressor,303.22,323.3,1679.5,94.01,205,L,0
M-COMP-006,Industrial Air Compressor,301.57,319.39,2050.8,57.72,198,L,0
M-COMP-007,Industrial Air Compressor,301.19,320.52,2105.5,86.36,140,L,0
M-COMP-008,Industrial Air Compressor,301.04,310.92,2266.8,87.18,206,H,0
M-COMP-009,Industrial Air Compressor,297.28,324.02,1221.6,96.68,201,L,0
M-COMP-010,Industrial Air Compressor,298.18,320.01,2333.6,69.79,110,M,0
M-COMP-011,Industrial Air Compressor,297.74,323.38,2303.8,109.85,148,L,0
M-COMP-012,Industrial Air Compressor,298.82,320.01,1974.6,103.08,202,L,0
M-COMP-013,Industrial Air Compressor,304.82,323.03,1095.6,99.22,153,M,0
M-COMP-014,Industrial Air Compressor,297.51,320.17,1492.3,72.74,169,L,0
M-COMP-015,Industrial Air Compressor,304.43,316.76,1581.7,56.78,101,H,0
M-COMP-016,Industrial Air Compressor,305.74,318.61,1191.7,64.7,140,M,0
M-COMP-017,Industrial Air Compressor,297.32,324.26,1413.1,41.13,36,M,0
M-COMP-018,Industrial Air Compressor,298.24,310.63,1569.4,83.59,44,M,0
M-COMP-019,Industrial Air Compressor,300.76,312.39,1759.1,45.96,30,M,0
M-COMP-020,Industrial Air Compressor,299.23,311.43,1635.9,104.06,179,L,0
M-COMP-021,Industrial Air Compressor,304.85,324.59,2144.9,82.59,100,H,0
M-COMP-022,Industrial Air Compressor,303.18,324.92,1701.0,90.66,128,M,0
M-COMP-023,Industrial Air Compressor,300.69,317.57,1550.3,92.41,212,L,0
M-COMP-024,Industrial Air Compressor,299.05,323.44,1512.3,61.65,179,M,0
M-COMP-025,Industrial Air Compressor,297.48,315.6,2082.2,62.89,158,M,0
M-COMP-026,Industrial Air Compressor,303.6,323.46,1648.8,51.65,90,M,0
M-COMP-027,Industrial Air Compressor,303.43,310.2,1473.7,94.59,167,L,0
M-COMP-028,Industrial Air Compressor,304.31,321.75,2023.3,70.78,236,M,0
M-COMP-029,Industrial Air Compressor,298.82,314.39,2040.3,104.73,59,H,0
M-COMP-030,Industrial Air Compressor,304.93,323.73,1414.6,66.41,165,M,0
M-COMP-031,Industrial Air Compressor,304.89,311.61,1057.0,54.59,82,H,0
M-COMP-032,Industrial Air Compressor,297.59,321.33,1246.4,103.97,100,M,0
M-COMP-033,Industrial Air Compressor,299.03,313.6,1862.1,79.25,189,L,0
M-COMP-034,Industrial Air Compressor,303.04,316.74,2336.0,83.58,237,L,0
M-COMP-035,Industrial Air Compressor,297.4,314.81,1857.8,90.5,141,L,0
M-COMP-036,Industrial Air Compressor,299.54,312.76,1080.9,80.13,171,M,0
M-COMP-037,Industrial Air Compressor,302.52,310.78,1148.9,89.12,100,M,0
M-COMP-038,Industrial Air Compressor,304.49,322.79,1258.3,74.04,181,L,0
M-COMP-039,Industrial Air Compressor,304.06,313.42,1288.8,81.3,183,M,0
M-COMP-040,Industrial Air Compressor,297.94,320.75,1449.5,51.65,52,M,0
M-COMP-041,Industrial Air Compressor,302.33,315.38,1031.0,46.78,83,M,0
M-COMP-042,Industrial Air Compressor,297.89,318.41,1179.8,54.81,57,H,0
M-COMP-043,Industrial Air Compressor,303.04,316.95,2246.6,46.92,51,M,0
M-COMP-044,Industrial Air Compressor,303.89,314.59,1612.6,61.11,37,L,0
M-COMP-045,Industrial Air Compressor,301.94,321.82,1987.5,76.0,39,M,0
M-COMP-046,Industrial Air Compressor,298.4,316.22,1943.7,94.76,170,M,0
M-COMP-047,Industrial Air Compressor,298.34,315.19,1064.4,90.36,229,M,0
M-COMP-048,Industrial Air Compressor,297.79,317.13,2285.0,78.64,30,L,0
M-COMP-049,Industrial Air Compressor,304.46,311.97,2382.7,71.55,101,M,0
M-COMP-050,Industrial Air Compressor,304.51,319.89,1088.9,107.03,52,L,0
M-COMP-051,Industrial Air Compressor,302.73,312.81,1256.1,100.92,112,M,0
M-COMP-052,Industrial Air Compressor,301.54,320.91,1718.9,60.12,99,L,0
M-COMP-053,Industrial Air Compressor,301.21,313.2,2401.9,95.76,32,L,0
M-COMP-054,Industrial Air Compressor,303.25,312.4,1355.8,88.47,191,M,0
M-COMP-055,Industrial Air Compressor,299.31,314.61,1897.0,52.03,42,M,0
M-COMP-056,Industrial Air Compressor,304.01,317.51,1545.7,70.24,105,L,0
M-COMP-057,Industrial Air Compressor,303.91,313.12,1576.3,78.08,154,M,0
M-COMP-058,Industrial Air Compressor,304.29,321.51,1757.7,99.81,185,L,0
M-COMP-059,Industrial Air Compressor,305.61,314.0,1401.5,102.23,189,L,0
M-COMP-060,Industrial Air Compressor,297.57,319.42,1216.9,75.27,54,H,0
M-COMP-061,Industrial Air Compressor,297.11,319.45,1538.5,47.36,91,H,0
M-COMP-062,Industrial Air Compressor,305.48,314.8,1500.9,98.79,162,L,0
M-COMP-063,Industrial Air Compressor,302.72,324.19,1310.5,109.23,202,M,0
M-COMP-064,Industrial Air Compressor,302.96,319.73,1087.6,55.26,231,M,0
M-COMP-065,Industrial Air Compressor,300.41,321.43,1786.8,40.92,181,L,0
M-COMP-066,Industrial Air Compressor,298.49,324.35,1335.9,72.04,45,M,0
M-COMP-067,Industrial Air Compressor,300.38,315.3,2240.5,40.67,195,M,0
M-COMP-068,Industrial Air Compressor,305.87,318.84,1083.1,43.55,214,L,0
M-COMP-069,Industrial Air Compressor,300.11,319.27,1734.4,107.7,228,L,0
M-COMP-070,Industrial Air Compressor,304.8,323.64,1325.9,98.17,175,L,0
M-COMP-071,Industrial Air Compressor,302.14,311.28,1896.1,88.06,68,M,0
M-COMP-072,Industrial Air Compressor,302.39,315.61,1562.4,49.32,226,L,0
M-COMP-073,Industrial Air Compressor,297.01,321.48,2109.7,40.68,101,M,0
M-COMP-074,Industrial Air Compressor,301.07,321.67,1638.2,50.77,234,M,0
M-COMP-075,Industrial Air Compressor,303.46,312.15,1493.5,70.94,62,M,0
M-COMP-076,Industrial Air Compressor,298.41,318.39,1995.6,44.37,211,H,0
M-COMP-077,Industrial Air Compressor,299.03,319.92,1703.1,74.96,48,L,0
M-COMP-078,Industrial Air Compressor,302.55,312.03,1561.0,96.73,145,H,0
M-COMP-079,Industrial Air Compressor,300.35,313.64,1776.2,99.04,115,M,0
M-COMP-080,Industrial Air Compressor,305.15,318.64,1849.3,58.33,153,M,0
M-COMP-081,Industrial Air Compressor,300.57,324.86,2322.8,92.47,138,M,0
M-COMP-082,Industrial Air Compressor,298.66,314.59,2160.9,71.76,214,H,0
M-COMP-083,Industrial Air Compressor,301.58,319.7,1775.3,102.25,237,H,0
M-COMP-084,Industrial Air Compressor,298.17,311.95,2021.8,66.09,181,M,0
M-COMP-085,Industrial Air Compressor,302.65,321.55,1822.3,77.77,39,M,0
M-COMP-086,Industrial Air Compressor,301.91,316.93,2351.2,103.46,200,M,0
M-COMP-087,Industrial Air Compressor,303.46,315.93,1348.9,64.0,35,M,0
M-COMP-088,Industrial Air Compressor,301.15,324.33,1470.1,103.17,70,H,0
M-COMP-089,Industrial Air Compressor,301.67,320.09,1066.5,55.47,120,M,0
M-COMP-090,Industrial Air Compressor,303.41,317.67,1240.5,102.61,84,L,0
M-COMP-091,Industrial Air Compressor,304.02,324.45,1747.8,83.11,93,M,0
M-COMP-092,Industrial Air Compressor,301.17,316.56,2283.2,43.51,214,L,0
M-COMP-093,Industrial Air Compressor,301.56,317.35,1542.7,109.59,44,M,0
M-COMP-094,Industrial Air Compressor,303.14,324.01,2170.3,85.07,45,M,0
M-COMP-095,Industrial Air Compressor,298.25,323.22,2124.4,93.03,163,M,0
M-COMP-096,Industrial Air Compressor,298.35,314.95,1205.4,90.74,55,L,0
M-COMP-097,Industrial Air Compressor,303.23,316.89,1202.8,62.04,90,L,0
M-COMP-098,Industrial Air Compressor,298.02,322.44,2141.5,53.04,178,M,0
M-COMP-099,Industrial Air Compressor,303.73,312.83,1236.4,56.55,100,L,0
M-COMP-100,Industrial Air Compressor,303.64,323.88,1087.9,40.81,173,M,0
M-COMP-101,Industrial Air Compressor,300.01,318.2,1153.6,84.99,91,M,0
M-COMP-102,Industrial Air Compressor,304.51,312.57,2396.3,77.15,223,M,0
M-COMP-103,Industrial Air Compressor,302.44,316.06,2161.3,82.41,128,L,0
M-COMP-104,Industrial Air Compressor,300.39,313.3,1912.2,83.68,116,M,0
M-COMP-105,Industrial Air Compressor,305.64,320.99,1165.9,54.85,234,L,0
M-COMP-106,Industrial Air Compressor,305.24,314.56,2112.8,89.98,84,M,0
M-COMP-107,Industrial Air Compressor,302.65,317.22,2240.8,98.3,207,L,0
M-COMP-108,Industrial Air Compressor,301.39,315.72,2247.1,74.31,74,M,0
M-COMP-109,Industrial Air Compressor,298.28,320.37,1503.9,58.25,230,L,0
M-COMP-110,Industrial Air Compressor,304.08,319.36,2258.8,93.14,151,L,0
M-COMP-111,Industrial Air Compressor,298.72,324.15,1602.2,76.99,47,M,0
M-COMP-112,Industrial Air Compressor,302.5,324.97,2462.8,107.65,96,L,0
M-COMP-113,Industrial Air Compressor,301.1,322.78,1324.5,75.41,232,L,0
M-COMP-114,Industrial Air Compressor,303.15,321.97,1264.6,90.52,155,H,0
M-COMP-115,Industrial Air Compressor,298.02,311.63,2086.5,49.92,122,M,0
M-COMP-116,Industrial Air Compressor,301.95,320.6,2027.1,76.09,122,M,0
M-COMP-117,Industrial Air Compressor,304.76,314.96,1389.0,92.03,99,L,0
M-COMP-118,Industrial Air Compressor,299.95,320.53,1067.7,66.99,95,L,0
M-COMP-119,Industrial Air Compressor,305.7,316.91,2237.3,88.98,232,L,0
M-COMP-120,Industrial Air Compressor,297.7,320.7,1803.2,41.15,75,L,0
M-COMP-121,Industrial Air Compressor,305.33,321.98,2472.7,96.46,22,M,0
M-COMP-122,Industrial Air Compressor,297.28,311.41,1328.3,75.25,206,L,0
M-COMP-123,Industrial Air Compressor,302.55,323.92,1750.1,102.23,119,M,0
M-COMP-124,Industrial Air Compressor,305.25,315.82,1755.1,63.02,165,L,0
M-COMP-125,Industrial Air Compressor,297.23,323.5,1005.9,65.5,57,L,0
M-COMP-126,Industrial Air Compressor,297.46,318.3,1442.4,49.36,189,M,0
M-COMP-127,Industrial Air Compressor,299.01,314.13,1880.2,86.18,23,M,0
M-COMP-128,Industrial Air Compressor,300.88,314.98,2326.3,95.14,157,M,0
M-COMP-129,Industrial Air Compressor,303.31,322.65,1892.2,94.91,184,M,0
M-COMP-130,Industrial Air Compressor,299.81,321.19,1310.2,94.56,197,L,0
M-COMP-131,Industrial Air Compressor,301.26,312.89,1149.6,92.04,214,M,0
M-COMP-132,Industrial Air Compressor,298.3,324.02,2483.7,70.34,150,L,0
M-COMP-133,Industrial Air Compressor,303.63,324.52,1172.3,80.65,172,L,0
M-COMP-134,Industrial Air Compressor,304.87,324.67,1768.1,98.15,114,M,0
M-COMP-135,Industrial Air Compressor,299.28,322.27,2478.7,57.94,32,L,0
M-COMP-136,Industrial Air Compressor,302.58,324.4,1378.4,44.97,128,H,0
M-COMP-137,Industrial Air Compressor,299.36,311.89,1336.2,47.43,229,M,0
M-COMP-138,Industrial Air Compressor,301.0,323.48,2016.0,83.26,175,L,0
M-COMP-139,Industrial Air Compressor,304.9,319.64,2335.0,77.48,81,L,0
M-COMP-140,Industrial Air Compressor,301.87,323.59,1060.3,67.83,228,M,0
M-COMP-141,Industrial Air Compressor,305.47,324.31,2323.2,79.46,162,L,0
M-COMP-142,Industrial Air Compressor,303.98,319.45,2473.4,88.0,234,H,0
M-COMP-143,Industrial Air Compressor,298.25,316.77,1577.3,94.79,55,L,0
M-COMP-144,Industrial Air Compressor,299.84,316.43,1412.1,80.56,32,H,0
M-COMP-145,Industrial Air Compressor,303.71,312.8,1353.3,95.51,40,M,0
M-COMP-146,Industrial Air Compressor,297.21,315.2,2048.5,46.31,215,L,0
M-COMP-147,Industrial Air Compressor,297.94,324.86,1446.3,45.89,21,M,0
M-COMP-148,Industrial Air Compressor,302.67,314.98,2255.1,90.16,97,L,0
M-COMP-149,Industrial Air Compressor,305.46,311.4,1459.2,72.43,129,M,0
M-COMP-150,Industrial Air Compressor,299.71,320.01,1967.6,80.45,45,M,0
M-COMP-151,Industrial Air Compressor,300.21,317.37,2382.8,73.64,23,M,0
M-COMP-152,Industrial Air Compressor,304.39,321.7,1770.1,57.48,122,M,0
M-COMP-153,Industrial Air Compressor,306.0,319.66,2041.4,74.4,97,L,0
M-COMP-154,Industrial Air Compressor,301.45,324.92,1685.7,44.76,170,H,0
M-COMP-155,Industrial Air Compressor,299.25,315.31,2109.2,74.6,26,M,0
M-COMP-156,Industrial Air Compressor,300.7,323.83,1749.3,89.63,68,L,0
M-COMP-157,Industrial Air Compressor,303.49,323.56,1050.7,71.33,169,H,0
M-COMP-158,Industrial Air Compressor,300.7,324.13,1653.9,108.98,32,L,0
M-COMP-159,Industrial Air Compressor,302.23,317.51,2456.3,49.08,217,M,0
M-COMP-160,Industrial Air Compressor,299.33,323.53,1643.9,97.0,105,L,0
M-COMP-161,Industrial Air Compressor,302.73,312.12,1974.5,53.39,110,H,0
M-COMP-162,Industrial Air Compressor,297.2,313.18,1804.6,73.71,130,M,0
M-COMP-163,Industrial Air Compressor,303.17,320.56,1537.0,101.68,161,L,0
M-COMP-164,Industrial Air Compressor,299.5,310.01,2298.1,97.57,47,M,0
M-COMP-165,Industrial Air Compressor,302.95,319.78,2290.5,49.82,114,H,0
M-COMP-166,Industrial Air Compressor,300.51,310.23,2347.4,76.89,206,H,0
M-COMP-167,Industrial Air Compressor,299.05,313.89,1580.0,96.2,105,M,0
M-COMP-168,Industrial Air Compressor,297.58,311.19,2140.1,71.14,179,M,0
M-COMP-169,Industrial Air Compressor,298.22,312.14,2133.0,90.49,103,H,0
M-COMP-170,Industrial Air Compressor,297.11,314.32,1013.8,56.11,112,H,0
M-COMP-171,Industrial Air Compressor,297.94,323.45,1878.2,105.41,96,M,0
M-COMP-172,Industrial Air Compressor,298.84,319.28,1194.4,40.15,224,M,0
M-COMP-173,Industrial Air Compressor,305.34,315.01,1491.7,68.05,175,M,0
M-COMP-174,Industrial Air Compressor,305.33,310.38,2062.3,63.12,59,M,0
M-COMP-175,Industrial Air Compressor,301.55,312.06,1302.8,68.57,109,M,0
M-COMP-176,Industrial Air Compressor,298.34,310.07,2455.4,106.04,126,L,0
M-COMP-177,Industrial Air Compressor,303.06,311.03,1176.6,104.13,158,L,0
M-COMP-178,Industrial Air Compressor,305.08,316.72,1072.8,53.18,34,H,0
M-COMP-179,Industrial Air Compressor,300.69,311.77,1250.1,71.21,94,M,0
M-COMP-180,Industrial Air Compressor,300.86,319.67,2405.8,47.55,41,L,0
M-COMP-181,Industrial Air Compressor,301.56,321.5,1323.1,98.02,223,M,0
M-COMP-182,Industrial Air Compressor,297.95,323.43,2188.7,92.56,28,L,0
M-COMP-183,Industrial Air Compressor,298.24,313.34,1865.7,58.55,165,M,0
M-COMP-184,Industrial Air Compressor,297.97,319.84,2385.9,51.28,151,M,0
M-COMP-185,Industrial Air Compressor,301.14,314.31,1531.2,42.02,235,M,0
M-COMP-186,Industrial Air Compressor,301.51,315.76,1809.1,66.61,99,M,0
M-COMP-187,Industrial Air Compressor,299.48,312.7,1834.9,98.99,53,H,0
M-COMP-188,Industrial Air Compressor,299.22,324.7,2243.1,81.71,224,M,0
M-COMP-189,Industrial Air Compressor,305.85,314.44,1360.5,84.66,103,M,0
M-COMP-190,Industrial Air Compressor,299.74,319.27,1413.6,43.57,220,L,0
M-COMP-191,Industrial Air Compressor,305.74,320.75,2024.1,79.13,47,H,0
M-COMP-192,Industrial Air Compressor,299.61,323.35,1259.5,104.6,135,L,0
M-COMP-193,Industrial Air Compressor,297.99,314.04,2437.8,58.63,85,H,0
M-COMP-194,Industrial Air Compressor,298.16,313.5,1963.5,71.88,141,H,0
M-COMP-195,Industrial Air Compressor,304.22,321.76,1032.4,66.85,35,L,0
M-COMP-196,Industrial Air Compressor,303.64,323.53,1354.6,71.94,60,M,0
M-COMP-197,Industrial Air Compressor,301.7,310.8,2072.3,78.03,202,M,0
M-COMP-198,Industrial Air Compressor,305.13,324.98,2378.9,94.45,198,M,0
M-COMP-199,Industrial Air Compressor,298.71,320.16,2069.1,108.98,139,M,0
M-COMP-200,Industrial Air Compressor,303.15,324.69,1265.8,62.82,139,H,0
M-COMP-201,Industrial Air Compressor,297.2,315.05,2298.1,43.04,114,L,0
M-COMP-202,Industrial Air Compressor,305.58,324.78,1633.0,106.53,27,L,0
M-COMP-203,Industrial Air Compressor,302.78,313.74,1761.0,49.07,211,M,0
M-COMP-204,Industrial Air Compressor,302.63,312.38,1309.2,109.44,185,L,0
M-COMP-205,Industrial Air Compressor,299.66,312.47,1754.6,74.63,58,L,0
M-COMP-206,Industrial Air Compressor,300.26,312.8,1498.0,79.46,179,M,0
M-COMP-207,Industrial Air Compressor,301.73,312.08,2372.0,105.01,170,H,0
M-COMP-208,Industrial Air Compressor,301.83,319.44,2492.0,109.72,208,H,0
M-COMP-209,Industrial Air Compressor,305.58,319.19,2201.3,68.5,90,M,0
M-COMP-210,Industrial Air Compressor,298.32,315.36,2286.4,42.66,53,H,0
M-COMP-211,Industrial Air Compressor,300.63,324.95,1260.0,50.18,221,L,0
M-COMP-212,Industrial Air Compressor,297.29,321.28,1983.2,93.74,128,L,0
M-COMP-213,Industrial Air Compressor,297.39,313.52,1594.8,71.48,222,M,0
M-COMP-214,Industrial Air Compressor,297.41,316.12,1624.7,107.58,151,M,0
M-COMP-215,Industrial Air Compressor,303.42,321.55,1952.6,56.6,212,L,0
M-COMP-216,Industrial Air Compressor,303.68,324.95,2203.8,98.04,229,H,0
M-COMP-217,Industrial Air Compressor,301.48,318.71,1493.9,98.76,187,L,0
M-COMP-218,Industrial Air Compressor,305.97,313.89,2103.2,78.6,88,H,0
M-COMP-219,Industrial Air Compressor,305.06,318.93,2237.4,78.17,68,M,0
M-COMP-220,Industrial Air Compressor,300.43,324.59,1008.4,109.0,235,L,0
M-COMP-221,Industrial Air Compressor,301.29,324.46,1593.4,41.84,69,L,0
M-COMP-222,Industrial Air Compressor,297.12,318.19,1113.4,60.05,39,L,0
M-COMP-223,Industrial Air Compressor,302.32,323.53,2032.5,107.97,132,M,0
M-COMP-224,Industrial Air Compressor,302.19,317.26,2268.9,85.12,196,L,0
M-COMP-225,Industrial Air Compressor,298.72,319.75,1299.5,80.83,169,L,0
M-COMP-226,Industrial Air Compressor,297.27,311.37,1115.5,67.89,200,L,0
M-COMP-227,Industrial Air Compressor,303.63,323.45,1484.3,46.17,32,L,0
M-COMP-228,Industrial Air Compressor,303.57,320.48,1509.5,66.59,230,H,0
M-COMP-229,Industrial Air Compressor,303.96,314.64,1058.6,91.98,92,L,0
M-COMP-230,Industrial Air Compressor,303.37,318.02,2166.1,80.67,83,L,0
M-COMP-231,Industrial Air Compressor,302.3,310.19,2352.5,78.2,211,L,0
M-COMP-232,Industrial Air Compressor,301.0,317.61,1623.6,71.46,216,L,0
M-COMP-233,Industrial Air Compressor,298.14,319.15,2493.9,81.69,192,L,0
M-COMP-234,Industrial Air Compressor,300.15,315.58,2086.1,75.0,145,L,0
M-COMP-235,Industrial Air Compressor,304.0,314.07,1220.2,60.43,131,M,0
M-COMP-236,Industrial Air Compressor,302.12,310.8,1764.6,65.76,137,M,0
M-COMP-237,Industrial Air Compressor,299.56,323.56,1277.1,87.7,223,M,0
M-COMP-238,Industrial Air Compressor,304.89,311.87,1740.7,71.99,21,M,0
M-COMP-239,Industrial Air Compressor,300.32,320.05,2407.5,46.01,92,M,0
M-COMP-240,Industrial Air Compressor,301.1,321.62,1665.1,41.9,176,L,0
M-COMP-241,Industrial Air Compressor,301.63,318.72,1244.4,55.45,71,M,0
M-COMP-242,Industrial Air Compressor,305.35,317.83,1288.1,58.63,104,M,0
M-COMP-243,Industrial Air Compressor,300.96,315.89,1847.1,56.93,37,H,0
M-COMP-244,Industrial Air Compressor,299.26,311.37,1504.5,94.11,177,M,0
M-COMP-245,Industrial Air Compressor,304.67,314.23,2327.6,67.95,108,M,0
M-COMP-246,Industrial Air Compressor,297.88,324.63,1207.8,63.86,90,H,0
M-COMP-247,Industrial Air Compressor,298.37,310.67,1438.6,100.67,94,H,0
M-COMP-248,Industrial Air Compressor,302.81,324.95,1348.5,59.57,233,H,0
M-COMP-249,Industrial Air Compressor,301.6,313.59,2398.5,108.71,199,M,0
M-COMP-250,Industrial Air Compressor,300.63,313.63,2336.1,104.02,112,M,0
M-COMP-251,Industrial Air Compressor,298.49,316.52,1947.2,66.98,98,H,0
M-COMP-252,Industrial Air Compressor,304.24,323.34,2454.2,90.35,140,M,0
M-COMP-253,Industrial Air Compressor,305.99,318.85,2021.7,87.77,205,H,0
M-COMP-254,Industrial Air Compressor,298.98,319.98,2342.7,87.97,110,M,0
M-COMP-255,Industrial Air Compressor,303.64,321.12,1910.6,60.4,223,M,0
M-COMP-256,Industrial Air Compressor,304.11,313.21,1516.1,101.22,31,M,0
M-COMP-257,Industrial Air Compressor,301.34,321.27,1422.8,55.33,223,M,0
M-COMP-258,Industrial Air Compressor,297.94,312.9,2498.2,53.69,154,M,0
M-COMP-259,Industrial Air Compressor,304.97,321.33,1895.4,40.75,213,M,0
M-COMP-260,Industrial Air Compressor,305.38,317.43,2041.3,44.85,183,M,0
M-COMP-261,Industrial Air Compressor,300.16,311.78,1220.3,53.0,92,L,0
M-COMP-262,Industrial Air Compressor,300.31,320.87,1124.1,81.38,126,L,0
M-COMP-263,Industrial Air Compressor,304.62,316.82,2162.7,53.51,143,H,0
M-COMP-264,Industrial Air Compressor,300.13,313.39,2078.4,74.31,185,M,0
M-COMP-265,Industrial Air Compressor,297.78,321.03,2249.8,103.25,145,L,0
M-COMP-266,Industrial Air Compressor,303.77,312.34,1246.3,44.96,90,M,0
M-COMP-267,Industrial Air Compressor,305.98,316.46,2089.4,88.54,64,H,0
M-COMP-268,Industrial Air Compressor,301.91,320.5,2497.4,65.1,217,M,0
M-COMP-269,Industrial Air Compressor,303.2,318.97,1079.5,45.49,24,M,0
M-COMP-270,Industrial Air Compressor,303.71,312.59,1908.8,60.22,195,L,0
M-COMP-271,Industrial Air Compressor,303.98,317.87,1426.9,96.66,60,M,0
M-COMP-272,Industrial Air Compressor,298.66,320.11,2029.4,85.68,111,H,0
M-COMP-273,Industrial Air Compressor,305.2,317.62,1610.5,81.22,62,H,0
M-COMP-274,Industrial Air Compressor,300.65,313.41,1366.4,102.48,136,M,0
M-COMP-275,Industrial Air Compressor,303.21,324.27,1168.3,98.35,148,H,0
M-COMP-276,Industrial Air Compressor,299.67,317.24,2036.8,56.98,137,M,0
M-COMP-277,Industrial Air Compressor,301.04,322.95,2304.2,72.95,234,H,0
M-COMP-278,Industrial Air Compressor,297.03,315.71,1901.6,84.04,124,H,0
M-COMP-279,Industrial Air Compressor,298.53,322.78,2301.9,87.17,166,M,0
M-COMP-280,Industrial Air Compressor,298.83,316.42,2043.8,77.61,24,L,0
M-COMP-281,Industrial Air Compressor,304.6,313.91,1924.7,104.63,41,M,0
M-COMP-282,Industrial Air Compressor,301.11,316.15,2253.4,66.65,34,H,0
M-COMP-283,Industrial Air Compressor,297.38,316.14,2077.6,54.26,162,M,0
M-COMP-284,Industrial Air Compressor,299.3,319.01,2027.3,72.66,94,M,0
M-COMP-285,Industrial Air Compressor,305.8,316.4,1587.6,72.5,36,M,0
M-COMP-286,Industrial Air Compressor,299.96,311.82,1699.4,40.24,108,H,0
M-COMP-287,Industrial Air Compressor,297.22,322.37,2374.4,54.54,138,M,0
M-COMP-288,Industrial Air Compressor,301.44,316.55,1403.6,89.03,47,H,0
M-COMP-289,Industrial Air Compressor,303.91,319.99,1747.8,72.75,129,M,0
M-COMP-290,Industrial Air Compressor,300.54,317.5,1792.8,88.43,176,M,0
M-COMP-291,Industrial Air Compressor,300.72,315.61,1804.8,71.73,215,M,0
M-COMP-292,Industrial Air Compressor,305.09,320.64,2456.5,84.5,231,H,0
M-COMP-293,Industrial Air Compressor,297.47,318.69,2475.2,69.23,66,M,0
M-COMP-294,Industrial Air Compressor,302.84,314.73,2072.2,108.26,217,M,0
M-COMP-295,Industrial Air Compressor,299.94,315.57,1591.8,47.02,187,M,0
M-COMP-296,Industrial Air Compressor,304.92,323.9,1036.6,109.2,176,M,0
M-COMP-297,Industrial Air Compressor,300.51,317.78,1486.9,83.59,40,M,0
M-COMP-298,Industrial Air Compressor,299.48,310.26,1829.1,80.49,113,H,0
M-COMP-299,Industrial Air Compressor,305.04,319.17,1173.6,75.77,129,H,0
M-COMP-300,Industrial Air Compressor,302.46,322.12,2123.5,54.21,209,M,0
M-COMP-301,Industrial Air Compressor,305.52,311.08,1729.3,81.8,74,L,0
M-COMP-302,Industrial Air Compressor,302.64,310.27,1912.6,74.4,63,L,0
M-COMP-303,Industrial Air Compressor,305.07,314.39,1811.6,62.16,190,L,0
M-COMP-304,Industrial Air Compressor,300.23,322.08,1747.6,67.76,226,M,0
M-COMP-305,Industrial Air Compressor,301.21,320.09,1391.9,62.74,225,M,0
M-COMP-306,Industrial Air Compressor,304.44,314.07,1815.7,108.0,90,H,0
M-COMP-307,Industrial Air Compressor,301.6,315.82,1239.4,102.2,237,M,0
M-COMP-308,Industrial Air Compressor,303.97,322.89,2051.5,43.09,54,H,0
M-COMP-309,Industrial Air Compressor,297.09,314.59,1588.5,56.87,34,M,0
M-COMP-310,Industrial Air Compressor,299.46,321.94,1012.1,98.98,230,L,0
M-COMP-311,Industrial Air Compressor,303.6,324.0,1313.6,109.62,190,L,0
M-COMP-312,Industrial Air Compressor,300.25,318.19,1980.9,83.42,175,H,0
M-COMP-313,Industrial Air Compressor,300.2,316.51,1390.9,52.08,50,M,0
M-COMP-314,Industrial Air Compressor,301.44,310.94,2419.7,93.57,180,H,0
M-COMP-315,Industrial Air Compressor,302.43,317.95,2473.7,92.34,146,L,0
M-COMP-316,Industrial Air Compressor,298.4,310.23,2035.4,46.88,45,L,0
M-COMP-317,Industrial Air Compressor,299.43,319.43,2376.1,62.15,67,H,0
M-COMP-318,Industrial Air Compressor,298.17,310.93,1131.5,70.24,90,L,0
M-COMP-319,Industrial Air Compressor,304.83,321.77,1796.0,47.17,176,M,0
M-COMP-320,Industrial Air Compressor,297.77,322.64,1507.3,55.28,211,L,0
M-COMP-321,Industrial Air Compressor,300.05,315.32,1869.4,91.34,33,M,0
M-COMP-322,Industrial Air Compressor,305.58,313.93,2363.2,106.51,79,L,0
M-COMP-323,Industrial Air Compressor,299.15,321.06,2196.1,57.3,177,L,0
M-COMP-324,Industrial Air Compressor,300.23,312.52,1137.9,80.28,235,L,0
M-COMP-325,Industrial Air Compressor,300.92,318.05,1419.3,51.41,126,M,0
M-COMP-326,Industrial Air Compressor,301.7,324.29,1905.8,82.4,48,L,0
M-COMP-327,Industrial Air Compressor,303.96,323.16,1621.5,75.15,134,H,0
M-COMP-328,Industrial Air Compressor,303.21,323.54,1245.6,46.04,182,M,0
M-COMP-329,Industrial Air Compressor,302.61,320.44,1482.9,97.06,140,L,0
M-COMP-330,Industrial Air Compressor,303.87,323.03,1030.2,57.05,39,M,0
M-COMP-331,Industrial Air Compressor,305.01,317.01,2274.6,62.9,94,L,0
M-COMP-332,Industrial Air Compressor,300.83,321.85,1355.0,106.42,146,L,0
M-COMP-333,Industrial Air Compressor,297.81,317.39,2351.6,101.39,30,M,0
M-COMP-334,Industrial Air Compressor,300.99,312.58,2095.0,52.92,96,M,0
M-COMP-335,Industrial Air Compressor,301.34,321.08,2441.8,48.16,176,M,0
M-COMP-336,Industrial Air Compressor,300.73,310.49,1203.9,62.38,95,L,0
M-COMP-337,Industrial Air Compressor,303.68,324.58,1898.6,56.92,92,M,0
M-COMP-338,Industrial Air Compressor,299.94,320.09,1796.2,66.98,52,H,0
M-COMP-339,Industrial Air Compressor,298.97,311.61,2178.2,47.87,179,M,0
M-COMP-340,Industrial Air Compressor,297.66,322.19,1869.4,56.5,216,H,0
M-COMP-341,Industrial Air Compressor,298.82,321.28,2064.1,60.25,33,L,0
M-COMP-342,Industrial Air Compressor,299.82,312.94,1774.1,103.72,29,L,0
M-COMP-343,Industrial Air Compressor,302.15,316.38,2116.1,107.61,70,H,0
M-COMP-344,Industrial Air Compressor,305.22,320.03,1657.0,80.13,184,L,0
M-COMP-345,Industrial Air Compressor,305.28,316.4,1440.1,84.78,111,M,0
M-COMP-346,Industrial Air Compressor,300.78,312.29,1704.1,88.36,195,M,0
M-COMP-347,Industrial Air Compressor,298.49,316.22,2179.4,68.9,173,M,0
M-COMP-348,Industrial Air Compressor,299.17,321.94,1126.3,76.74,65,H,0
M-COMP-349,Industrial Air Compressor,301.53,317.49,2060.4,92.13,180,M,0
M-COMP-350,Industrial Air Compressor,302.69,318.65,1632.3,81.8,228,H,0
M-COMP-351,Industrial Air Compressor,305.15,310.8,1462.6,60.17,157,H,0
M-COMP-352,Industrial Air Compressor,304.94,322.43,1978.1,72.09,225,L,0
M-COMP-353,Industrial Air Compressor,301.49,320.53,1850.4,81.16,92,M,0
M-COMP-354,Industrial Air Compressor,297.7,315.36,2043.7,106.73,231,M,0
M-COMP-355,Industrial Air Compressor,302.46,312.79,2043.0,44.95,82,M,0
M-COMP-356,Industrial Air Compressor,299.79,310.75,2247.8,61.72,33,H,0
M-COMP-357,Industrial Air Compressor,299.27,312.67,2161.5,62.52,197,H,0
M-COMP-358,Industrial Air Compressor,301.44,320.32,1978.0,82.08,223,M,0
M-COMP-359,Industrial Air Compressor,301.44,323.26,1116.8,43.91,71,M,0
M-COMP-360,Industrial Air Compressor,299.34,312.85,1688.2,82.95,74,M,0
M-COMP-361,Industrial Air Compressor,302.52,324.19,2012.1,94.8,100,M,0
M-COMP-362,Industrial Air Compressor,301.09,322.11,1684.4,99.27,237,H,0
M-COMP-363,Industrial Air Compressor,297.41,312.24,1576.6,49.17,211,H,0
M-COMP-364,Industrial Air Compressor,299.84,312.77,2397.3,86.86,220,L,0
M-COMP-365,Industrial Air Compressor,301.47,313.51,1290.6,55.6,175,H,0
M-COMP-366,Industrial Air Compressor,297.46,319.12,1963.1,86.57,101,L,0
M-COMP-367,Industrial Air Compressor,301.8,311.58,2195.6,106.71,33,M,0
M-COMP-368,Industrial Air Compressor,301.39,312.2,2301.6,59.89,192,M,0
M-COMP-369,Industrial Air Compressor,302.38,312.88,1331.1,43.31,72,M,0
M-COMP-370,Industrial Air Compressor,304.5,315.5,2131.9,70.76,192,L,0
M-COMP-371,Industrial Air Compressor,299.16,322.94,1932.7,97.21,163,M,0
M-COMP-372,Industrial Air Compressor,299.05,311.05,1803.3,109.32,182,M,0
M-COMP-373,Industrial Air Compressor,304.44,321.53,1422.5,41.0,45,L,0
M-COMP-374,Industrial Air Compressor,304.53,314.43,1427.8,95.5,226,L,0
M-COMP-375,Industrial Air Compressor,302.45,313.64,1788.6,56.35,197,M,0
M-COMP-376,Industrial Air Compressor,304.5,315.72,2236.2,63.33,116,M,0
M-COMP-377,Industrial Air Compressor,297.63,324.22,1860.4,75.55,204,L,0
M-COMP-378,Industrial Air Compressor,301.7,323.91,1097.1,47.93,151,M,0
M-COMP-379,Industrial Air Compressor,301.18,314.92,1607.1,97.59,150,L,0
M-COMP-380,Industrial Air Compressor,304.08,314.1,1396.5,63.51,205,H,0
M-COMP-381,Industrial Air Compressor,299.07,323.57,1959.8,55.88,68,L,0
M-COMP-382,Industrial Air Compressor,305.04,313.84,1630.8,98.42,189,L,0
M-COMP-383,Industrial Air Compressor,301.67,323.67,1488.9,50.97,175,M,0
M-COMP-384,Industrial Air Compressor,304.69,311.22,2265.5,60.53,164,H,0
M-COMP-385,Industrial Air Compressor,302.49,320.76,1553.1,55.08,138,L,0
M-COMP-386,Industrial Air Compressor,299.91,313.79,1418.4,106.44,99,H,0
M-COMP-387,Industrial Air Compressor,304.04,320.49,1192.9,108.94,153,M,0
M-COMP-388,Industrial Air Compressor,300.44,323.48,1365.9,60.0,46,L,0
M-COMP-389,Industrial Air Compressor,302.36,319.14,1327.7,85.58,188,M,0
M-COMP-390,Industrial Air Compressor,304.21,315.23,2137.2,42.36,141,L,0
M-COMP-391,Industrial Air Compressor,305.83,314.23,1662.1,44.41,212,M,0
M-COMP-392,Industrial Air Compressor,300.47,311.69,2420.2,77.12,82,M,0
M-COMP-393,Industrial Air Compressor,299.44,319.03,2394.9,99.97,121,L,0
M-COMP-394,Industrial Air Compressor,300.81,313.78,2475.1,61.27,91,L,0
M-COMP-395,Industrial Air Compressor,298.21,321.41,2403.7,75.83,20,M,0
M-COMP-396,Industrial Air Compressor,298.0,316.24,2185.0,70.71,115,M,0
M-COMP-397,Industrial Air Compressor,302.24,322.84,1462.5,97.52,144,M,0
M-COMP-398,Industrial Air Compressor,299.66,315.42,1934.0,56.16,222,M,0
M-COMP-399,Industrial Air Compressor,305.28,310.7,1513.9,41.6,79,L,0
M-COMP-400,Industrial Air Compressor,297.33,316.54,1176.4,69.18,204,M,0
M-COMP-F1-001,Industrial Air Compressor,313.89,334.54,2416.6,89.65,92,M,1
M-COMP-F1-002,Industrial Air Compressor,315.35,337.49,2059.6,69.19,58,L,1
M-COMP-F1-003,Industrial Air Compressor,312.86,336.52,1936.0,54.58,156,L,1
M-COMP-F1-004,Industrial Air Compressor,315.13,334.18,1609.0,96.59,122,M,1
M-COMP-F1-005,Industrial Air Compressor,315.41,336.97,1772.4,42.94,31,H,1
M-COMP-F1-006,Industrial Air Compressor,315.31,335.31,1702.8,99.18,124,M,1
M-COMP-F1-007,Industrial Air Compressor,310.37,340.84,1248.7,43.72,52,M,1
M-COMP-F1-008,Industrial Air Compressor,310.26,338.72,1326.7,87.37,35,H,1
M-COMP-F1-009,Industrial Air Compressor,312.07,341.98,2289.4,107.81,131,M,1
M-COMP-F1-010,Industrial Air Compressor,313.0,338.1,1220.7,78.06,86,M,1
M-COMP-F1-011,Industrial Air Compressor,312.19,331.67,1539.2,44.44,188,H,1
M-COMP-F1-012,Industrial Air Compressor,310.07,341.59,1724.1,49.49,86,H,1
M-COMP-F1-013,Industrial Air Compressor,309.6,330.68,1657.3,96.46,120,M,1
M-COMP-F1-014,Industrial Air Compressor,309.6,334.47,2267.9,46.15,167,M,1
M-COMP-F1-015,Industrial Air Compressor,314.7,334.13,1508.3,92.61,155,M,1
M-COMP-F1-016,Industrial Air Compressor,315.78,331.1,1102.8,81.69,144,L,1
M-COMP-F1-017,Industrial Air Compressor,311.24,330.33,1904.3,60.28,94,M,1
M-COMP-F1-018,Industrial Air Compressor,308.52,336.32,1639.5,89.88,131,H,1
M-COMP-F1-019,Industrial Air Compressor,309.65,333.26,1268.4,86.0,191,M,1
M-COMP-F1-020,Industrial Air Compressor,312.85,335.33,1468.9,103.78,186,M,1
M-COMP-F2-001,Industrial Air Compressor,301.48,330.17,1165.6,192.24,160,H,1
M-COMP-F2-002,Industrial Air Compressor,309.72,334.7,2170.9,172.97,62,M,1
M-COMP-F2-003,Industrial Air Compressor,303.04,318.32,1529.6,184.97,32,M,1
M-COMP-F2-004,Industrial Air Compressor,298.21,329.74,1800.9,141.98,185,H,1
M-COMP-F2-005,Industrial Air Compressor,305.08,330.3,1984.9,139.95,175,L,1
M-COMP-F2-006,Industrial Air Compressor,304.74,324.12,1056.1,177.68,90,L,1
M-COMP-F2-007,Industrial Air Compressor,302.85,328.36,1126.8,147.01,44,H,1
M-COMP-F2-008,Industrial Air Compressor,304.5,330.67,1763.0,178.61,137,M,1
M-COMP-F2-009,Industrial Air Compressor,302.34,320.6,1890.1,149.06,22,M,1
M-COMP-F2-010,Industrial Air Compressor,309.31,326.8,1978.7,185.6,105,L,1
M-COMP-F2-011,Industrial Air Compressor,307.89,318.72,1420.2,153.5,97,L,1
M-COMP-F2-012,Industrial Air Compressor,302.14,321.86,2075.5,174.35,112,L,1
M-COMP-F2-013,Industrial Air Compressor,303.89,328.31,1107.1,150.27,89,M,1
M-COMP-F2-014,Industrial Air Compressor,309.59,334.38,2064.0,160.07,185,M,1
M-COMP-F2-015,Industrial Air Compressor,302.72,328.74,1020.7,147.95,162,M,1
M-COMP-F2-016,Industrial Air Compressor,302.37,324.51,2131.4,182.66,88,H,1
M-COMP-F2-017,Industrial Air Compressor,301.52,334.55,1546.7,171.24,105,L,1
M-COMP-F2-018,Industrial Air Compressor,305.25,328.57,1486.8,139.58,180,L,1
M-COMP-F2-019,Industrial Air Compressor,309.39,333.82,2019.1,186.45,165,M,1
M-COMP-F2-020,Industrial Air Compressor,299.61,322.22,2214.1,162.61,169,H,1
M-COMP-F3-001,Industrial Air Compressor,300.01,315.26,3064.5,126.24,53,L,1
M-COMP-F3-002,Industrial Air Compressor,297.57,314.48,3012.7,151.61,126,M,1
M-COMP-F3-003,Industrial Air Compressor,300.37,313.12,3900.4,156.69,43,M,1
M-COMP-F3-004,Industrial Air Compressor,299.24,312.52,3917.9,144.68,57,M,1
M-COMP-F3-005,Industrial Air Compressor,305.7,322.73,4099.9,141.24,127,M,1
M-COMP-F3-006,Industrial Air Compressor,297.7,316.02,3742.5,133.63,165,H,1
M-COMP-F3-007,Industrial Air Compressor,300.3,311.87,3506.0,122.75,66,M,1
M-COMP-F3-008,Industrial Air Compressor,301.3,318.16,3343.7,144.01,107,M,1
M-COMP-F3-009,Industrial Air Compressor,304.47,318.18,3415.3,162.68,165,L,1
M-COMP-F3-010,Industrial Air Compressor,303.23,315.67,3351.1,150.19,188,M,1
M-COMP-F3-011,Industrial Air Compressor,304.93,314.94,3508.7,160.88,150,L,1
M-COMP-F3-012,Industrial Air Compressor,303.97,316.73,3663.8,160.62,114,M,1
M-COMP-F3-013,Industrial Air Compressor,300.92,317.74,3120.9,153.73,38,M,1
M-COMP-F3-014,Industrial Air Compressor,304.24,317.01,4052.5,136.04,184,M,1
M-COMP-F3-015,Industrial Air Compressor,297.34,323.09,3940.3,131.21,189,M,1
M-COMP-F3-016,Industrial Air Compressor,305.56,317.58,3589.8,140.76,77,M,1
M-COMP-F3-017,Industrial Air Compressor,301.07,310.55,3325.5,130.38,169,M,1
M-COMP-F3-018,Industrial Air Compressor,303.87,324.35,3805.0,164.23,73,H,1
M-COMP-F3-019,Industrial Air Compressor,300.63,317.06,4119.2,145.64,70,L,1
M-COMP-F3-020,Industrial Air Compressor,301.55,312.43,3721.0,161.1,164,M,1
M-COMP-F4-001,Industrial Air Compressor,300.39,311.3,1704.5,110.18,282,M,1
M-COMP-F4-002,Industrial Air Compressor,305.38,322.32,1957.4,56.04,265,H,1
M-COMP-F4-003,Industrial Air Compressor,302.55,311.73,2263.9,131.38,282,M,1
M-COMP-F4-004,Industrial Air Compressor,303.41,324.06,2341.1,49.07,267,L,1
M-COMP-F4-005,Industrial Air Compressor,303.2,312.0,1753.1,112.71,271,L,1
M-COMP-F4-006,Industrial Air Compressor,297.48,321.73,1923.7,71.74,309,L,1
M-COMP-F4-007,Industrial Air Compressor,305.41,315.52,2029.0,97.03,294,L,1
M-COMP-F4-008,Industrial Air Compressor,297.03,314.23,1807.4,59.69,323,M,1
M-COMP-F4-009,Industrial Air Compressor,301.3,322.22,1676.3,93.16,255,M,1
M-COMP-F4-010,Industrial Air Compressor,298.25,320.35,1718.5,70.55,290,M,1
M-COMP-F4-011,Industrial Air Compressor,305.33,310.81,2298.1,89.0,301,M,1
M-COMP-F4-012,Industrial Air Compressor,305.7,314.23,1883.3,131.42,321,M,1
M-COMP-F4-013,Industrial Air Compressor,305.91,320.52,1313.1,79.69,280,M,1
M-COMP-F4-014,Industrial Air Compressor,303.84,318.76,1057.1,121.22,277,L,1
M-COMP-F4-015,Industrial Air Compressor,305.59,324.11,2216.7,63.41,294,M,1
M-COMP-F4-016,Industrial Air Compressor,299.34,319.16,1061.3,129.31,323,M,1
M-COMP-F4-017,Industrial Air Compressor,301.64,316.99,2323.3,104.6,275,M,1
M-COMP-F4-018,Industrial Air Compressor,300.86,324.39,1263.0,51.88,321,L,1
M-COMP-F4-019,Industrial Air Compressor,304.85,317.66,1989.6,93.58,260,M,1
M-COMP-F4-020,Industrial Air Compressor,297.12,314.87,2398.4,70.76,325,M,1
M-COMP-F5-001,Industrial Air Compressor,308.57,334.03,3321.2,151.32,294,H,1
M-COMP-F5-002,Industrial Air Compressor,311.61,330.57,3413.2,146.34,291,M,1
M-COMP-F5-003,Industrial Air Compressor,307.88,336.34,2934.1,138.58,290,H,1
M-COMP-F5-004,Industrial Air Compressor,308.11,333.03,3372.9,133.8,277,L,1
M-COMP-F5-005,Industrial Air Compressor,311.3,336.48,3338.5,158.82,271,H,1
M-COMP-F5-006,Industrial Air Compressor,310.55,336.94,3302.6,127.33,274,M,1
M-COMP-F5-007,Industrial Air Compressor,310.45,334.76,3168.6,137.56,297,M,1
M-COMP-F5-008,Industrial Air Compressor,308.18,331.58,3441.4,170.43,270,H,1
M-COMP-F5-009,Industrial Air Compressor,307.24,331.27,3221.8,155.42,281,L,1
M-COMP-F5-010,Industrial Air Compressor,307.1,329.84,3019.6,134.17,253,M,1
M-COMP-F5-011,Industrial Air Compressor,311.08,335.02,3362.8,159.46,286,M,1
M-COMP-F5-012,Industrial Air Compressor,311.97,330.47,2910.9,140.8,298,L,1
M-COMP-F5-013,Industrial Air Compressor,310.97,334.03,3140.0,174.55,284,L,1
M-COMP-F5-014,Industrial Air Compressor,308.58,331.67,3391.0,133.92,297,M,1
M-COMP-F5-015,Industrial Air Compressor,311.63,331.69,3287.0,150.4,281,M,1
M-COMP-F5-016,Industrial Air Compressor,311.84,334.54,2938.5,171.53,264,M,1
M-COMP-F5-017,Industrial Air Compressor,307.51,336.2,2964.6,139.32,296,L,1
M-COMP-F5-018,Industrial Air Compressor,307.71,335.15,3434.8,130.39,291,M,1
M-COMP-F5-019,Industrial Air Compressor,310.35,332.94,3273.4,128.19,288,H,1
M-COMP-F5-020,Industrial Air Compressor,309.28,330.21,3367.7,142.03,272,M,1
M-FAN-001,Industrial Cooling Fan,300.18,305.33,1925.6,11.84,42,M,0
M-FAN-002,Industrial Cooling Fan,301.58,301.67,956.0,13.91,118,M,0
M-FAN-003,Industrial Cooling Fan,300.6,301.65,1155.3,17.5,116,M,0
M-FAN-004,Industrial Cooling Fan,294.99,309.49,1343.4,27.83,99,M,0
M-FAN-005,Industrial Cooling Fan,300.77,308.36,1414.9,24.72,53,M,0
M-FAN-006,Industrial Cooling Fan,296.47,308.6,1182.6,10.37,55,H,0
M-FAN-007,Industrial Cooling Fan,298.07,302.83,1892.1,16.03,130,M,0
M-FAN-008,Industrial Cooling Fan,301.89,310.0,2030.4,29.0,75,L,0
M-FAN-009,Industrial Cooling Fan,301.65,301.21,1599.3,15.45,104,M,0
M-FAN-010,Industrial Cooling Fan,298.61,305.96,2148.1,23.8,153,M,0
M-FAN-011,Industrial Cooling Fan,297.5,305.23,1262.3,19.49,111,M,0
M-FAN-012,Industrial Cooling Fan,299.09,304.17,1310.6,25.29,32,M,0
M-FAN-013,Industrial Cooling Fan,294.34,301.65,1216.4,10.49,51,M,0
M-FAN-014,Industrial Cooling Fan,294.49,304.93,2087.0,29.78,61,L,0
M-FAN-015,Industrial Cooling Fan,296.64,301.65,2192.3,31.75,89,M,0
M-FAN-016,Industrial Cooling Fan,299.37,302.75,1160.1,21.74,164,H,0
M-FAN-017,Industrial Cooling Fan,300.26,301.52,1521.7,25.95,126,H,0
M-FAN-018,Industrial Cooling Fan,297.35,306.25,985.9,13.38,122,M,0
M-FAN-019,Industrial Cooling Fan,295.29,305.82,2086.5,10.39,119,H,0
M-FAN-020,Industrial Cooling Fan,294.05,302.36,1449.8,30.06,57,M,0
M-FAN-021,Industrial Cooling Fan,297.29,303.11,1568.5,29.94,151,L,0
M-FAN-022,Industrial Cooling Fan,296.71,308.14,1175.8,28.46,171,H,0
M-FAN-023,Industrial Cooling Fan,297.52,306.83,1812.3,14.4,175,M,0
M-FAN-024,Industrial Cooling Fan,295.31,301.18,1918.2,11.99,33,M,0
M-FAN-025,Industrial Cooling Fan,298.83,307.18,1411.6,29.35,175,M,0
M-FAN-026,Industrial Cooling Fan,299.62,309.36,1792.2,27.03,48,M,0
M-FAN-027,Industrial Cooling Fan,298.5,307.3,2195.9,10.84,21,H,0
M-FAN-028,Industrial Cooling Fan,299.94,302.23,1709.2,18.12,87,M,0
M-FAN-029,Industrial Cooling Fan,300.93,306.28,2127.9,24.36,31,H,0
M-FAN-030,Industrial Cooling Fan,301.91,307.53,964.1,27.59,80,M,0
M-FAN-031,Industrial Cooling Fan,295.23,308.56,983.0,17.25,62,H,0
M-FAN-032,Industrial Cooling Fan,298.07,301.11,1291.3,33.34,62,M,0
M-FAN-033,Industrial Cooling Fan,297.79,306.06,1951.3,14.76,158,L,0
M-FAN-034,Industrial Cooling Fan,299.78,301.78,928.1,24.85,156,M,0
M-FAN-035,Industrial Cooling Fan,295.71,301.81,1809.5,28.04,39,H,0
M-FAN-036,Industrial Cooling Fan,297.27,306.24,1817.8,30.25,113,H,0
M-FAN-037,Industrial Cooling Fan,299.46,309.86,2077.3,31.79,61,L,0
M-FAN-038,Industrial Cooling Fan,300.81,307.1,1225.7,33.85,86,H,0
M-FAN-039,Industrial Cooling Fan,294.88,306.83,1469.0,12.36,135,L,0
M-FAN-040,Industrial Cooling Fan,299.8,302.82,1796.7,10.27,61,M,0
M-FAN-041,Industrial Cooling Fan,300.68,304.51,914.7,18.81,94,L,0
M-FAN-042,Industrial Cooling Fan,301.53,302.63,1140.7,14.08,144,H,0
M-FAN-043,Industrial Cooling Fan,295.02,305.84,1221.8,12.31,71,M,0
M-FAN-044,Industrial Cooling Fan,298.09,309.81,1061.6,19.32,168,L,0
M-FAN-045,Industrial Cooling Fan,297.15,307.29,1014.2,27.81,175,M,0
M-FAN-046,Industrial Cooling Fan,297.99,302.69,1723.9,24.76,120,H,0
M-FAN-047,Industrial Cooling Fan,298.39,306.35,1169.8,15.21,56,L,0
M-FAN-048,Industrial Cooling Fan,298.85,308.61,1284.4,32.8,136,M,0
M-FAN-049,Industrial Cooling Fan,294.76,303.31,2143.8,17.76,66,H,0
M-FAN-050,Industrial Cooling Fan,300.45,303.48,1329.3,20.36,83,M,0
M-FAN-051,Industrial Cooling Fan,298.03,308.33,1965.1,29.96,27,L,0
M-FAN-052,Industrial Cooling Fan,294.96,302.12,2132.2,30.48,103,L,0
M-FAN-053,Industrial Cooling Fan,301.91,306.5,1696.8,28.86,49,H,0
M-FAN-054,Industrial Cooling Fan,300.08,304.1,1075.6,17.87,70,L,0
M-FAN-055,Industrial Cooling Fan,299.58,305.78,2159.5,32.58,97,L,0
M-FAN-056,Industrial Cooling Fan,297.23,303.07,1202.5,26.56,95,M,0
M-FAN-057,Industrial Cooling Fan,299.49,301.2,970.3,23.32,42,M,0
M-FAN-058,Industrial Cooling Fan,298.42,306.27,1293.2,26.0,151,L,0
M-FAN-059,Industrial Cooling Fan,300.71,306.02,1151.5,27.04,169,M,0
M-FAN-060,Industrial Cooling Fan,296.05,302.34,1857.7,20.16,20,L,0
M-FAN-061,Industrial Cooling Fan,298.46,303.98,1347.2,17.26,87,M,0
M-FAN-062,Industrial Cooling Fan,298.38,307.96,1776.8,17.36,99,L,0
M-FAN-063,Industrial Cooling Fan,294.55,301.7,1623.0,25.98,45,L,0
M-FAN-064,Industrial Cooling Fan,299.17,309.31,1119.6,28.78,24,M,0
M-FAN-065,Industrial Cooling Fan,298.42,304.5,1997.9,10.11,98,M,0
M-FAN-066,Industrial Cooling Fan,299.95,301.39,1981.0,30.95,151,H,0
M-FAN-067,Industrial Cooling Fan,299.04,301.13,2002.4,28.07,100,L,0
M-FAN-068,Industrial Cooling Fan,294.75,305.76,1278.7,34.32,155,L,0
M-FAN-069,Industrial Cooling Fan,301.47,304.12,2071.1,18.13,134,L,0
M-FAN-070,Industrial Cooling Fan,294.15,304.25,925.3,34.93,30,M,0
M-FAN-071,Industrial Cooling Fan,300.32,302.81,1530.6,25.19,37,L,0
M-FAN-072,Industrial Cooling Fan,296.39,302.9,1625.8,20.26,166,L,0
M-FAN-073,Industrial Cooling Fan,297.87,304.23,1323.2,16.69,102,L,0
M-FAN-074,Industrial Cooling Fan,296.49,302.71,1518.1,11.73,129,M,0
M-FAN-075,Industrial Cooling Fan,297.97,303.7,2076.1,12.26,157,M,0
M-FAN-076,Industrial Cooling Fan,301.04,307.56,1035.4,30.79,125,H,0
M-FAN-077,Industrial Cooling Fan,295.07,306.72,1761.4,28.67,132,M,0
M-FAN-078,Industrial Cooling Fan,300.13,306.18,1239.0,32.81,13,M,0
M-FAN-079,Industrial Cooling Fan,299.83,304.84,932.3,11.65,120,L,0
M-FAN-080,Industrial Cooling Fan,298.41,305.56,1313.8,16.42,13,M,0
M-FAN-081,Industrial Cooling Fan,297.59,302.78,1013.6,27.94,162,L,0
M-FAN-082,Industrial Cooling Fan,298.94,301.47,1863.1,12.75,123,L,0
M-FAN-083,Industrial Cooling Fan,299.81,309.57,1859.6,27.33,54,L,0
M-FAN-084,Industrial Cooling Fan,295.44,309.14,1306.5,13.25,150,H,0
M-FAN-085,Industrial Cooling Fan,300.66,303.36,2050.1,27.29,123,M,0
M-FAN-086,Industrial Cooling Fan,294.48,308.47,1122.2,19.31,112,M,0
M-FAN-087,Industrial Cooling Fan,295.59,302.27,1060.2,31.58,15,L,0
M-FAN-088,Industrial Cooling Fan,295.59,301.99,1650.1,12.0,112,L,0
M-FAN-089,Industrial Cooling Fan,294.38,308.2,1412.8,13.99,39,L,0
M-FAN-090,Industrial Cooling Fan,294.88,308.8,1607.5,10.98,88,L,0
M-FAN-091,Industrial Cooling Fan,299.81,305.4,2018.1,13.01,164,L,0
M-FAN-092,Industrial Cooling Fan,299.67,308.36,1607.0,26.88,105,M,0
M-FAN-093,Industrial Cooling Fan,298.55,303.32,1472.4,17.02,30,M,0
M-FAN-094,Industrial Cooling Fan,300.82,304.43,1872.4,14.38,82,H,0
M-FAN-095,Industrial Cooling Fan,295.11,306.56,1689.7,15.33,90,L,0
M-FAN-096,Industrial Cooling Fan,295.39,301.17,1747.6,11.34,176,M,0
M-FAN-097,Industrial Cooling Fan,297.76,304.87,1645.0,12.27,168,M,0
M-FAN-098,Industrial Cooling Fan,295.47,306.06,1073.2,10.44,117,M,0
M-FAN-099,Industrial Cooling Fan,298.67,302.65,1684.5,11.41,113,M,0
M-FAN-100,Industrial Cooling Fan,299.24,309.06,2005.5,34.52,175,L,0
M-FAN-101,Industrial Cooling Fan,301.65,308.81,1845.9,11.88,18,L,0
M-FAN-102,Industrial Cooling Fan,297.92,308.33,1306.8,19.94,129,L,0
M-FAN-103,Industrial Cooling Fan,294.7,308.75,1930.9,17.89,70,H,0
M-FAN-104,Industrial Cooling Fan,294.13,305.29,1024.2,14.85,153,M,0
M-FAN-105,Industrial Cooling Fan,299.07,302.69,1977.3,31.7,98,L,0
M-FAN-106,Industrial Cooling Fan,300.76,307.58,1854.3,12.63,56,H,0
M-FAN-107,Industrial Cooling Fan,294.07,302.42,2044.6,16.0,174,M,0
M-FAN-108,Industrial Cooling Fan,295.9,305.47,1184.8,34.6,154,H,0
M-FAN-109,Industrial Cooling Fan,301.58,307.49,1007.1,26.77,119,M,0
M-FAN-110,Industrial Cooling Fan,300.07,301.78,1536.3,10.25,174,L,0
M-FAN-111,Industrial Cooling Fan,295.27,304.08,1108.7,29.17,20,L,0
M-FAN-112,Industrial Cooling Fan,301.54,307.09,1176.9,19.0,91,M,0
M-FAN-113,Industrial Cooling Fan,299.35,305.99,1356.7,32.27,23,M,0
M-FAN-114,Industrial Cooling Fan,300.2,301.55,1816.9,30.49,122,H,0
M-FAN-115,Industrial Cooling Fan,295.44,304.08,1203.8,34.07,120,M,0
M-FAN-116,Industrial Cooling Fan,301.44,307.67,1270.0,19.47,43,L,0
M-FAN-117,Industrial Cooling Fan,298.14,309.06,1350.4,31.52,19,L,0
M-FAN-118,Industrial Cooling Fan,301.3,304.27,1907.1,28.81,163,M,0
M-FAN-119,Industrial Cooling Fan,297.72,308.78,1912.2,19.84,153,H,0
M-FAN-120,Industrial Cooling Fan,300.26,302.86,1272.0,22.33,86,M,0
M-FAN-121,Industrial Cooling Fan,298.36,303.98,1127.8,29.21,77,M,0
M-FAN-122,Industrial Cooling Fan,299.16,309.19,1819.8,11.14,152,L,0
M-FAN-123,Industrial Cooling Fan,297.78,309.73,1611.5,21.49,66,M,0
M-FAN-124,Industrial Cooling Fan,295.84,301.94,935.4,17.31,77,M,0
M-FAN-125,Industrial Cooling Fan,296.34,309.86,1279.3,21.02,27,M,0
M-FAN-126,Industrial Cooling Fan,294.39,306.04,1876.4,14.89,72,H,0
M-FAN-127,Industrial Cooling Fan,300.72,308.02,982.2,19.12,172,M,0
M-FAN-128,Industrial Cooling Fan,298.21,304.2,1675.0,34.45,179,L,0
M-FAN-129,Industrial Cooling Fan,297.23,305.45,1363.8,34.64,130,M,0
M-FAN-130,Industrial Cooling Fan,294.1,305.68,2179.1,23.08,41,H,0
M-FAN-131,Industrial Cooling Fan,296.84,309.26,2195.5,33.63,134,M,0
M-FAN-132,Industrial Cooling Fan,298.73,305.85,1819.2,20.47,123,H,0
M-FAN-133,Industrial Cooling Fan,296.13,308.52,2074.9,23.48,15,L,0
M-FAN-134,Industrial Cooling Fan,299.62,304.73,1677.9,20.74,89,L,0
M-FAN-135,Industrial Cooling Fan,295.29,301.93,903.5,17.85,35,M,0
M-FAN-136,Industrial Cooling Fan,294.09,303.04,1332.5,10.79,113,M,0
M-FAN-137,Industrial Cooling Fan,294.78,306.36,2198.3,33.61,10,L,0
M-FAN-138,Industrial Cooling Fan,296.83,301.57,1284.8,18.04,98,M,0
M-FAN-139,Industrial Cooling Fan,299.99,303.21,1318.3,17.71,71,L,0
M-FAN-140,Industrial Cooling Fan,300.22,309.77,1801.0,20.16,76,M,0
M-FAN-141,Industrial Cooling Fan,297.33,308.45,1504.5,17.39,141,L,0
M-FAN-142,Industrial Cooling Fan,297.36,307.01,976.4,23.24,17,H,0
M-FAN-143,Industrial Cooling Fan,298.9,303.73,1865.3,32.4,33,L,0
M-FAN-144,Industrial Cooling Fan,298.12,302.01,1747.1,25.24,97,L,0
M-FAN-145,Industrial Cooling Fan,298.17,309.91,1562.0,12.9,89,H,0
M-FAN-146,Industrial Cooling Fan,298.78,307.24,1509.0,12.44,89,H,0
M-FAN-147,Industrial Cooling Fan,299.46,308.11,2151.1,13.72,100,M,0
M-FAN-148,Industrial Cooling Fan,301.38,306.65,1089.2,20.91,121,L,0
M-FAN-149,Industrial Cooling Fan,300.9,302.62,2137.0,11.48,177,L,0
M-FAN-150,Industrial Cooling Fan,299.28,307.61,994.5,11.04,27,H,0
M-FAN-151,Industrial Cooling Fan,298.38,302.94,2018.3,21.14,128,M,0
M-FAN-152,Industrial Cooling Fan,296.56,303.19,1345.2,29.92,109,M,0
M-FAN-153,Industrial Cooling Fan,300.54,301.49,1808.9,20.98,134,L,0
M-FAN-154,Industrial Cooling Fan,300.0,304.98,1096.3,30.16,88,H,0
M-FAN-155,Industrial Cooling Fan,299.75,303.63,963.6,32.57,92,M,0
M-FAN-156,Industrial Cooling Fan,299.73,308.97,900.4,27.2,140,M,0
M-FAN-157,Industrial Cooling Fan,297.92,301.8,1870.8,31.19,28,L,0
M-FAN-158,Industrial Cooling Fan,300.17,304.12,1797.4,10.0,168,M,0
M-FAN-159,Industrial Cooling Fan,298.96,306.98,1629.8,31.42,113,L,0
M-FAN-160,Industrial Cooling Fan,298.66,302.54,2087.6,27.04,128,L,0
M-FAN-161,Industrial Cooling Fan,294.6,304.86,1210.8,25.76,147,L,0
M-FAN-162,Industrial Cooling Fan,297.64,308.08,2092.2,27.08,51,M,0
M-FAN-163,Industrial Cooling Fan,301.76,309.89,1735.1,32.17,44,M,0
M-FAN-164,Industrial Cooling Fan,301.62,302.22,1148.4,20.51,110,M,0
M-FAN-165,Industrial Cooling Fan,296.34,309.29,2089.6,19.8,83,L,0
M-FAN-166,Industrial Cooling Fan,299.3,304.44,1438.5,18.7,50,M,0
M-FAN-167,Industrial Cooling Fan,299.49,307.68,1912.5,19.37,139,H,0
M-FAN-168,Industrial Cooling Fan,297.82,308.15,1719.1,21.85,119,L,0
M-FAN-169,Industrial Cooling Fan,298.53,308.2,2175.0,27.64,107,H,0
M-FAN-170,Industrial Cooling Fan,297.0,306.09,1936.4,20.95,173,M,0
M-FAN-171,Industrial Cooling Fan,299.96,304.77,1531.8,30.06,60,H,0
M-FAN-172,Industrial Cooling Fan,298.16,305.76,1936.3,34.21,19,M,0
M-FAN-173,Industrial Cooling Fan,299.45,309.87,2125.4,27.81,98,H,0
M-FAN-174,Industrial Cooling Fan,297.07,306.27,1842.8,25.88,131,M,0
M-FAN-175,Industrial Cooling Fan,299.82,302.29,1111.4,14.07,161,H,0
M-FAN-176,Industrial Cooling Fan,300.41,303.1,1509.0,32.9,109,M,0
M-FAN-177,Industrial Cooling Fan,296.27,309.28,1455.3,24.67,88,M,0
M-FAN-178,Industrial Cooling Fan,295.79,307.18,1833.7,16.87,144,L,0
M-FAN-179,Industrial Cooling Fan,301.37,302.45,1295.1,31.51,43,H,0
M-FAN-180,Industrial Cooling Fan,300.97,303.94,1438.8,21.16,154,M,0
M-FAN-181,Industrial Cooling Fan,301.14,306.55,1585.5,18.14,51,M,0
M-FAN-182,Industrial Cooling Fan,297.58,309.19,1539.1,22.79,80,L,0
M-FAN-183,Industrial Cooling Fan,297.4,303.42,2020.6,24.92,110,M,0
M-FAN-184,Industrial Cooling Fan,299.75,303.82,944.0,30.26,31,L,0
M-FAN-185,Industrial Cooling Fan,294.66,304.38,981.9,23.06,121,H,0
M-FAN-186,Industrial Cooling Fan,296.97,309.37,1475.1,30.06,167,L,0
M-FAN-187,Industrial Cooling Fan,301.19,303.86,2151.3,30.31,152,H,0
M-FAN-188,Industrial Cooling Fan,301.63,308.0,1898.4,12.04,49,L,0
M-FAN-189,Industrial Cooling Fan,298.01,304.58,1991.9,12.18,80,M,0
M-FAN-190,Industrial Cooling Fan,296.8,303.77,1173.1,14.32,118,L,0
M-FAN-191,Industrial Cooling Fan,298.07,303.68,1106.9,30.75,175,M,0
M-FAN-192,Industrial Cooling Fan,296.33,306.41,1907.9,21.39,117,L,0
M-FAN-193,Industrial Cooling Fan,301.68,302.49,2196.6,19.8,132,M,0
M-FAN-194,Industrial Cooling Fan,297.89,307.28,1414.5,13.15,93,M,0
M-FAN-195,Industrial Cooling Fan,295.62,309.42,1195.7,20.23,36,M,0
M-FAN-196,Industrial Cooling Fan,296.46,305.4,1192.0,11.34,142,M,0
M-FAN-197,Industrial Cooling Fan,296.73,301.43,2025.2,14.24,168,M,0
M-FAN-198,Industrial Cooling Fan,296.72,307.68,2039.9,19.27,79,M,0
M-FAN-199,Industrial Cooling Fan,301.38,307.23,1221.9,14.62,49,M,0
M-FAN-200,Industrial Cooling Fan,295.84,306.93,1050.7,19.68,116,M,0
M-FAN-201,Industrial Cooling Fan,294.52,301.74,1063.8,30.9,121,H,0
M-FAN-202,Industrial Cooling Fan,297.13,303.51,1651.5,23.07,91,M,0
M-FAN-203,Industrial Cooling Fan,295.1,307.68,2043.8,33.6,19,L,0
M-FAN-204,Industrial Cooling Fan,299.81,309.52,1228.8,28.55,19,M,0
M-FAN-205,Industrial Cooling Fan,296.81,307.92,2022.3,19.12,99,H,0
M-FAN-206,Industrial Cooling Fan,297.34,304.25,1138.1,32.36,35,M,0
M-FAN-207,Industrial Cooling Fan,301.12,309.21,1931.2,14.4,148,M,0
M-FAN-208,Industrial Cooling Fan,301.38,307.38,1920.8,12.13,109,L,0
M-FAN-209,Industrial Cooling Fan,300.89,301.26,2120.9,11.08,114,M,0
M-FAN-210,Industrial Cooling Fan,294.86,301.43,1920.4,19.62,28,L,0
M-FAN-211,Industrial Cooling Fan,300.79,306.29,1109.6,10.38,129,M,0
M-FAN-212,Industrial Cooling Fan,299.21,308.32,1464.5,13.11,169,M,0
M-FAN-213,Industrial Cooling Fan,298.92,309.4,2111.1,24.3,60,L,0
M-FAN-214,Industrial Cooling Fan,299.45,304.68,1627.8,20.4,161,M,0
M-FAN-215,Industrial Cooling Fan,300.59,308.56,1971.6,28.05,155,M,0
M-FAN-216,Industrial Cooling Fan,294.92,308.58,1547.6,13.18,29,H,0
M-FAN-217,Industrial Cooling Fan,300.01,307.4,1165.0,31.17,57,L,0
M-FAN-218,Industrial Cooling Fan,297.91,307.58,1395.8,18.68,153,H,0
M-FAN-219,Industrial Cooling Fan,301.8,306.83,1462.2,25.7,30,M,0
M-FAN-220,Industrial Cooling Fan,301.88,303.12,1839.0,20.87,120,M,0
M-FAN-221,Industrial Cooling Fan,297.76,309.82,1153.9,25.91,107,M,0
M-FAN-222,Industrial Cooling Fan,298.92,305.52,922.0,32.5,150,H,0
M-FAN-223,Industrial Cooling Fan,297.31,307.93,2174.1,33.78,162,H,0
M-FAN-224,Industrial Cooling Fan,301.32,308.91,1390.0,19.86,88,M,0
M-FAN-225,Industrial Cooling Fan,296.09,301.21,1083.6,21.0,57,L,0
M-FAN-226,Industrial Cooling Fan,294.85,309.26,2063.9,32.72,135,H,0
M-FAN-227,Industrial Cooling Fan,297.51,302.18,2184.0,18.33,109,L,0
M-FAN-228,Industrial Cooling Fan,301.36,307.8,1776.9,21.65,112,H,0
M-FAN-229,Industrial Cooling Fan,301.07,305.89,952.2,33.0,93,L,0
M-FAN-230,Industrial Cooling Fan,300.86,308.34,979.8,16.18,158,L,0
M-FAN-231,Industrial Cooling Fan,297.66,304.96,1127.7,34.21,46,H,0
M-FAN-232,Industrial Cooling Fan,299.29,303.19,2120.4,10.27,10,M,0
M-FAN-233,Industrial Cooling Fan,297.9,302.47,1542.9,20.29,161,H,0
M-FAN-234,Industrial Cooling Fan,301.81,306.62,1097.4,11.17,101,M,0
M-FAN-235,Industrial Cooling Fan,296.41,303.21,1745.2,23.84,23,M,0
M-FAN-236,Industrial Cooling Fan,300.33,301.73,2056.7,24.46,171,H,0
M-FAN-237,Industrial Cooling Fan,301.95,306.8,1637.7,22.88,14,L,0
M-FAN-238,Industrial Cooling Fan,299.15,301.82,927.2,11.27,113,M,0
M-FAN-239,Industrial Cooling Fan,298.0,303.76,1591.3,22.91,13,M,0
M-FAN-240,Industrial Cooling Fan,294.43,309.1,1842.8,34.9,61,L,0
M-FAN-241,Industrial Cooling Fan,298.82,305.08,1189.3,28.46,163,M,0
M-FAN-242,Industrial Cooling Fan,295.4,307.27,2170.1,28.75,58,M,0
M-FAN-243,Industrial Cooling Fan,297.07,308.67,1902.8,24.72,56,L,0
M-FAN-244,Industrial Cooling Fan,299.23,309.73,1654.2,30.53,148,M,0
M-FAN-245,Industrial Cooling Fan,301.71,301.2,1899.3,34.14,67,M,0
M-FAN-246,Industrial Cooling Fan,298.5,307.85,2026.0,25.08,148,M,0
M-FAN-247,Industrial Cooling Fan,295.83,304.88,1781.1,14.68,125,M,0
M-FAN-248,Industrial Cooling Fan,300.36,301.33,1768.4,26.25,169,L,0
M-FAN-249,Industrial Cooling Fan,300.37,309.14,1777.6,17.25,157,L,0
M-FAN-250,Industrial Cooling Fan,297.4,307.39,2028.0,34.39,171,M,0
M-FAN-251,Industrial Cooling Fan,297.37,301.99,1221.8,32.06,71,M,0
M-FAN-252,Industrial Cooling Fan,299.33,308.04,1137.6,17.62,86,M,0
M-FAN-253,Industrial Cooling Fan,301.86,308.51,1523.6,31.98,69,L,0
M-FAN-254,Industrial Cooling Fan,295.79,307.95,1493.4,12.69,56,M,0
M-FAN-255,Industrial Cooling Fan,299.99,301.66,1757.4,27.9,121,L,0
M-FAN-256,Industrial Cooling Fan,295.43,306.28,2123.5,25.27,113,L,0
M-FAN-257,Industrial Cooling Fan,296.67,307.3,2091.1,10.27,157,M,0
M-FAN-258,Industrial Cooling Fan,297.65,308.67,1971.1,32.3,169,M,0
M-FAN-259,Industrial Cooling Fan,299.25,304.51,1355.9,20.79,136,M,0
M-FAN-260,Industrial Cooling Fan,300.51,307.71,926.6,25.76,84,M,0
M-FAN-261,Industrial Cooling Fan,300.55,305.93,2051.3,27.82,103,L,0
M-FAN-262,Industrial Cooling Fan,294.31,301.24,1008.4,20.94,50,L,0
M-FAN-263,Industrial Cooling Fan,298.34,306.96,1262.5,18.04,67,M,0
M-FAN-264,Industrial Cooling Fan,297.79,305.66,1669.6,29.22,25,L,0
M-FAN-265,Industrial Cooling Fan,298.51,307.02,1325.8,20.23,49,L,0
M-FAN-266,Industrial Cooling Fan,297.98,309.96,1536.7,15.49,96,H,0
M-FAN-267,Industrial Cooling Fan,301.24,308.37,1843.6,25.25,108,L,0
M-FAN-268,Industrial Cooling Fan,296.22,308.02,1655.8,34.4,150,L,0
M-FAN-269,Industrial Cooling Fan,298.71,302.84,1554.8,27.78,141,H,0
M-FAN-270,Industrial Cooling Fan,298.04,303.12,2037.4,13.82,123,M,0
M-FAN-271,Industrial Cooling Fan,296.85,309.47,1212.6,12.38,21,M,0
M-FAN-272,Industrial Cooling Fan,299.13,303.95,1797.3,11.53,155,L,0
M-FAN-273,Industrial Cooling Fan,301.88,309.43,1363.1,19.98,136,H,0
M-FAN-274,Industrial Cooling Fan,296.51,302.07,1491.4,23.8,45,H,0
M-FAN-275,Industrial Cooling Fan,299.75,301.18,2165.4,15.54,122,M,0
M-FAN-276,Industrial Cooling Fan,294.48,305.25,1571.8,31.37,134,H,0
M-FAN-277,Industrial Cooling Fan,295.67,303.81,1051.3,21.42,177,M,0
M-FAN-278,Industrial Cooling Fan,299.94,307.15,2004.9,15.39,138,L,0
M-FAN-279,Industrial Cooling Fan,295.37,304.12,2161.1,29.52,58,M,0
M-FAN-280,Industrial Cooling Fan,297.23,305.41,1361.7,16.98,124,L,0
M-FAN-281,Industrial Cooling Fan,300.99,302.4,1969.7,16.37,82,L,0
M-FAN-282,Industrial Cooling Fan,297.64,302.77,1107.8,21.82,139,L,0
M-FAN-283,Industrial Cooling Fan,300.3,308.89,1872.2,32.39,22,L,0
M-FAN-284,Industrial Cooling Fan,297.17,309.29,998.5,27.88,135,L,0
M-FAN-285,Industrial Cooling Fan,300.15,304.44,1624.4,19.16,43,M,0
M-FAN-286,Industrial Cooling Fan,295.78,305.94,2078.0,32.82,19,H,0
M-FAN-287,Industrial Cooling Fan,295.96,303.3,1023.4,19.71,109,M,0
M-FAN-288,Industrial Cooling Fan,298.35,304.05,1818.4,30.66,68,H,0
M-FAN-289,Industrial Cooling Fan,296.37,302.24,1507.6,13.9,88,M,0
M-FAN-290,Industrial Cooling Fan,299.91,301.25,1621.2,14.24,10,L,0
M-FAN-291,Industrial Cooling Fan,299.37,301.89,1763.3,25.29,90,M,0
M-FAN-292,Industrial Cooling Fan,301.1,303.21,1417.8,18.23,141,L,0
M-FAN-293,Industrial Cooling Fan,300.8,308.18,2182.8,27.43,137,L,0
M-FAN-294,Industrial Cooling Fan,294.06,306.71,1860.7,32.95,160,L,0
M-FAN-295,Industrial Cooling Fan,301.57,305.84,909.0,10.28,102,M,0
M-FAN-296,Industrial Cooling Fan,297.61,304.6,2093.0,18.98,155,L,0
M-FAN-297,Industrial Cooling Fan,298.0,305.02,1889.3,27.7,65,H,0
M-FAN-298,Industrial Cooling Fan,296.12,302.18,1283.2,16.55,118,L,0
M-FAN-299,Industrial Cooling Fan,299.49,309.34,1919.4,28.2,80,M,0
M-FAN-300,Industrial Cooling Fan,300.77,309.15,1487.4,10.23,144,M,0
M-FAN-301,Industrial Cooling Fan,294.08,308.24,1572.6,27.13,165,M,0
M-FAN-302,Industrial Cooling Fan,298.03,303.62,1296.8,29.91,86,H,0
M-FAN-303,Industrial Cooling Fan,294.76,305.26,1504.4,26.34,90,H,0
M-FAN-304,Industrial Cooling Fan,298.06,309.16,1107.3,27.24,110,L,0
M-FAN-305,Industrial Cooling Fan,295.2,309.47,1707.3,31.18,51,L,0
M-FAN-306,Industrial Cooling Fan,300.25,304.58,1399.1,26.44,25,L,0
M-FAN-307,Industrial Cooling Fan,294.34,302.72,1763.4,12.46,175,L,0
M-FAN-308,Industrial Cooling Fan,299.01,308.37,2053.9,16.49,154,H,0
M-FAN-309,Industrial Cooling Fan,297.31,306.02,1828.1,10.75,59,M,0
M-FAN-310,Industrial Cooling Fan,296.86,307.98,1747.1,15.86,34,M,0
M-FAN-311,Industrial Cooling Fan,297.6,302.52,1324.3,17.58,28,M,0
M-FAN-312,Industrial Cooling Fan,300.11,306.18,1974.2,13.19,84,M,0
M-FAN-313,Industrial Cooling Fan,299.41,307.26,1847.7,26.29,26,M,0
M-FAN-314,Industrial Cooling Fan,299.8,309.94,1801.4,27.17,97,L,0
M-FAN-315,Industrial Cooling Fan,301.97,308.01,1696.3,11.97,133,L,0
M-FAN-316,Industrial Cooling Fan,300.2,302.12,1749.9,17.39,139,M,0
M-FAN-317,Industrial Cooling Fan,299.47,303.65,911.7,25.83,29,M,0
M-FAN-318,Industrial Cooling Fan,301.4,309.72,1206.7,30.23,70,L,0
M-FAN-319,Industrial Cooling Fan,300.3,301.67,1429.3,18.43,143,M,0
M-FAN-320,Industrial Cooling Fan,299.48,306.42,2168.3,33.44,82,L,0
M-FAN-321,Industrial Cooling Fan,300.64,309.09,988.6,17.55,64,M,0
M-FAN-322,Industrial Cooling Fan,295.35,305.47,1762.2,22.43,123,H,0
M-FAN-323,Industrial Cooling Fan,301.01,309.45,1703.3,32.03,32,L,0
M-FAN-324,Industrial Cooling Fan,294.95,304.67,1321.0,24.64,61,M,0
M-FAN-325,Industrial Cooling Fan,296.94,308.75,1724.0,15.38,67,L,0
M-FAN-326,Industrial Cooling Fan,297.09,305.82,1743.6,18.7,59,M,0
M-FAN-327,Industrial Cooling Fan,295.72,303.56,980.7,17.6,64,L,0
M-FAN-328,Industrial Cooling Fan,298.72,308.09,959.0,12.66,148,M,0
M-FAN-329,Industrial Cooling Fan,295.53,304.64,1600.3,31.09,20,M,0
M-FAN-330,Industrial Cooling Fan,299.74,309.8,1949.3,16.91,130,L,0
M-FAN-331,Industrial Cooling Fan,299.84,308.38,2074.8,12.46,27,L,0
M-FAN-332,Industrial Cooling Fan,296.02,301.53,1421.6,30.5,31,M,0
M-FAN-333,Industrial Cooling Fan,294.03,301.99,1356.1,12.09,153,L,0
M-FAN-334,Industrial Cooling Fan,300.04,303.18,1580.2,14.6,57,M,0
M-FAN-335,Industrial Cooling Fan,299.88,301.85,1285.7,33.17,82,L,0
M-FAN-336,Industrial Cooling Fan,301.93,305.74,1274.5,29.77,37,M,0
M-FAN-337,Industrial Cooling Fan,300.28,304.9,1162.0,26.28,134,H,0
M-FAN-338,Industrial Cooling Fan,296.22,302.99,1393.8,29.09,131,M,0
M-FAN-339,Industrial Cooling Fan,294.05,302.28,1190.3,16.8,34,M,0
M-FAN-340,Industrial Cooling Fan,294.6,307.75,1924.0,24.36,25,L,0
M-FAN-341,Industrial Cooling Fan,301.73,302.82,1816.0,31.05,101,M,0
M-FAN-342,Industrial Cooling Fan,297.83,305.61,1420.8,33.25,136,M,0
M-FAN-343,Industrial Cooling Fan,298.68,307.2,1082.2,18.96,163,M,0
M-FAN-344,Industrial Cooling Fan,295.74,302.11,1573.7,23.69,66,M,0
M-FAN-345,Industrial Cooling Fan,294.55,302.31,1610.2,11.55,159,H,0
M-FAN-346,Industrial Cooling Fan,299.39,304.52,1419.7,29.12,94,L,0
M-FAN-347,Industrial Cooling Fan,298.04,306.34,1888.9,25.18,114,L,0
M-FAN-348,Industrial Cooling Fan,301.59,304.39,1650.3,12.16,70,M,0
M-FAN-349,Industrial Cooling Fan,300.68,305.62,1850.4,10.48,88,L,0
M-FAN-350,Industrial Cooling Fan,295.79,301.28,1463.4,27.61,87,M,0
M-FAN-351,Industrial Cooling Fan,299.36,303.29,1877.5,13.83,77,M,0
M-FAN-352,Industrial Cooling Fan,300.63,308.12,1838.2,18.98,30,M,0
M-FAN-353,Industrial Cooling Fan,300.92,308.72,2137.0,11.9,101,M,0
M-FAN-354,Industrial Cooling Fan,299.69,306.79,1901.0,18.99,40,M,0
M-FAN-355,Industrial Cooling Fan,294.1,304.15,1019.3,18.04,116,L,0
M-FAN-356,Industrial Cooling Fan,300.72,303.27,1074.3,14.83,175,M,0
M-FAN-357,Industrial Cooling Fan,295.46,308.57,1413.7,32.48,54,M,0
M-FAN-358,Industrial Cooling Fan,298.04,309.03,2029.4,24.36,47,M,0
M-FAN-359,Industrial Cooling Fan,301.81,306.47,1915.4,21.25,100,M,0
M-FAN-360,Industrial Cooling Fan,299.62,308.66,1559.6,22.02,67,H,0
M-FAN-361,Industrial Cooling Fan,301.51,303.84,1940.9,27.88,144,L,0
M-FAN-362,Industrial Cooling Fan,298.99,309.08,1118.0,25.67,141,M,0
M-FAN-363,Industrial Cooling Fan,299.93,308.01,1980.5,17.82,125,M,0
M-FAN-364,Industrial Cooling Fan,299.91,305.17,1676.8,20.4,37,H,0
M-FAN-365,Industrial Cooling Fan,294.62,306.56,2003.2,10.52,21,M,0
M-FAN-366,Industrial Cooling Fan,299.9,302.42,1253.1,15.8,77,M,0
M-FAN-367,Industrial Cooling Fan,296.82,307.56,1694.3,12.03,118,M,0
M-FAN-368,Industrial Cooling Fan,301.48,303.6,1844.0,28.27,47,L,0
M-FAN-369,Industrial Cooling Fan,297.93,307.11,1089.6,16.45,109,M,0
M-FAN-370,Industrial Cooling Fan,298.0,304.37,1732.7,22.18,10,M,0
M-FAN-371,Industrial Cooling Fan,297.38,304.08,1022.4,15.51,48,L,0
M-FAN-372,Industrial Cooling Fan,297.46,301.38,1080.5,11.98,110,H,0
M-FAN-373,Industrial Cooling Fan,297.99,304.33,1945.0,18.01,87,L,0
M-FAN-374,Industrial Cooling Fan,297.47,308.14,1760.2,20.26,95,L,0
M-FAN-375,Industrial Cooling Fan,299.29,309.14,1132.4,22.08,164,M,0
M-FAN-376,Industrial Cooling Fan,301.74,301.87,2073.5,21.13,22,L,0
M-FAN-377,Industrial Cooling Fan,296.02,301.2,1076.5,26.48,176,H,0
M-FAN-378,Industrial Cooling Fan,297.7,302.63,1868.5,12.95,50,H,0
M-FAN-379,Industrial Cooling Fan,298.42,308.86,1564.4,11.46,105,L,0
M-FAN-380,Industrial Cooling Fan,295.06,301.65,1144.2,28.65,110,M,0
M-FAN-381,Industrial Cooling Fan,296.0,303.99,2155.7,16.02,163,M,0
M-FAN-382,Industrial Cooling Fan,294.99,305.21,2133.1,20.46,156,M,0
M-FAN-383,Industrial Cooling Fan,298.57,308.59,2096.9,22.15,118,H,0
M-FAN-384,Industrial Cooling Fan,296.03,303.51,1021.5,16.99,64,L,0
M-FAN-385,Industrial Cooling Fan,299.35,304.83,2184.5,13.83,90,M,0
M-FAN-386,Industrial Cooling Fan,294.44,307.45,1029.8,13.51,37,L,0
M-FAN-387,Industrial Cooling Fan,299.47,306.9,1622.1,17.32,115,M,0
M-FAN-388,Industrial Cooling Fan,295.16,307.21,1068.5,14.77,149,M,0
M-FAN-389,Industrial Cooling Fan,299.05,304.76,1415.2,27.26,135,M,0
M-FAN-390,Industrial Cooling Fan,301.75,309.6,1436.2,30.52,102,M,0
M-FAN-391,Industrial Cooling Fan,294.44,306.17,2070.8,29.5,143,H,0
M-FAN-392,Industrial Cooling Fan,296.87,303.1,1310.7,24.49,72,M,0
M-FAN-393,Industrial Cooling Fan,297.51,303.58,1024.0,32.3,11,H,0
M-FAN-394,Industrial Cooling Fan,300.61,309.97,1845.2,10.38,48,L,0
M-FAN-395,Industrial Cooling Fan,300.47,306.1,1207.9,10.36,13,M,0
M-FAN-396,Industrial Cooling Fan,294.17,309.94,1138.4,27.77,36,M,0
M-FAN-397,Industrial Cooling Fan,294.64,307.9,1660.4,12.15,154,M,0
M-FAN-398,Industrial Cooling Fan,301.37,309.25,2096.7,11.94,30,L,0
M-FAN-399,Industrial Cooling Fan,297.9,303.14,1900.6,16.61,133,L,0
M-FAN-400,Industrial Cooling Fan,300.27,303.47,1422.1,20.33,93,H,0
M-FAN-F1-001,Industrial Cooling Fan,307.62,321.64,1591.2,30.5,79,M,1
M-FAN-F1-002,Industrial Cooling Fan,309.31,325.37,1315.2,26.13,29,M,1
M-FAN-F1-003,Industrial Cooling Fan,311.27,326.85,1647.9,27.56,124,L,1
M-FAN-F1-004,Industrial Cooling Fan,307.92,322.3,1440.3,11.8,66,L,1
M-FAN-F1-005,Industrial Cooling Fan,310.44,326.6,966.9,23.18,24,M,1
M-FAN-F1-006,Industrial Cooling Fan,311.2,321.46,1886.1,11.61,65,M,1
M-FAN-F1-007,Industrial Cooling Fan,305.07,319.24,983.9,26.28,140,L,1
M-FAN-F1-008,Industrial Cooling Fan,311.8,325.99,2011.8,24.43,79,M,1
M-FAN-F1-009,Industrial Cooling Fan,310.54,317.37,973.1,33.7,10,L,1
M-FAN-F1-010,Industrial Cooling Fan,309.83,319.27,1807.2,30.45,42,L,1
M-FAN-F1-011,Industrial Cooling Fan,310.43,318.24,954.5,15.1,36,H,1
M-FAN-F1-012,Industrial Cooling Fan,309.81,319.94,2049.7,16.3,70,M,1
M-FAN-F1-013,Industrial Cooling Fan,311.02,321.82,1385.6,31.68,51,H,1
M-FAN-F1-014,Industrial Cooling Fan,307.56,325.21,940.0,24.65,89,L,1
M-FAN-F1-015,Industrial Cooling Fan,306.29,318.62,1472.6,18.92,108,M,1
M-FAN-F1-016,Industrial Cooling Fan,310.07,325.66,2099.9,20.77,141,M,1
M-FAN-F1-017,Industrial Cooling Fan,309.71,321.94,1962.0,21.92,115,L,1
M-FAN-F1-018,Industrial Cooling Fan,309.86,325.09,987.3,15.12,140,M,1
M-FAN-F1-019,Industrial Cooling Fan,308.49,319.77,957.7,19.23,76,M,1
M-FAN-F1-020,Industrial Cooling Fan,305.39,321.61,1661.7,16.0,88,L,1
M-FAN-F2-001,Industrial Cooling Fan,300.2,317.86,1901.5,45.85,22,M,1
M-FAN-F2-002,Industrial Cooling Fan,301.47,311.39,1252.6,58.33,10,L,1
M-FAN-F2-003,Industrial Cooling Fan,297.55,318.76,1017.7,49.17,41,L,1
M-FAN-F2-004,Industrial Cooling Fan,295.05,314.59,1839.3,59.04,58,L,1
M-FAN-F2-005,Industrial Cooling Fan,304.83,311.51,1519.2,65.76,141,M,1
M-FAN-F2-006,Industrial Cooling Fan,304.32,309.53,1301.6,47.5,38,M,1
M-FAN-F2-007,Industrial Cooling Fan,300.62,308.47,1335.1,52.24,142,L,1
M-FAN-F2-008,Industrial Cooling Fan,299.27,318.71,1270.0,58.94,139,M,1
M-FAN-F2-009,Industrial Cooling Fan,302.48,309.44,1187.6,56.81,141,M,1
M-FAN-F2-010,Industrial Cooling Fan,305.31,318.72,1174.1,52.89,96,M,1
M-FAN-F2-011,Industrial Cooling Fan,296.06,319.91,1712.9,53.71,92,H,1
M-FAN-F2-012,Industrial Cooling Fan,300.45,318.96,1868.3,51.43,81,M,1
M-FAN-F2-013,Industrial Cooling Fan,298.74,305.97,1445.9,57.44,10,H,1
M-FAN-F2-014,Industrial Cooling Fan,297.28,310.22,1484.3,50.43,47,L,1
M-FAN-F2-015,Industrial Cooling Fan,296.6,312.43,1929.1,57.97,106,M,1
M-FAN-F2-016,Industrial Cooling Fan,295.22,314.69,1582.5,46.26,71,L,1
M-FAN-F2-017,Industrial Cooling Fan,297.26,311.92,1398.0,62.19,120,L,1
M-FAN-F2-018,Industrial Cooling Fan,299.02,306.08,1277.4,59.22,104,L,1
M-FAN-F2-019,Industrial Cooling Fan,299.99,314.49,1482.3,47.18,71,M,1
M-FAN-F2-020,Industrial Cooling Fan,305.46,310.5,1958.5,56.09,42,H,1
M-FAN-F3-001,Industrial Cooling Fan,295.13,305.08,2664.1,44.73,142,M,1
M-FAN-F3-002,Industrial Cooling Fan,300.08,302.07,3160.4,42.51,129,H,1
M-FAN-F3-003,Industrial Cooling Fan,297.67,306.29,3205.4,50.12,41,M,1
M-FAN-F3-004,Industrial Cooling Fan,300.34,305.75,3082.3,38.91,110,L,1
M-FAN-F3-005,Industrial Cooling Fan,298.96,308.71,3208.6,41.74,11,M,1
M-FAN-F3-006,Industrial Cooling Fan,297.94,308.04,3404.2,52.33,78,M,1
M-FAN-F3-007,Industrial Cooling Fan,296.29,305.29,3600.2,39.09,141,L,1
M-FAN-F3-008,Industrial Cooling Fan,298.78,303.98,2885.4,42.37,16,M,1
M-FAN-F3-009,Industrial Cooling Fan,294.46,307.47,3049.1,41.29,83,L,1
M-FAN-F3-010,Industrial Cooling Fan,299.56,305.43,3494.6,48.82,129,M,1
M-FAN-F3-011,Industrial Cooling Fan,300.87,303.71,3675.1,42.43,134,L,1
M-FAN-F3-012,Industrial Cooling Fan,295.16,309.77,2734.3,41.56,69,L,1
M-FAN-F3-013,Industrial Cooling Fan,297.91,305.95,3403.9,52.06,114,M,1
M-FAN-F3-014,Industrial Cooling Fan,296.42,301.88,3348.9,41.03,44,L,1
M-FAN-F3-015,Industrial Cooling Fan,296.61,306.1,3077.3,39.54,58,M,1
M-FAN-F3-016,Industrial Cooling Fan,301.17,303.92,3057.2,49.46,111,L,1
M-FAN-F3-017,Industrial Cooling Fan,301.63,308.16,3088.4,50.0,78,M,1
M-FAN-F3-018,Industrial Cooling Fan,296.42,303.01,2799.5,41.08,18,L,1
M-FAN-F3-019,Industrial Cooling Fan,301.45,306.28,3564.5,41.07,130,M,1
M-FAN-F3-020,Industrial Cooling Fan,294.54,302.27,2979.9,39.11,51,H,1
M-FAN-F4-001,Industrial Cooling Fan,295.89,303.39,2192.7,18.3,212,M,1
M-FAN-F4-002,Industrial Cooling Fan,300.87,304.48,2038.3,21.54,209,M,1
M-FAN-F4-003,Industrial Cooling Fan,298.87,304.3,1774.8,18.35,247,M,1
M-FAN-F4-004,Industrial Cooling Fan,297.65,306.02,1792.1,18.4,257,L,1
M-FAN-F4-005,Industrial Cooling Fan,295.87,309.77,1764.2,25.03,206,M,1
M-FAN-F4-006,Industrial Cooling Fan,295.32,304.87,1431.3,33.32,209,L,1
M-FAN-F4-007,Industrial Cooling Fan,296.61,305.0,1904.0,30.39,218,M,1
M-FAN-F4-008,Industrial Cooling Fan,296.45,306.35,1332.4,33.5,238,H,1
M-FAN-F4-009,Industrial Cooling Fan,296.48,302.99,1407.4,27.0,233,L,1
M-FAN-F4-010,Industrial Cooling Fan,295.51,309.52,1345.7,20.31,246,L,1
M-FAN-F4-011,Industrial Cooling Fan,297.03,307.72,2048.9,34.77,197,L,1
M-FAN-F4-012,Industrial Cooling Fan,300.2,307.02,1888.0,41.36,227,H,1
M-FAN-F4-013,Industrial Cooling Fan,297.69,301.42,1282.5,29.19,218,M,1
M-FAN-F4-014,Industrial Cooling Fan,300.58,304.78,2070.2,13.48,258,L,1
M-FAN-F4-015,Industrial Cooling Fan,296.58,303.69,1296.6,36.15,257,M,1
M-FAN-F4-016,Industrial Cooling Fan,298.74,302.25,1509.4,41.96,206,L,1
M-FAN-F4-017,Industrial Cooling Fan,300.59,309.75,1133.5,17.62,196,L,1
M-FAN-F4-018,Industrial Cooling Fan,299.15,302.6,1928.5,20.28,205,M,1
M-FAN-F4-019,Industrial Cooling Fan,294.73,303.37,1382.7,37.41,254,M,1
M-FAN-F4-020,Industrial Cooling Fan,299.8,306.12,1343.1,33.5,246,M,1
M-FAN-F5-001,Industrial Cooling Fan,306.09,319.46,2673.8,53.94,198,L,1
M-FAN-F5-002,Industrial Cooling Fan,304.71,315.0,2816.0,46.17,230,M,1
M-FAN-F5-003,Industrial Cooling Fan,306.34,316.47,2558.2,46.36,220,M,1
M-FAN-F5-004,Industrial Cooling Fan,305.89,321.9,2876.1,54.92,195,H,1
M-FAN-F5-005,Industrial Cooling Fan,304.55,315.09,2767.1,48.42,218,L,1
M-FAN-F5-006,Industrial Cooling Fan,307.86,321.03,2498.1,45.58,202,H,1
M-FAN-F5-007,Industrial Cooling Fan,305.72,318.43,2570.0,51.46,226,H,1
M-FAN-F5-008,Industrial Cooling Fan,304.98,321.12,2763.4,45.73,202,M,1
M-FAN-F5-009,Industrial Cooling Fan,303.5,320.54,2477.2,44.85,192,L,1
M-FAN-F5-010,Industrial Cooling Fan,303.2,316.47,2798.4,46.7,204,M,1
M-FAN-F5-011,Industrial Cooling Fan,306.99,321.79,2649.7,40.87,191,L,1
M-FAN-F5-012,Industrial Cooling Fan,305.76,320.27,2880.3,54.54,234,L,1
M-FAN-F5-013,Industrial Cooling Fan,305.38,316.47,2754.6,48.16,220,H,1
M-FAN-F5-014,Industrial Cooling Fan,306.28,317.65,2829.3,44.02,211,M,1
M-FAN-F5-015,Industrial Cooling Fan,307.38,317.9,2568.5,40.9,223,M,1
M-FAN-F5-016,Industrial Cooling Fan,307.95,318.27,2610.7,50.61,203,L,1
M-FAN-F5-017,Industrial Cooling Fan,304.54,321.91,2819.4,53.55,193,M,1
M-FAN-F5-018,Industrial Cooling Fan,306.69,319.24,2548.2,45.86,203,M,1
M-FAN-F5-019,Industrial Cooling Fan,304.72,316.47,2556.9,46.69,199,L,1
M-FAN-F5-020,Industrial Cooling Fan,303.77,321.31,2702.8,46.2,201,M,1
M-LATHE-001,CNC Lathe Spindle,300.8,309.68,1639.3,65.93,196,M,0
M-LATHE-002,CNC Lathe Spindle,300.3,309.5,2304.7,23.87,99,L,0
M-LATHE-003,CNC Lathe Spindle,296.12,310.82,3701.9,30.88,48,L,0
M-LATHE-004,CNC Lathe Spindle,297.79,306.92,2445.0,39.63,176,M,0
M-LATHE-005,CNC Lathe Spindle,298.84,310.34,3884.9,25.66,53,L,0
M-LATHE-006,CNC Lathe Spindle,302.7,306.77,1862.8,41.05,24,M,0
M-LATHE-007,CNC Lathe Spindle,296.54,305.58,2713.0,67.89,93,M,0
M-LATHE-008,CNC Lathe Spindle,302.99,310.32,2438.1,39.29,51,M,0
M-LATHE-009,CNC Lathe Spindle,299.07,307.71,1901.4,35.56,109,H,0
M-LATHE-010,CNC Lathe Spindle,297.08,314.48,2857.1,23.17,143,H,0
M-LATHE-011,CNC Lathe Spindle,301.17,312.5,3127.7,56.61,31,L,0
M-LATHE-012,CNC Lathe Spindle,296.96,308.4,3856.9,45.14,193,H,0
M-LATHE-013,CNC Lathe Spindle,299.34,305.62,3075.5,23.94,47,M,0
M-LATHE-014,CNC Lathe Spindle,301.24,306.64,3616.6,26.6,21,M,0
M-LATHE-015,CNC Lathe Spindle,302.86,306.1,1754.3,57.56,72,L,0
M-LATHE-016,CNC Lathe Spindle,297.4,309.6,2163.2,42.58,157,L,0
M-LATHE-017,CNC Lathe Spindle,299.61,314.28,2159.5,32.02,128,M,0
M-LATHE-018,CNC Lathe Spindle,296.33,311.08,2436.1,57.37,164,M,0
M-LATHE-019,CNC Lathe Spindle,296.01,311.36,3372.2,32.45,100,L,0
M-LATHE-020,CNC Lathe Spindle,298.09,307.23,2027.1,47.94,190,M,0
M-LATHE-021,CNC Lathe Spindle,298.12,311.39,3062.1,49.85,44,M,0
M-LATHE-022,CNC Lathe Spindle,299.01,305.19,2849.4,69.46,79,L,0
M-LATHE-023,CNC Lathe Spindle,296.67,312.32,1785.8,33.68,120,M,0
M-LATHE-024,CNC Lathe Spindle,301.43,311.15,2984.0,65.62,98,M,0
M-LATHE-025,CNC Lathe Spindle,297.13,309.0,3281.9,22.13,38,H,0
M-LATHE-026,CNC Lathe Spindle,300.1,307.43,1915.6,49.64,155,M,0
M-LATHE-027,CNC Lathe Spindle,300.05,305.98,3838.0,36.84,199,L,0
M-LATHE-028,CNC Lathe Spindle,301.45,305.2,2858.7,24.34,180,L,0
M-LATHE-029,CNC Lathe Spindle,302.81,311.08,2805.4,45.95,86,M,0
M-LATHE-030,CNC Lathe Spindle,300.45,314.33,2989.7,62.86,174,M,0
M-LATHE-031,CNC Lathe Spindle,298.43,311.4,2614.7,24.07,84,L,0
M-LATHE-032,CNC Lathe Spindle,296.34,311.97,3603.0,52.44,120,L,0
M-LATHE-033,CNC Lathe Spindle,299.01,305.91,3905.9,41.62,138,M,0
M-LATHE-034,CNC Lathe Spindle,296.38,314.53,3481.3,27.45,196,L,0
M-LATHE-035,CNC Lathe Spindle,299.31,311.11,1766.8,48.02,28,M,0
M-LATHE-036,CNC Lathe Spindle,299.87,313.74,3312.6,32.48,179,M,0
M-LATHE-037,CNC Lathe Spindle,300.24,306.69,3644.4,66.55,158,L,0
M-LATHE-038,CNC Lathe Spindle,298.12,313.61,2722.2,28.2,138,M,0
M-LATHE-039,CNC Lathe Spindle,298.01,305.27,1999.6,39.99,45,H,0
M-LATHE-040,CNC Lathe Spindle,298.74,314.62,3410.6,35.99,191,M,0
M-LATHE-041,CNC Lathe Spindle,299.19,309.68,2526.9,31.65,86,M,0
M-LATHE-042,CNC Lathe Spindle,299.7,312.62,2397.0,55.84,121,L,0
M-LATHE-043,CNC Lathe Spindle,298.7,314.01,3551.6,51.88,136,H,0
M-LATHE-044,CNC Lathe Spindle,302.65,306.07,2908.1,36.5,94,M,0
M-LATHE-045,CNC Lathe Spindle,302.36,309.58,3969.3,49.64,44,H,0
M-LATHE-046,CNC Lathe Spindle,301.01,305.5,2700.9,27.41,95,L,0
M-LATHE-047,CNC Lathe Spindle,299.21,306.63,2129.8,38.38,27,M,0
M-LATHE-048,CNC Lathe Spindle,300.25,305.62,2505.8,40.7,76,M,0
M-LATHE-049,CNC Lathe Spindle,298.42,309.16,3493.8,28.11,129,M,0
M-LATHE-050,CNC Lathe Spindle,298.14,312.28,2878.0,43.87,138,L,0
M-LATHE-051,CNC Lathe Spindle,302.81,311.29,3686.1,20.05,113,M,0
M-LATHE-052,CNC Lathe Spindle,296.66,310.32,3367.1,40.61,138,M,0
M-LATHE-053,CNC Lathe Spindle,299.06,307.9,2456.5,37.49,134,H,0
M-LATHE-054,CNC Lathe Spindle,296.65,311.6,2865.7,41.51,43,M,0
M-LATHE-055,CNC Lathe Spindle,301.53,313.9,3256.4,23.0,139,M,0
M-LATHE-056,CNC Lathe Spindle,298.21,306.96,3439.4,52.43,128,M,0
M-LATHE-057,CNC Lathe Spindle,297.66,309.45,3083.1,51.83,161,M,0
M-LATHE-058,CNC Lathe Spindle,301.39,309.4,3175.4,42.79,190,H,0
M-LATHE-059,CNC Lathe Spindle,300.73,310.77,1931.8,23.3,162,H,0
M-LATHE-060,CNC Lathe Spindle,297.31,314.78,3293.2,32.52,124,M,0
M-LATHE-061,CNC Lathe Spindle,301.91,312.29,3579.3,30.58,133,H,0
M-LATHE-062,CNC Lathe Spindle,296.48,312.14,1561.1,48.99,170,M,0
M-LATHE-063,CNC Lathe Spindle,296.31,312.14,3824.2,55.86,122,M,0
M-LATHE-064,CNC Lathe Spindle,296.11,311.95,2077.6,62.91,101,M,0
M-LATHE-065,CNC Lathe Spindle,301.28,312.79,3106.6,66.92,196,L,0
M-LATHE-066,CNC Lathe Spindle,301.77,312.06,3158.3,25.19,65,H,0
M-LATHE-067,CNC Lathe Spindle,296.96,309.39,1866.3,65.08,164,H,0
M-LATHE-068,CNC Lathe Spindle,297.74,313.19,3507.6,67.27,199,L,0
M-LATHE-069,CNC Lathe Spindle,298.87,307.5,3396.0,34.96,164,M,0
M-LATHE-070,CNC Lathe Spindle,301.56,307.76,2770.1,48.2,189,M,0
M-LATHE-071,CNC Lathe Spindle,302.56,313.05,3327.2,59.34,127,M,0
M-LATHE-072,CNC Lathe Spindle,297.33,313.66,3312.8,30.66,128,M,0
M-LATHE-073,CNC Lathe Spindle,297.11,310.32,2203.8,24.81,101,M,0
M-LATHE-074,CNC Lathe Spindle,296.33,309.02,2144.2,21.53,38,H,0
M-LATHE-075,CNC Lathe Spindle,297.28,313.03,2598.7,27.35,33,M,0
M-LATHE-076,CNC Lathe Spindle,301.59,308.64,1899.7,40.21,117,H,0
M-LATHE-077,CNC Lathe Spindle,300.39,308.95,1524.3,53.69,146,M,0
M-LATHE-078,CNC Lathe Spindle,298.39,310.3,2467.9,55.03,122,H,0
M-LATHE-079,CNC Lathe Spindle,300.5,311.87,2426.8,63.79,170,H,0
M-LATHE-080,CNC Lathe Spindle,302.33,309.41,3309.4,60.7,108,M,0
M-LATHE-081,CNC Lathe Spindle,302.41,307.31,2142.4,38.08,174,L,0
M-LATHE-082,CNC Lathe Spindle,297.54,313.64,2145.5,68.53,125,H,0
M-LATHE-083,CNC Lathe Spindle,296.24,306.47,1968.9,58.38,56,L,0
M-LATHE-084,CNC Lathe Spindle,300.45,311.93,2044.5,64.64,138,L,0
M-LATHE-085,CNC Lathe Spindle,302.7,306.26,1741.5,60.17,175,M,0
M-LATHE-086,CNC Lathe Spindle,298.56,311.53,2264.2,31.92,105,M,0
M-LATHE-087,CNC Lathe Spindle,299.39,314.57,3599.5,67.08,164,M,0
M-LATHE-088,CNC Lathe Spindle,301.68,314.23,3867.6,54.16,54,H,0
M-LATHE-089,CNC Lathe Spindle,297.03,314.66,2655.2,62.75,101,M,0
M-LATHE-090,CNC Lathe Spindle,296.17,307.5,2590.7,51.53,46,L,0
M-LATHE-091,CNC Lathe Spindle,298.55,313.17,1744.9,53.99,69,L,0
M-LATHE-092,CNC Lathe Spindle,298.82,311.65,3835.8,21.03,17,L,0
M-LATHE-093,CNC Lathe Spindle,300.52,307.93,2736.0,22.1,50,M,0
M-LATHE-094,CNC Lathe Spindle,301.84,309.8,2965.9,63.69,72,L,0
M-LATHE-095,CNC Lathe Spindle,302.03,307.03,2391.2,68.99,196,M,0
M-LATHE-096,CNC Lathe Spindle,296.47,307.71,2494.3,42.05,129,L,0
M-LATHE-097,CNC Lathe Spindle,298.31,313.5,1733.7,22.09,108,H,0
M-LATHE-098,CNC Lathe Spindle,298.75,313.97,2103.7,55.3,70,H,0
M-LATHE-099,CNC Lathe Spindle,299.9,313.35,2523.7,50.86,181,L,0
M-LATHE-100,CNC Lathe Spindle,297.36,312.33,2754.7,57.3,106,H,0
M-LATHE-101,CNC Lathe Spindle,299.99,309.92,2794.8,63.95,180,M,0
M-LATHE-102,CNC Lathe Spindle,299.19,310.15,2799.0,67.52,135,M,0
M-LATHE-103,CNC Lathe Spindle,299.72,311.27,3099.4,49.26,47,H,0
M-LATHE-104,CNC Lathe Spindle,298.36,309.28,1654.5,60.75,78,L,0
M-LATHE-105,CNC Lathe Spindle,297.08,305.57,2705.8,29.46,188,H,0
M-LATHE-106,CNC Lathe Spindle,298.89,314.27,2461.0,24.66,71,M,0
M-LATHE-107,CNC Lathe Spindle,297.3,309.67,3590.9,63.63,24,H,0
M-LATHE-108,CNC Lathe Spindle,297.93,310.95,2402.5,62.2,147,H,0
M-LATHE-109,CNC Lathe Spindle,300.37,306.13,2137.6,28.89,47,M,0
M-LATHE-110,CNC Lathe Spindle,299.95,306.76,3975.4,41.09,32,H,0
M-LATHE-111,CNC Lathe Spindle,300.09,314.79,2929.9,67.45,97,M,0
M-LATHE-112,CNC Lathe Spindle,299.5,311.97,2419.0,63.19,20,M,0
M-LATHE-113,CNC Lathe Spindle,299.58,311.07,2190.2,41.37,104,M,0
M-LATHE-114,CNC Lathe Spindle,301.41,312.38,2354.0,69.97,172,M,0
M-LATHE-115,CNC Lathe Spindle,297.37,308.14,2630.9,62.54,158,L,0
M-LATHE-116,CNC Lathe Spindle,297.9,310.93,2208.1,25.45,141,H,0
M-LATHE-117,CNC Lathe Spindle,300.67,311.48,3525.6,26.98,159,L,0
M-LATHE-118,CNC Lathe Spindle,301.96,312.52,3155.4,41.09,150,L,0
M-LATHE-119,CNC Lathe Spindle,300.42,312.96,2621.9,26.06,118,M,0
M-LATHE-120,CNC Lathe Spindle,298.69,305.17,2457.0,60.44,115,H,0
M-LATHE-121,CNC Lathe Spindle,299.29,307.91,2693.9,40.23,187,H,0
M-LATHE-122,CNC Lathe Spindle,300.79,313.51,3898.1,28.88,113,H,0
M-LATHE-123,CNC Lathe Spindle,299.49,306.25,3594.7,25.69,109,M,0
M-LATHE-124,CNC Lathe Spindle,302.8,311.55,2219.6,32.04,38,L,0
M-LATHE-125,CNC Lathe Spindle,300.84,311.1,1602.1,58.14,133,L,0
M-LATHE-126,CNC Lathe Spindle,300.11,308.04,2453.8,28.79,148,L,0
M-LATHE-127,CNC Lathe Spindle,297.4,306.58,1692.5,65.6,58,M,0
M-LATHE-128,CNC Lathe Spindle,297.96,309.14,3285.1,63.53,48,M,0
M-LATHE-129,CNC Lathe Spindle,298.47,314.81,2247.3,20.36,110,H,0
M-LATHE-130,CNC Lathe Spindle,296.31,311.98,3330.6,43.03,140,M,0
M-LATHE-131,CNC Lathe Spindle,300.41,310.97,3164.6,29.98,64,M,0
M-LATHE-132,CNC Lathe Spindle,299.12,312.74,2418.5,28.13,61,M,0
M-LATHE-133,CNC Lathe Spindle,301.12,309.7,3271.6,40.81,179,L,0
M-LATHE-134,CNC Lathe Spindle,300.69,313.64,2769.8,66.73,168,L,0
M-LATHE-135,CNC Lathe Spindle,300.36,312.79,2857.2,32.96,80,L,0
M-LATHE-136,CNC Lathe Spindle,296.39,310.91,2431.2,39.33,178,L,0
M-LATHE-137,CNC Lathe Spindle,300.19,307.73,2688.6,40.41,80,H,0
M-LATHE-138,CNC Lathe Spindle,299.8,308.02,3152.0,35.96,94,H,0
M-LATHE-139,CNC Lathe Spindle,302.95,310.08,1560.6,47.06,176,L,0
M-LATHE-140,CNC Lathe Spindle,300.91,306.39,3144.3,58.31,120,L,0
M-LATHE-141,CNC Lathe Spindle,297.94,307.42,3673.9,51.27,15,M,0
M-LATHE-142,CNC Lathe Spindle,302.0,305.27,1508.1,34.06,184,L,0
M-LATHE-143,CNC Lathe Spindle,299.63,310.53,2330.0,32.19,165,H,0
M-LATHE-144,CNC Lathe Spindle,299.41,311.34,1759.2,45.98,121,L,0
M-LATHE-145,CNC Lathe Spindle,297.64,307.93,2923.8,69.16,55,L,0
M-LATHE-146,CNC Lathe Spindle,301.0,313.26,1724.1,35.02,25,M,0
M-LATHE-147,CNC Lathe Spindle,302.87,306.05,2905.9,20.3,146,H,0
M-LATHE-148,CNC Lathe Spindle,296.91,308.37,3427.6,25.33,57,H,0
M-LATHE-149,CNC Lathe Spindle,302.78,310.92,3299.7,52.57,41,M,0
M-LATHE-150,CNC Lathe Spindle,296.92,309.01,2922.4,47.94,37,H,0
M-LATHE-151,CNC Lathe Spindle,301.59,312.26,1704.5,26.37,180,L,0
M-LATHE-152,CNC Lathe Spindle,302.97,307.54,2719.5,31.82,130,H,0
M-LATHE-153,CNC Lathe Spindle,296.89,305.72,3234.0,44.7,129,L,0
M-LATHE-154,CNC Lathe Spindle,301.18,309.62,3960.9,42.81,35,L,0
M-LATHE-155,CNC Lathe Spindle,296.16,310.5,2272.7,45.18,118,M,0
M-LATHE-156,CNC Lathe Spindle,299.9,312.56,2166.3,39.17,64,L,0
M-LATHE-157,CNC Lathe Spindle,301.07,313.71,1925.1,23.68,37,H,0
M-LATHE-158,CNC Lathe Spindle,299.73,314.71,2393.1,67.93,22,L,0
M-LATHE-159,CNC Lathe Spindle,297.27,314.12,1640.6,67.41,52,M,0
M-LATHE-160,CNC Lathe Spindle,299.44,308.81,3168.8,68.74,127,L,0
M-LATHE-161,CNC Lathe Spindle,296.62,311.28,2634.6,64.29,86,M,0
M-LATHE-162,CNC Lathe Spindle,297.6,307.59,2440.3,35.2,61,H,0
M-LATHE-163,CNC Lathe Spindle,301.86,305.64,3718.4,26.27,27,M,0
M-LATHE-164,CNC Lathe Spindle,299.52,309.91,2936.3,34.35,137,M,0
M-LATHE-165,CNC Lathe Spindle,298.34,313.27,3319.3,39.68,171,L,0
M-LATHE-166,CNC Lathe Spindle,299.76,307.15,3789.5,29.47,23,M,0
M-LATHE-167,CNC Lathe Spindle,301.09,314.23,3093.2,67.59,32,H,0
M-LATHE-168,CNC Lathe Spindle,300.23,314.66,2756.8,22.58,55,M,0
M-LATHE-169,CNC Lathe Spindle,298.36,305.44,3762.2,45.78,139,H,0
M-LATHE-170,CNC Lathe Spindle,296.38,310.86,3718.2,46.42,177,L,0
M-LATHE-171,CNC Lathe Spindle,296.53,307.02,3144.3,42.18,68,M,0
M-LATHE-172,CNC Lathe Spindle,299.12,314.11,1758.6,33.99,114,M,0
M-LATHE-173,CNC Lathe Spindle,300.41,314.42,3489.0,47.85,54,M,0
M-LATHE-174,CNC Lathe Spindle,300.85,313.38,3899.3,50.27,112,H,0
M-LATHE-175,CNC Lathe Spindle,296.5,306.56,1636.9,40.04,77,M,0
M-LATHE-176,CNC Lathe Spindle,299.75,310.96,2679.9,33.89,191,H,0
M-LATHE-177,CNC Lathe Spindle,302.57,308.11,2781.7,25.44,28,M,0
M-LATHE-178,CNC Lathe Spindle,301.19,307.69,2905.9,33.93,86,L,0
M-LATHE-179,CNC Lathe Spindle,301.99,310.16,2095.3,29.66,191,M,0
M-LATHE-180,CNC Lathe Spindle,301.66,308.69,3964.1,38.41,80,M,0
M-LATHE-181,CNC Lathe Spindle,302.73,314.76,3268.0,57.73,119,L,0
M-LATHE-182,CNC Lathe Spindle,302.02,309.86,3049.7,46.87,119,L,0
M-LATHE-183,CNC Lathe Spindle,298.49,307.08,2640.7,30.4,107,L,0
M-LATHE-184,CNC Lathe Spindle,300.32,313.55,1915.5,65.04,126,H,0
M-LATHE-185,CNC Lathe Spindle,300.43,314.51,1697.9,49.12,184,H,0
M-LATHE-186,CNC Lathe Spindle,300.42,309.75,2367.5,51.38,24,L,0
M-LATHE-187,CNC Lathe Spindle,296.03,308.07,2759.9,38.85,71,L,0
M-LATHE-188,CNC Lathe Spindle,302.54,313.74,2806.1,64.21,185,M,0
M-LATHE-189,CNC Lathe Spindle,297.98,305.98,2697.7,67.31,118,M,0
M-LATHE-190,CNC Lathe Spindle,296.79,306.44,2661.2,67.56,81,L,0
M-LATHE-191,CNC Lathe Spindle,296.84,311.17,3001.5,62.99,15,H,0
M-LATHE-192,CNC Lathe Spindle,297.54,314.5,1884.2,21.85,113,M,0
M-LATHE-193,CNC Lathe Spindle,301.91,314.49,2846.4,66.5,149,M,0
M-LATHE-194,CNC Lathe Spindle,302.5,311.67,2535.2,54.01,89,H,0
M-LATHE-195,CNC Lathe Spindle,301.03,313.24,3322.0,31.46,191,H,0
M-LATHE-196,CNC Lathe Spindle,298.33,307.6,1620.3,40.29,130,L,0
M-LATHE-197,CNC Lathe Spindle,302.93,313.08,2671.7,56.19,171,M,0
M-LATHE-198,CNC Lathe Spindle,301.5,309.83,2466.2,46.3,140,L,0
M-LATHE-199,CNC Lathe Spindle,298.5,310.71,3774.7,68.82,57,H,0
M-LATHE-200,CNC Lathe Spindle,300.74,309.15,1560.6,37.34,164,L,0
M-LATHE-201,CNC Lathe Spindle,299.46,309.73,2948.8,30.97,112,H,0
M-LATHE-202,CNC Lathe Spindle,299.33,308.36,3187.2,51.92,85,H,0
M-LATHE-203,CNC Lathe Spindle,297.77,311.33,1680.9,25.38,134,L,0
M-LATHE-204,CNC Lathe Spindle,298.25,309.9,3864.3,67.28,71,L,0
M-LATHE-205,CNC Lathe Spindle,300.16,314.75,2694.0,58.74,157,M,0
M-LATHE-206,CNC Lathe Spindle,301.57,307.61,1805.6,41.26,189,M,0
M-LATHE-207,CNC Lathe Spindle,300.45,311.24,1831.4,39.51,145,L,0
M-LATHE-208,CNC Lathe Spindle,297.18,309.1,1737.7,32.12,84,M,0
M-LATHE-209,CNC Lathe Spindle,297.61,307.28,3444.6,68.13,74,M,0
M-LATHE-210,CNC Lathe Spindle,297.81,314.28,3182.3,60.13,24,M,0
M-LATHE-211,CNC Lathe Spindle,299.69,307.93,2156.1,49.0,145,H,0
M-LATHE-212,CNC Lathe Spindle,299.97,306.7,1850.9,51.16,72,M,0
M-LATHE-213,CNC Lathe Spindle,298.52,311.48,2675.3,68.17,80,L,0
M-LATHE-214,CNC Lathe Spindle,297.8,310.09,2881.4,36.46,102,M,0
M-LATHE-215,CNC Lathe Spindle,296.04,307.16,3250.2,58.55,66,M,0
M-LATHE-216,CNC Lathe Spindle,296.26,307.37,3448.0,50.3,53,M,0
M-LATHE-217,CNC Lathe Spindle,301.72,307.09,2335.4,53.22,118,M,0
M-LATHE-218,CNC Lathe Spindle,302.3,307.2,3353.5,27.95,128,L,0
M-LATHE-219,CNC Lathe Spindle,299.21,312.24,3551.0,26.8,145,L,0
M-LATHE-220,CNC Lathe Spindle,300.03,306.86,1817.4,32.99,34,M,0
M-LATHE-221,CNC Lathe Spindle,296.49,307.23,2599.8,43.7,119,L,0
M-LATHE-222,CNC Lathe Spindle,296.33,305.81,1652.1,41.16,22,L,0
M-LATHE-223,CNC Lathe Spindle,297.56,314.39,2716.0,42.32,159,L,0
M-LATHE-224,CNC Lathe Spindle,300.25,314.35,2555.6,60.43,85,L,0
M-LATHE-225,CNC Lathe Spindle,297.82,307.89,3194.7,30.64,57,M,0
M-LATHE-226,CNC Lathe Spindle,300.75,313.89,3186.4,61.39,115,H,0
M-LATHE-227,CNC Lathe Spindle,296.7,310.54,2319.5,31.03,101,M,0
M-LATHE-228,CNC Lathe Spindle,298.69,313.03,3346.3,56.75,197,M,0
M-LATHE-229,CNC Lathe Spindle,300.51,313.55,2948.8,59.48,91,M,0
M-LATHE-230,CNC Lathe Spindle,296.39,314.86,3500.0,63.44,143,H,0
M-LATHE-231,CNC Lathe Spindle,296.22,313.65,2490.8,33.19,118,M,0
M-LATHE-232,CNC Lathe Spindle,300.56,309.84,3243.1,62.67,51,M,0
M-LATHE-233,CNC Lathe Spindle,299.06,314.62,2413.3,39.05,135,M,0
M-LATHE-234,CNC Lathe Spindle,302.66,313.94,2783.5,52.24,25,M,0
M-LATHE-235,CNC Lathe Spindle,300.95,308.59,2049.2,65.75,93,M,0
M-LATHE-236,CNC Lathe Spindle,296.23,309.14,3543.1,39.38,126,M,0
M-LATHE-237,CNC Lathe Spindle,298.92,314.28,2916.1,65.1,181,L,0
M-LATHE-238,CNC Lathe Spindle,302.27,305.03,3835.0,26.87,22,H,0
M-LATHE-239,CNC Lathe Spindle,298.44,311.21,2505.8,21.28,103,M,0
M-LATHE-240,CNC Lathe Spindle,301.3,307.8,2043.8,32.8,71,M,0
M-LATHE-241,CNC Lathe Spindle,299.3,308.37,2435.8,38.55,194,M,0
M-LATHE-242,CNC Lathe Spindle,301.73,312.08,1513.9,69.66,154,M,0
M-LATHE-243,CNC Lathe Spindle,298.84,310.55,2133.2,21.77,169,L,0
M-LATHE-244,CNC Lathe Spindle,297.14,312.87,3352.9,28.92,93,M,0
M-LATHE-245,CNC Lathe Spindle,301.32,313.38,1736.9,48.15,155,L,0
M-LATHE-246,CNC Lathe Spindle,297.04,310.26,3643.9,35.93,93,L,0
M-LATHE-247,CNC Lathe Spindle,296.63,313.59,2277.9,20.07,58,H,0
M-LATHE-248,CNC Lathe Spindle,296.65,311.93,2034.9,66.74,110,M,0
M-LATHE-249,CNC Lathe Spindle,299.04,311.93,2630.7,26.43,177,M,0
M-LATHE-250,CNC Lathe Spindle,296.52,310.29,3118.4,33.78,163,M,0
M-LATHE-251,CNC Lathe Spindle,300.55,309.21,3904.8,33.71,121,M,0
M-LATHE-252,CNC Lathe Spindle,301.21,305.48,1614.7,60.54,95,M,0
M-LATHE-253,CNC Lathe Spindle,300.25,312.02,2003.0,29.27,192,M,0
M-LATHE-254,CNC Lathe Spindle,298.73,313.01,2812.9,32.08,53,M,0
M-LATHE-255,CNC Lathe Spindle,302.02,305.61,2046.3,64.66,37,M,0
M-LATHE-256,CNC Lathe Spindle,297.49,311.06,2457.8,25.08,122,M,0
M-LATHE-257,CNC Lathe Spindle,300.76,311.37,2750.6,45.97,132,M,0
M-LATHE-258,CNC Lathe Spindle,300.58,310.87,1889.6,30.53,63,L,0
M-LATHE-259,CNC Lathe Spindle,301.32,310.53,2130.1,25.54,181,L,0
M-LATHE-260,CNC Lathe Spindle,296.77,312.97,2616.6,36.2,151,M,0
M-LATHE-261,CNC Lathe Spindle,301.46,305.74,2296.5,35.97,76,M,0
M-LATHE-262,CNC Lathe Spindle,297.98,309.44,2419.4,56.76,126,M,0
M-LATHE-263,CNC Lathe Spindle,297.47,308.26,1552.9,25.42,64,H,0
M-LATHE-264,CNC Lathe Spindle,300.22,314.98,1752.0,61.06,36,M,0
M-LATHE-265,CNC Lathe Spindle,300.5,314.03,1784.9,35.77,31,M,0
M-LATHE-266,CNC Lathe Spindle,302.38,312.82,3307.3,46.65,178,M,0
M-LATHE-267,CNC Lathe Spindle,297.05,313.38,2199.1,22.68,38,M,0
M-LATHE-268,CNC Lathe Spindle,300.25,307.6,3318.0,58.68,185,M,0
M-LATHE-269,CNC Lathe Spindle,301.46,312.53,2144.5,35.51,103,H,0
M-LATHE-270,CNC Lathe Spindle,298.08,309.74,1770.2,26.31,100,L,0
M-LATHE-271,CNC Lathe Spindle,301.84,310.46,2686.9,39.21,50,H,0
M-LATHE-272,CNC Lathe Spindle,301.54,309.65,3475.8,55.2,50,M,0
M-LATHE-273,CNC Lathe Spindle,299.11,309.24,2856.4,69.1,165,L,0
M-LATHE-274,CNC Lathe Spindle,296.21,306.4,1711.9,33.16,96,M,0
M-LATHE-275,CNC Lathe Spindle,299.51,314.03,3849.6,28.18,172,M,0
M-LATHE-276,CNC Lathe Spindle,299.17,312.85,1732.9,64.12,139,L,0
M-LATHE-277,CNC Lathe Spindle,302.96,310.18,1733.2,28.33,74,H,0
M-LATHE-278,CNC Lathe Spindle,301.71,307.97,3939.7,55.13,47,M,0
M-LATHE-279,CNC Lathe Spindle,299.27,309.93,2839.2,21.56,141,M,0
M-LATHE-280,CNC Lathe Spindle,301.54,313.15,2076.3,22.42,145,L,0
M-LATHE-281,CNC Lathe Spindle,299.13,307.6,1891.7,34.37,75,M,0
M-LATHE-282,CNC Lathe Spindle,300.59,307.73,1627.4,38.66,173,M,0
M-LATHE-283,CNC Lathe Spindle,302.75,310.04,2189.7,29.67,143,M,0
M-LATHE-284,CNC Lathe Spindle,300.23,312.55,3314.8,22.17,163,M,0
M-LATHE-285,CNC Lathe Spindle,298.74,310.38,3031.1,27.48,92,M,0
M-LATHE-286,CNC Lathe Spindle,298.45,305.91,1899.6,28.09,84,L,0
M-LATHE-287,CNC Lathe Spindle,297.44,309.16,2279.0,59.37,24,H,0
M-LATHE-288,CNC Lathe Spindle,297.47,314.93,2926.9,26.95,65,H,0
M-LATHE-289,CNC Lathe Spindle,296.87,312.97,2739.4,51.56,76,M,0
M-LATHE-290,CNC Lathe Spindle,297.8,308.08,3130.6,27.52,129,L,0
M-LATHE-291,CNC Lathe Spindle,296.84,313.97,1698.6,37.45,127,M,0
M-LATHE-292,CNC Lathe Spindle,296.67,312.99,3932.9,29.06,180,M,0
M-LATHE-293,CNC Lathe Spindle,302.55,306.76,3480.1,22.99,178,M,0
M-LATHE-294,CNC Lathe Spindle,298.59,306.9,3541.3,50.16,81,M,0
M-LATHE-295,CNC Lathe Spindle,301.79,308.39,1724.1,65.56,86,M,0
M-LATHE-296,CNC Lathe Spindle,297.43,313.97,2043.8,51.83,177,H,0
M-LATHE-297,CNC Lathe Spindle,301.8,309.11,3144.9,38.62,143,M,0
M-LATHE-298,CNC Lathe Spindle,296.15,314.48,1540.9,61.2,46,M,0
M-LATHE-299,CNC Lathe Spindle,301.76,307.06,3664.3,44.89,82,M,0
M-LATHE-300,CNC Lathe Spindle,298.39,308.47,3333.8,35.49,52,L,0
M-LATHE-301,CNC Lathe Spindle,301.64,309.98,2816.6,54.8,109,M,0
M-LATHE-302,CNC Lathe Spindle,302.96,306.48,2981.8,64.29,142,L,0
M-LATHE-303,CNC Lathe Spindle,298.35,307.72,3628.2,39.71,146,H,0
M-LATHE-304,CNC Lathe Spindle,301.29,310.49,2171.5,44.73,143,H,0
M-LATHE-305,CNC Lathe Spindle,300.46,310.42,2050.7,57.65,71,M,0
M-LATHE-306,CNC Lathe Spindle,299.3,311.76,3822.1,27.07,88,H,0
M-LATHE-307,CNC Lathe Spindle,301.31,309.48,3267.3,36.11,171,M,0
M-LATHE-308,CNC Lathe Spindle,302.61,305.79,2785.7,58.32,126,H,0
M-LATHE-309,CNC Lathe Spindle,302.81,307.98,2123.2,44.28,115,L,0
M-LATHE-310,CNC Lathe Spindle,298.75,309.4,2837.4,39.72,184,L,0
M-LATHE-311,CNC Lathe Spindle,299.18,305.0,3752.3,26.22,60,H,0
M-LATHE-312,CNC Lathe Spindle,297.26,313.03,2948.8,67.8,57,M,0
M-LATHE-313,CNC Lathe Spindle,302.84,313.26,3321.5,29.45,157,M,0
M-LATHE-314,CNC Lathe Spindle,299.71,311.09,3023.4,56.33,137,H,0
M-LATHE-315,CNC Lathe Spindle,299.2,311.64,2240.0,35.65,38,M,0
M-LATHE-316,CNC Lathe Spindle,302.91,307.85,2828.6,57.16,17,L,0
M-LATHE-317,CNC Lathe Spindle,298.71,313.69,1597.4,27.28,74,M,0
M-LATHE-318,CNC Lathe Spindle,301.93,305.11,3102.8,26.57,167,L,0
M-LATHE-319,CNC Lathe Spindle,299.5,307.13,3086.2,27.81,50,M,0
M-LATHE-320,CNC Lathe Spindle,302.94,313.91,2982.8,46.93,199,M,0
M-LATHE-321,CNC Lathe Spindle,298.94,314.1,2085.5,24.88,132,H,0
M-LATHE-322,CNC Lathe Spindle,298.61,309.24,2868.8,69.58,55,M,0
M-LATHE-323,CNC Lathe Spindle,296.93,311.08,3319.2,44.1,60,M,0
M-LATHE-324,CNC Lathe Spindle,299.77,306.71,2514.2,41.76,196,L,0
M-LATHE-325,CNC Lathe Spindle,301.14,313.89,3338.7,65.17,25,M,0
M-LATHE-326,CNC Lathe Spindle,301.23,310.83,1937.9,37.02,73,M,0
M-LATHE-327,CNC Lathe Spindle,298.4,310.15,3637.2,57.1,169,L,0
M-LATHE-328,CNC Lathe Spindle,298.91,308.46,1644.1,66.52,27,L,0
M-LATHE-329,CNC Lathe Spindle,298.65,314.49,2549.0,60.83,67,M,0
M-LATHE-330,CNC Lathe Spindle,300.17,314.98,2793.9,66.82,160,L,0
M-LATHE-331,CNC Lathe Spindle,299.05,308.87,1979.8,68.2,192,L,0
M-LATHE-332,CNC Lathe Spindle,298.07,307.45,3971.5,23.33,171,M,0
M-LATHE-333,CNC Lathe Spindle,298.93,313.32,1726.5,37.71,191,M,0
M-LATHE-334,CNC Lathe Spindle,301.28,312.58,1651.4,30.16,105,M,0
M-LATHE-335,CNC Lathe Spindle,298.88,312.81,1536.7,53.02,15,H,0
M-LATHE-336,CNC Lathe Spindle,298.86,313.41,1862.5,47.73,140,M,0
M-LATHE-337,CNC Lathe Spindle,299.59,314.11,2780.6,27.87,131,M,0
M-LATHE-338,CNC Lathe Spindle,296.19,305.91,1892.0,26.81,63,M,0
M-LATHE-339,CNC Lathe Spindle,298.6,313.91,3030.3,63.81,112,H,0
M-LATHE-340,CNC Lathe Spindle,299.24,313.22,1985.3,24.56,75,M,0
M-LATHE-341,CNC Lathe Spindle,298.14,306.35,2127.1,54.11,86,M,0
M-LATHE-342,CNC Lathe Spindle,299.75,310.49,2121.4,46.08,19,M,0
M-LATHE-343,CNC Lathe Spindle,300.01,306.82,2141.4,30.98,28,M,0
M-LATHE-344,CNC Lathe Spindle,302.85,308.54,2651.3,52.65,134,L,0
M-LATHE-345,CNC Lathe Spindle,302.0,312.94,3879.1,31.54,129,L,0
M-LATHE-346,CNC Lathe Spindle,300.37,314.77,1750.9,41.97,195,M,0
M-LATHE-347,CNC Lathe Spindle,301.18,305.3,3237.1,66.73,85,H,0
M-LATHE-348,CNC Lathe Spindle,296.2,313.92,3306.3,25.33,25,L,0
M-LATHE-349,CNC Lathe Spindle,301.67,306.21,2253.8,59.0,112,L,0
M-LATHE-350,CNC Lathe Spindle,299.37,311.77,2774.5,67.15,88,M,0
M-LATHE-351,CNC Lathe Spindle,298.29,313.53,2744.8,37.71,115,H,0
M-LATHE-352,CNC Lathe Spindle,296.04,307.81,3012.5,55.58,167,L,0
M-LATHE-353,CNC Lathe Spindle,298.88,312.41,1686.7,22.88,38,M,0
M-LATHE-354,CNC Lathe Spindle,297.48,307.87,3119.7,37.93,118,M,0
M-LATHE-355,CNC Lathe Spindle,297.18,305.74,2090.6,22.89,129,L,0
M-LATHE-356,CNC Lathe Spindle,298.38,308.87,3540.5,31.13,37,M,0
M-LATHE-357,CNC Lathe Spindle,300.52,311.0,3284.7,22.84,94,M,0
M-LATHE-358,CNC Lathe Spindle,301.31,313.73,2203.3,24.76,61,H,0
M-LATHE-359,CNC Lathe Spindle,298.26,310.38,3934.2,39.97,55,H,0
M-LATHE-360,CNC Lathe Spindle,297.21,306.93,3405.7,23.05,199,M,0
M-LATHE-361,CNC Lathe Spindle,299.81,308.58,3225.6,43.57,75,M,0
M-LATHE-362,CNC Lathe Spindle,302.48,307.91,2591.0,37.52,30,H,0
M-LATHE-363,CNC Lathe Spindle,297.33,311.94,2516.5,59.1,146,H,0
M-LATHE-364,CNC Lathe Spindle,299.94,312.43,3082.6,50.0,151,H,0
M-LATHE-365,CNC Lathe Spindle,301.12,307.73,2929.7,32.12,170,M,0
M-LATHE-366,CNC Lathe Spindle,300.5,312.94,3738.3,56.6,42,L,0
M-LATHE-367,CNC Lathe Spindle,300.33,311.09,3803.4,32.44,59,M,0
M-LATHE-368,CNC Lathe Spindle,301.26,309.47,3084.7,42.63,127,L,0
M-LATHE-369,CNC Lathe Spindle,297.26,311.95,3468.6,42.36,74,H,0
M-LATHE-370,CNC Lathe Spindle,301.58,308.28,2393.3,36.8,107,L,0
M-LATHE-371,CNC Lathe Spindle,301.4,308.93,3157.8,56.03,69,H,0
M-LATHE-372,CNC Lathe Spindle,302.26,311.77,3120.3,22.95,166,M,0
M-LATHE-373,CNC Lathe Spindle,301.94,314.75,3892.8,62.8,17,L,0
M-LATHE-374,CNC Lathe Spindle,296.53,313.51,2200.4,50.5,22,L,0
M-LATHE-375,CNC Lathe Spindle,296.78,309.11,3543.6,54.77,16,M,0
M-LATHE-376,CNC Lathe Spindle,296.29,311.73,3922.4,52.76,56,M,0
M-LATHE-377,CNC Lathe Spindle,302.84,307.24,2903.8,40.02,157,L,0
M-LATHE-378,CNC Lathe Spindle,298.39,311.6,2872.6,33.92,65,M,0
M-LATHE-379,CNC Lathe Spindle,297.08,313.11,1672.5,24.73,78,H,0
M-LATHE-380,CNC Lathe Spindle,299.33,309.0,3304.5,67.65,154,H,0
M-LATHE-381,CNC Lathe Spindle,302.55,308.92,2685.5,41.08,66,L,0
M-LATHE-382,CNC Lathe Spindle,298.33,310.79,2100.1,59.87,158,M,0
M-LATHE-383,CNC Lathe Spindle,300.77,312.04,2906.3,50.03,121,H,0
M-LATHE-384,CNC Lathe Spindle,300.69,309.7,2596.1,63.0,19,M,0
M-LATHE-385,CNC Lathe Spindle,296.85,305.35,2189.2,69.42,64,M,0
M-LATHE-386,CNC Lathe Spindle,296.83,311.02,3961.2,34.59,171,L,0
M-LATHE-387,CNC Lathe Spindle,300.12,308.09,3183.8,62.24,46,M,0
M-LATHE-388,CNC Lathe Spindle,298.23,307.83,3652.1,41.08,77,M,0
M-LATHE-389,CNC Lathe Spindle,297.54,307.3,2800.7,40.46,69,H,0
M-LATHE-390,CNC Lathe Spindle,299.65,313.17,3628.4,31.77,125,L,0
M-LATHE-391,CNC Lathe Spindle,298.86,314.32,3757.4,30.41,62,H,0
M-LATHE-392,CNC Lathe Spindle,297.37,314.08,3827.8,22.59,124,M,0
M-LATHE-393,CNC Lathe Spindle,298.73,311.32,3868.4,28.51,37,H,0
M-LATHE-394,CNC Lathe Spindle,298.55,308.38,2577.0,45.17,155,M,0
M-LATHE-395,CNC Lathe Spindle,298.31,313.27,3624.5,31.64,73,L,0
M-LATHE-396,CNC Lathe Spindle,296.56,308.26,2620.9,29.35,48,M,0
M-LATHE-397,CNC Lathe Spindle,301.28,313.4,3948.1,23.7,55,L,0
M-LATHE-398,CNC Lathe Spindle,299.78,308.28,2014.0,34.02,94,H,0
M-LATHE-399,CNC Lathe Spindle,302.75,306.08,3963.9,62.09,93,L,0
M-LATHE-400,CNC Lathe Spindle,300.7,307.13,2347.7,45.66,133,M,0
M-LATHE-F1-001,CNC Lathe Spindle,308.78,325.76,2745.7,41.72,93,L,1
M-LATHE-F1-002,CNC Lathe Spindle,310.06,329.39,2993.7,52.15,98,H,1
M-LATHE-F1-003,CNC Lathe Spindle,313.0,320.44,2487.9,25.26,29,L,1
M-LATHE-F1-004,CNC Lathe Spindle,308.41,330.41,2182.0,32.82,51,M,1
M-LATHE-F1-005,CNC Lathe Spindle,311.52,325.88,2448.1,68.68,31,M,1
M-LATHE-F1-006,CNC Lathe Spindle,308.27,321.28,2170.5,21.42,142,M,1
M-LATHE-F1-007,CNC Lathe Spindle,311.52,326.78,2998.8,55.04,146,H,1
M-LATHE-F1-008,CNC Lathe Spindle,307.65,329.22,3895.9,69.04,107,H,1
M-LATHE-F1-009,CNC Lathe Spindle,305.95,332.3,2584.8,29.74,150,H,1
M-LATHE-F1-010,CNC Lathe Spindle,310.84,328.13,1719.3,36.94,36,M,1
M-LATHE-F1-011,CNC Lathe Spindle,308.82,320.06,3939.3,37.48,52,M,1
M-LATHE-F1-012,CNC Lathe Spindle,306.27,332.99,2237.8,40.28,141,M,1
M-LATHE-F1-013,CNC Lathe Spindle,307.95,331.68,3374.3,31.4,108,L,1
M-LATHE-F1-014,CNC Lathe Spindle,308.97,329.54,3927.8,54.52,29,M,1
M-LATHE-F1-015,CNC Lathe Spindle,309.76,323.58,3893.9,40.27,81,L,1
M-LATHE-F1-016,CNC Lathe Spindle,309.19,324.97,1691.6,49.82,140,M,1
M-LATHE-F1-017,CNC Lathe Spindle,308.05,321.66,3540.8,67.09,71,L,1
M-LATHE-F1-018,CNC Lathe Spindle,308.29,326.53,3591.2,24.17,91,M,1
M-LATHE-F1-019,CNC Lathe Spindle,307.72,328.38,1568.1,49.69,56,M,1
M-LATHE-F1-020,CNC Lathe Spindle,306.13,329.57,3114.1,68.56,147,M,1
M-LATHE-F2-001,CNC Lathe Spindle,297.27,319.49,2766.1,88.75,32,M,1
M-LATHE-F2-002,CNC Lathe Spindle,306.12,323.5,1818.1,105.0,21,M,1
M-LATHE-F2-003,CNC Lathe Spindle,304.53,321.64,2547.9,91.86,70,L,1
M-LATHE-F2-004,CNC Lathe Spindle,299.3,314.12,3068.3,120.88,147,M,1
M-LATHE-F2-005,CNC Lathe Spindle,302.15,316.48,3448.3,122.5,135,H,1
M-LATHE-F2-006,CNC Lathe Spindle,304.92,315.93,1549.0,90.23,113,M,1
M-LATHE-F2-007,CNC Lathe Spindle,305.68,320.75,1545.5,118.75,42,M,1
M-LATHE-F2-008,CNC Lathe Spindle,303.25,322.96,2457.8,124.29,128,M,1
M-LATHE-F2-009,CNC Lathe Spindle,302.01,320.21,1565.4,128.03,126,M,1
M-LATHE-F2-010,CNC Lathe Spindle,306.81,311.87,3419.6,102.26,125,M,1
M-LATHE-F2-011,CNC Lathe Spindle,304.36,311.49,2066.0,92.04,140,M,1
M-LATHE-F2-012,CNC Lathe Spindle,303.94,322.12,3393.0,92.34,144,H,1
M-LATHE-F2-013,CNC Lathe Spindle,304.37,320.66,1517.9,97.54,86,M,1
M-LATHE-F2-014,CNC Lathe Spindle,306.19,314.76,3467.7,108.4,154,L,1
M-LATHE-F2-015,CNC Lathe Spindle,305.29,310.68,2730.9,93.99,58,M,1
M-LATHE-F2-016,CNC Lathe Spindle,304.26,309.63,2615.0,113.22,26,M,1
M-LATHE-F2-017,CNC Lathe Spindle,304.14,309.85,3096.6,113.73,135,M,1
M-LATHE-F2-018,CNC Lathe Spindle,305.33,310.51,2348.0,96.58,142,L,1
M-LATHE-F2-019,CNC Lathe Spindle,297.25,309.15,2111.6,94.02,106,M,1
M-LATHE-F2-020,CNC Lathe Spindle,306.42,324.23,2883.7,87.76,67,M,1
M-LATHE-F3-001,CNC Lathe Spindle,299.49,311.03,6721.1,101.79,30,M,1
M-LATHE-F3-002,CNC Lathe Spindle,301.83,313.24,5350.7,97.46,112,M,1
M-LATHE-F3-003,CNC Lathe Spindle,297.41,313.89,6155.7,81.73,117,L,1
M-LATHE-F3-004,CNC Lathe Spindle,302.21,307.23,6777.5,81.3,102,M,1
M-LATHE-F3-005,CNC Lathe Spindle,298.93,309.75,6581.8,95.07,87,H,1
M-LATHE-F3-006,CNC Lathe Spindle,296.05,306.25,6712.4,98.39,155,H,1
M-LATHE-F3-007,CNC Lathe Spindle,300.76,305.44,6364.1,87.67,28,M,1
M-LATHE-F3-008,CNC Lathe Spindle,297.96,311.6,6116.3,96.74,158,M,1
M-LATHE-F3-009,CNC Lathe Spindle,299.26,313.05,5956.7,78.04,137,H,1
M-LATHE-F3-010,CNC Lathe Spindle,297.2,306.02,4955.9,77.72,22,M,1
M-LATHE-F3-011,CNC Lathe Spindle,297.77,306.27,6117.4,83.33,17,M,1
M-LATHE-F3-012,CNC Lathe Spindle,298.17,308.19,5690.5,95.73,104,L,1
M-LATHE-F3-013,CNC Lathe Spindle,299.62,309.73,5226.8,98.15,35,M,1
M-LATHE-F3-014,CNC Lathe Spindle,298.95,311.58,6635.2,103.5,39,M,1
M-LATHE-F3-015,CNC Lathe Spindle,301.68,310.18,5706.1,96.9,102,L,1
M-LATHE-F3-016,CNC Lathe Spindle,300.09,309.66,5885.6,99.64,103,M,1
M-LATHE-F3-017,CNC Lathe Spindle,302.8,311.18,5560.6,96.36,110,H,1
M-LATHE-F3-018,CNC Lathe Spindle,299.27,312.43,5798.1,98.83,80,L,1
M-LATHE-F3-019,CNC Lathe Spindle,298.05,305.92,5660.0,92.17,65,M,1
M-LATHE-F3-020,CNC Lathe Spindle,300.7,308.77,6062.7,98.81,125,M,1
M-LATHE-F4-001,CNC Lathe Spindle,299.98,309.5,3677.0,76.48,240,H,1
M-LATHE-F4-002,CNC Lathe Spindle,297.17,308.67,2910.6,62.72,239,M,1
M-LATHE-F4-003,CNC Lathe Spindle,302.56,311.52,1896.4,57.94,255,L,1
M-LATHE-F4-004,CNC Lathe Spindle,298.45,309.23,2996.6,54.51,268,H,1
M-LATHE-F4-005,CNC Lathe Spindle,299.94,306.22,2288.0,63.02,226,M,1
M-LATHE-F4-006,CNC Lathe Spindle,300.92,311.51,1727.6,57.79,226,M,1
M-LATHE-F4-007,CNC Lathe Spindle,299.21,306.09,3984.1,32.25,273,L,1
M-LATHE-F4-008,CNC Lathe Spindle,302.96,309.29,3685.2,81.37,227,M,1
M-LATHE-F4-009,CNC Lathe Spindle,296.42,311.21,2953.5,34.66,274,H,1
M-LATHE-F4-010,CNC Lathe Spindle,301.64,305.27,3142.1,26.88,233,L,1
M-LATHE-F4-011,CNC Lathe Spindle,297.96,310.11,3788.1,25.08,275,H,1
M-LATHE-F4-012,CNC Lathe Spindle,296.89,306.19,3985.3,33.17,282,L,1
M-LATHE-F4-013,CNC Lathe Spindle,298.69,311.31,3447.7,46.34,227,M,1
M-LATHE-F4-014,CNC Lathe Spindle,301.4,312.81,2076.3,32.85,284,H,1
M-LATHE-F4-015,CNC Lathe Spindle,301.14,305.46,3594.8,78.14,237,H,1
M-LATHE-F4-016,CNC Lathe Spindle,299.36,307.98,2542.8,63.23,230,M,1
M-LATHE-F4-017,CNC Lathe Spindle,301.48,311.44,2315.7,63.19,272,M,1
M-LATHE-F4-018,CNC Lathe Spindle,297.68,305.0,3507.1,73.0,267,H,1
M-LATHE-F4-019,CNC Lathe Spindle,300.1,313.21,2474.2,34.28,259,L,1
M-LATHE-F4-020,CNC Lathe Spindle,296.34,310.97,3107.9,59.35,263,M,1
M-LATHE-F5-001,CNC Lathe Spindle,304.65,320.88,5142.8,81.06,241,M,1
M-LATHE-F5-002,CNC Lathe Spindle,305.2,323.79,5040.9,88.71,233,L,1
M-LATHE-F5-003,CNC Lathe Spindle,306.13,324.04,4442.4,82.95,214,L,1
M-LATHE-F5-004,CNC Lathe Spindle,305.75,320.82,5296.8,85.85,222,M,1
M-LATHE-F5-005,CNC Lathe Spindle,305.66,323.68,4805.4,92.88,253,L,1
M-LATHE-F5-006,CNC Lathe Spindle,308.14,325.92,5083.7,100.86,237,L,1
M-LATHE-F5-007,CNC Lathe Spindle,306.76,319.89,5371.5,104.46,251,H,1
M-LATHE-F5-008,CNC Lathe Spindle,305.36,321.37,5009.7,84.72,229,H,1
M-LATHE-F5-009,CNC Lathe Spindle,305.32,324.65,5425.8,81.22,238,H,1
M-LATHE-F5-010,CNC Lathe Spindle,304.43,324.64,5282.7,106.14,233,L,1
M-LATHE-F5-011,CNC Lathe Spindle,304.83,321.0,4561.4,105.62,221,H,1
M-LATHE-F5-012,CNC Lathe Spindle,307.12,319.62,4453.9,83.86,210,M,1
M-LATHE-F5-013,CNC Lathe Spindle,306.81,320.68,4679.6,106.05,235,M,1
M-LATHE-F5-014,CNC Lathe Spindle,306.26,320.9,5564.5,98.32,216,M,1
M-LATHE-F5-015,CNC Lathe Spindle,305.65,320.71,5520.1,108.25,219,M,1
M-LATHE-F5-016,CNC Lathe Spindle,307.81,320.67,5109.9,102.54,242,L,1
M-LATHE-F5-017,CNC Lathe Spindle,307.53,326.72,4815.8,108.18,211,M,1
M-LATHE-F5-018,CNC Lathe Spindle,304.24,324.21,4520.9,107.14,242,H,1
M-LATHE-F5-019,CNC Lathe Spindle,307.57,325.9,5193.3,81.46,252,L,1
M-LATHE-F5-020,CNC Lathe Spindle,305.89,321.63,4975.8,107.81,222,H,1
M-DRILL-001,CNC Drilling Spindle,302.92,305.29,4259.7,27.23,103,H,0
M-DRILL-002,CNC Drilling Spindle,303.22,313.25,4295.2,42.33,47,M,0
M-DRILL-003,CNC Drilling Spindle,299.89,311.68,4301.4,30.36,138,L,0
M-DRILL-004,CNC Drilling Spindle,297.22,314.49,2935.9,44.3,66,M,0
M-DRILL-005,CNC Drilling Spindle,296.22,315.69,3996.3,18.76,189,M,0
M-DRILL-006,CNC Drilling Spindle,302.83,305.73,2851.5,41.79,33,M,0
M-DRILL-007,CNC Drilling Spindle,299.54,307.38,2610.7,53.68,65,M,0
M-DRILL-008,CNC Drilling Spindle,300.29,312.38,3757.8,45.17,21,M,0
M-DRILL-009,CNC Drilling Spindle,302.19,314.95,3425.9,17.09,84,H,0
M-DRILL-010,CNC Drilling Spindle,301.99,305.7,2301.5,31.68,95,M,0
M-DRILL-011,CNC Drilling Spindle,299.71,312.85,2797.0,36.91,68,M,0
M-DRILL-012,CNC Drilling Spindle,300.91,310.4,3752.2,37.42,155,M,0
M-DRILL-013,CNC Drilling Spindle,299.93,312.37,2397.4,30.44,124,H,0
M-DRILL-014,CNC Drilling Spindle,299.5,311.59,4411.9,50.08,64,M,0
M-DRILL-015,CNC Drilling Spindle,296.45,307.65,3892.1,19.93,60,L,0
M-DRILL-016,CNC Drilling Spindle,302.59,313.6,4134.3,44.98,36,M,0
M-DRILL-017,CNC Drilling Spindle,299.55,308.42,4051.9,33.57,25,M,0
M-DRILL-018,CNC Drilling Spindle,297.83,314.76,3548.1,37.42,103,M,0
M-DRILL-019,CNC Drilling Spindle,302.04,311.1,4333.4,54.07,189,M,0
M-DRILL-020,CNC Drilling Spindle,303.46,309.45,4120.9,51.37,173,L,0
M-DRILL-021,CNC Drilling Spindle,299.25,306.75,2701.7,45.69,55,M,0
M-DRILL-022,CNC Drilling Spindle,300.52,311.64,4326.5,41.46,152,M,0
M-DRILL-023,CNC Drilling Spindle,302.67,307.9,2366.7,52.05,136,M,0
M-DRILL-024,CNC Drilling Spindle,299.74,309.14,3300.4,19.82,94,M,0
M-DRILL-025,CNC Drilling Spindle,300.31,311.98,4384.8,41.09,169,M,0
M-DRILL-026,CNC Drilling Spindle,301.02,305.77,2159.8,38.19,84,L,0
M-DRILL-027,CNC Drilling Spindle,300.35,314.71,4425.3,20.91,84,M,0
M-DRILL-028,CNC Drilling Spindle,298.44,307.94,3997.1,54.22,150,M,0
M-DRILL-029,CNC Drilling Spindle,299.54,310.94,3049.7,35.12,50,L,0
M-DRILL-030,CNC Drilling Spindle,302.04,312.49,4364.8,26.38,29,L,0
M-DRILL-031,CNC Drilling Spindle,303.99,311.36,1958.8,46.22,27,M,0
M-DRILL-032,CNC Drilling Spindle,298.22,315.07,3018.6,50.94,67,M,0
M-DRILL-033,CNC Drilling Spindle,303.58,307.21,3362.0,30.54,150,H,0
M-DRILL-034,CNC Drilling Spindle,299.5,312.69,2898.9,17.34,138,M,0
M-DRILL-035,CNC Drilling Spindle,296.09,311.74,4283.7,19.44,118,L,0
M-DRILL-036,CNC Drilling Spindle,296.57,305.25,3053.3,46.65,43,L,0
M-DRILL-037,CNC Drilling Spindle,301.25,308.65,3192.7,53.62,52,M,0
M-DRILL-038,CNC Drilling Spindle,301.0,306.52,1917.5,15.54,71,H,0
M-DRILL-039,CNC Drilling Spindle,302.43,315.97,1965.5,32.31,19,H,0
M-DRILL-040,CNC Drilling Spindle,298.58,309.33,4337.4,30.83,101,M,0
M-DRILL-041,CNC Drilling Spindle,296.0,314.89,2020.6,53.57,37,M,0
M-DRILL-042,CNC Drilling Spindle,304.0,306.52,2944.6,46.22,20,M,0
M-DRILL-043,CNC Drilling Spindle,296.64,307.6,2232.2,51.29,46,H,0
M-DRILL-044,CNC Drilling Spindle,300.7,308.81,2895.4,19.76,145,M,0
M-DRILL-045,CNC Drilling Spindle,298.91,306.89,3402.3,46.14,69,H,0
M-DRILL-046,CNC Drilling Spindle,297.71,312.51,4470.6,15.54,68,H,0
M-DRILL-047,CNC Drilling Spindle,298.53,309.47,4286.3,18.22,150,M,0
M-DRILL-048,CNC Drilling Spindle,302.49,310.65,1906.1,52.85,29,M,0
M-DRILL-049,CNC Drilling Spindle,303.02,305.88,3295.5,47.97,187,L,0
M-DRILL-050,CNC Drilling Spindle,298.23,312.7,3705.6,43.0,164,H,0
M-DRILL-051,CNC Drilling Spindle,296.87,312.05,4375.5,33.63,183,L,0
M-DRILL-052,CNC Drilling Spindle,303.22,315.01,4225.5,47.8,136,H,0
M-DRILL-053,CNC Drilling Spindle,297.06,306.48,1863.6,19.67,175,M,0
M-DRILL-054,CNC Drilling Spindle,298.5,313.73,3118.6,20.69,169,M,0
M-DRILL-055,CNC Drilling Spindle,301.59,308.2,3150.2,47.65,42,L,0
M-DRILL-056,CNC Drilling Spindle,296.56,310.87,4273.3,52.83,55,H,0
M-DRILL-057,CNC Drilling Spindle,301.8,305.46,3110.1,46.85,113,H,0
M-DRILL-058,CNC Drilling Spindle,299.9,315.13,3466.5,43.86,73,H,0
M-DRILL-059,CNC Drilling Spindle,298.05,310.86,2556.6,36.68,138,L,0
M-DRILL-060,CNC Drilling Spindle,297.32,313.25,3616.3,15.48,25,M,0
M-DRILL-061,CNC Drilling Spindle,299.07,306.61,1919.9,21.38,182,L,0
M-DRILL-062,CNC Drilling Spindle,300.22,315.36,3471.6,44.03,64,M,0
M-DRILL-063,CNC Drilling Spindle,297.15,309.45,1889.7,23.67,28,M,0
M-DRILL-064,CNC Drilling Spindle,302.74,309.16,4045.4,41.26,104,M,0
M-DRILL-065,CNC Drilling Spindle,303.38,305.6,3660.1,39.85,92,M,0
M-DRILL-066,CNC Drilling Spindle,299.45,314.6,4059.3,52.66,68,M,0
M-DRILL-067,CNC Drilling Spindle,296.15,315.37,2689.4,31.17,173,M,0
M-DRILL-068,CNC Drilling Spindle,300.53,306.94,3146.4,51.73,112,M,0
M-DRILL-069,CNC Drilling Spindle,296.25,308.7,3346.0,16.7,121,M,0
M-DRILL-070,CNC Drilling Spindle,302.27,305.32,3908.3,35.84,79,L,0
M-DRILL-071,CNC Drilling Spindle,297.28,310.95,2666.6,36.1,111,H,0
M-DRILL-072,CNC Drilling Spindle,301.29,311.98,3877.6,18.63,67,M,0
M-DRILL-073,CNC Drilling Spindle,297.09,312.45,1959.4,28.4,163,L,0
M-DRILL-074,CNC Drilling Spindle,301.16,314.58,3715.0,35.78,186,M,0
M-DRILL-075,CNC Drilling Spindle,300.81,309.5,4236.5,26.83,16,H,0
M-DRILL-076,CNC Drilling Spindle,296.88,308.51,4029.9,41.06,44,L,0
M-DRILL-077,CNC Drilling Spindle,300.03,310.64,2777.7,49.58,70,H,0
M-DRILL-078,CNC Drilling Spindle,298.42,312.87,3575.5,22.52,34,M,0
M-DRILL-079,CNC Drilling Spindle,301.41,309.03,4075.6,54.13,50,M,0
M-DRILL-080,CNC Drilling Spindle,296.04,312.84,2918.6,22.73,146,L,0
M-DRILL-081,CNC Drilling Spindle,296.89,305.45,2702.0,40.04,153,M,0
M-DRILL-082,CNC Drilling Spindle,300.65,313.8,3227.9,39.45,105,L,0
M-DRILL-083,CNC Drilling Spindle,297.88,307.9,2145.5,47.78,87,M,0
M-DRILL-084,CNC Drilling Spindle,303.85,315.19,4424.4,20.69,170,M,0
M-DRILL-085,CNC Drilling Spindle,296.1,309.3,3174.8,19.33,109,L,0
M-DRILL-086,CNC Drilling Spindle,299.02,308.88,2714.8,51.92,23,M,0
M-DRILL-087,CNC Drilling Spindle,298.12,314.83,2059.3,31.46,86,L,0
M-DRILL-088,CNC Drilling Spindle,297.72,312.09,2162.9,53.16,118,M,0
M-DRILL-089,CNC Drilling Spindle,299.47,308.77,2374.2,39.16,182,M,0
M-DRILL-090,CNC Drilling Spindle,303.07,306.64,4327.5,29.02,81,M,0
M-DRILL-091,CNC Drilling Spindle,301.75,312.92,3094.9,35.93,20,M,0
M-DRILL-092,CNC Drilling Spindle,298.77,311.15,3307.4,43.4,140,M,0
M-DRILL-093,CNC Drilling Spindle,302.16,305.22,3733.6,19.08,142,M,0
M-DRILL-094,CNC Drilling Spindle,299.5,312.6,1898.2,23.94,122,L,0
M-DRILL-095,CNC Drilling Spindle,299.05,307.85,3200.6,39.89,88,L,0
M-DRILL-096,CNC Drilling Spindle,300.19,305.39,2402.2,33.03,137,M,0
M-DRILL-097,CNC Drilling Spindle,303.81,308.5,3237.7,15.76,169,L,0
M-DRILL-098,CNC Drilling Spindle,297.56,315.27,2652.8,42.69,158,L,0
M-DRILL-099,CNC Drilling Spindle,303.34,314.51,4485.5,22.3,68,M,0
M-DRILL-100,CNC Drilling Spindle,301.86,310.88,1999.6,48.66,183,M,0
M-DRILL-101,CNC Drilling Spindle,297.8,305.21,2440.7,43.0,174,H,0
M-DRILL-102,CNC Drilling Spindle,300.43,312.65,2546.2,37.8,140,L,0
M-DRILL-103,CNC Drilling Spindle,299.62,313.23,2614.8,23.52,47,M,0
M-DRILL-104,CNC Drilling Spindle,296.29,308.11,3561.0,40.92,27,M,0
M-DRILL-105,CNC Drilling Spindle,300.56,308.5,2928.6,43.51,16,M,0
M-DRILL-106,CNC Drilling Spindle,297.14,306.4,4389.4,30.06,107,L,0
M-DRILL-107,CNC Drilling Spindle,296.38,307.65,4046.8,49.48,80,M,0
M-DRILL-108,CNC Drilling Spindle,302.06,308.25,2116.2,25.3,82,H,0
M-DRILL-109,CNC Drilling Spindle,299.83,313.14,3187.1,17.88,92,L,0
M-DRILL-110,CNC Drilling Spindle,296.46,305.66,2800.6,22.8,178,M,0
M-DRILL-111,CNC Drilling Spindle,298.3,312.75,2812.3,20.28,56,M,0
M-DRILL-112,CNC Drilling Spindle,296.42,308.0,2362.4,23.05,134,L,0
M-DRILL-113,CNC Drilling Spindle,301.73,312.1,4274.4,17.34,44,M,0
M-DRILL-114,CNC Drilling Spindle,298.98,309.6,2357.4,20.98,104,L,0
M-DRILL-115,CNC Drilling Spindle,299.14,305.48,3706.7,26.64,57,M,0
M-DRILL-116,CNC Drilling Spindle,301.79,314.01,3387.8,27.9,69,H,0
M-DRILL-117,CNC Drilling Spindle,303.47,312.02,1872.8,41.49,93,L,0
M-DRILL-118,CNC Drilling Spindle,302.55,306.88,3744.3,34.42,47,M,0
M-DRILL-119,CNC Drilling Spindle,300.38,305.33,3545.8,40.4,40,M,0
M-DRILL-120,CNC Drilling Spindle,300.69,306.53,4102.4,16.1,32,H,0
M-DRILL-121,CNC Drilling Spindle,300.22,311.82,2890.1,26.55,156,H,0
M-DRILL-122,CNC Drilling Spindle,298.24,305.43,1837.5,29.14,49,M,0
M-DRILL-123,CNC Drilling Spindle,302.57,306.79,3906.6,42.0,72,M,0
M-DRILL-124,CNC Drilling Spindle,299.56,306.41,4249.4,37.78,169,L,0
M-DRILL-125,CNC Drilling Spindle,296.64,307.28,2192.2,48.23,165,M,0
M-DRILL-126,CNC Drilling Spindle,296.83,306.49,3996.6,52.17,49,H,0
M-DRILL-127,CNC Drilling Spindle,298.65,305.34,4035.5,34.66,127,M,0
M-DRILL-128,CNC Drilling Spindle,298.76,307.44,3880.4,42.82,78,M,0
M-DRILL-129,CNC Drilling Spindle,296.01,305.7,3482.8,35.58,91,L,0
M-DRILL-130,CNC Drilling Spindle,300.03,309.23,2235.4,47.83,115,H,0
M-DRILL-131,CNC Drilling Spindle,301.19,309.68,3990.7,51.76,120,L,0
M-DRILL-132,CNC Drilling Spindle,296.45,311.16,3839.4,34.87,118,L,0
M-DRILL-133,CNC Drilling Spindle,297.58,306.08,3664.7,47.91,163,M,0
M-DRILL-134,CNC Drilling Spindle,302.67,312.71,2035.9,45.48,46,M,0
M-DRILL-135,CNC Drilling Spindle,299.16,308.46,2668.5,21.77,66,H,0
M-DRILL-136,CNC Drilling Spindle,299.78,313.45,4128.1,47.82,87,L,0
M-DRILL-137,CNC Drilling Spindle,298.3,305.61,3625.1,40.95,155,M,0
M-DRILL-138,CNC Drilling Spindle,297.26,314.38,3493.6,47.3,150,M,0
M-DRILL-139,CNC Drilling Spindle,296.6,306.94,2050.7,24.74,95,L,0
M-DRILL-140,CNC Drilling Spindle,302.98,312.9,1865.1,28.66,134,H,0
M-DRILL-141,CNC Drilling Spindle,302.41,315.06,2756.1,43.23,40,M,0
M-DRILL-142,CNC Drilling Spindle,296.17,306.66,3716.7,43.47,127,M,0
M-DRILL-143,CNC Drilling Spindle,301.4,313.51,4409.5,50.55,154,M,0
M-DRILL-144,CNC Drilling Spindle,300.59,306.33,2247.0,47.81,155,M,0
M-DRILL-145,CNC Drilling Spindle,299.51,305.29,2683.4,31.83,100,L,0
M-DRILL-146,CNC Drilling Spindle,296.87,310.71,2793.4,54.6,165,M,0
M-DRILL-147,CNC Drilling Spindle,304.0,310.65,2251.2,37.23,54,M,0
M-DRILL-148,CNC Drilling Spindle,303.5,313.65,2537.5,26.87,27,M,0
M-DRILL-149,CNC Drilling Spindle,296.74,310.49,3712.5,45.05,25,M,0
M-DRILL-150,CNC Drilling Spindle,298.31,306.15,2778.7,26.97,126,L,0
M-DRILL-151,CNC Drilling Spindle,299.64,313.21,2194.2,50.8,41,H,0
M-DRILL-152,CNC Drilling Spindle,296.85,308.41,3291.5,54.52,153,M,0
M-DRILL-153,CNC Drilling Spindle,300.61,311.86,4021.4,44.46,114,M,0
M-DRILL-154,CNC Drilling Spindle,301.97,306.46,2341.2,42.54,163,M,0
M-DRILL-155,CNC Drilling Spindle,303.84,307.38,2925.1,30.14,177,M,0
M-DRILL-156,CNC Drilling Spindle,299.77,307.06,3207.4,49.3,68,L,0
M-DRILL-157,CNC Drilling Spindle,303.29,305.8,3842.3,25.21,45,M,0
M-DRILL-158,CNC Drilling Spindle,301.64,309.34,1905.8,51.35,142,M,0
M-DRILL-159,CNC Drilling Spindle,299.97,305.31,2716.1,35.9,105,M,0
M-DRILL-160,CNC Drilling Spindle,302.21,308.29,3367.1,25.86,89,M,0
M-DRILL-161,CNC Drilling Spindle,301.06,309.68,1843.5,16.13,97,H,0
M-DRILL-162,CNC Drilling Spindle,300.68,309.49,3566.9,53.1,107,L,0
M-DRILL-163,CNC Drilling Spindle,302.02,315.14,2377.8,48.09,173,M,0
M-DRILL-164,CNC Drilling Spindle,298.51,315.47,3494.6,30.23,153,M,0
M-DRILL-165,CNC Drilling Spindle,297.41,310.98,3328.8,48.03,94,L,0
M-DRILL-166,CNC Drilling Spindle,298.49,311.33,2362.9,30.42,165,M,0
M-DRILL-167,CNC Drilling Spindle,302.48,308.11,1893.1,19.4,145,M,0
M-DRILL-168,CNC Drilling Spindle,301.23,312.69,2731.8,34.0,85,L,0
M-DRILL-169,CNC Drilling Spindle,298.56,307.02,2787.1,41.78,137,L,0
M-DRILL-170,CNC Drilling Spindle,303.05,308.17,3028.9,44.89,175,M,0
M-DRILL-171,CNC Drilling Spindle,299.56,314.89,2767.9,34.22,173,L,0
M-DRILL-172,CNC Drilling Spindle,297.95,308.57,2753.0,51.51,189,L,0
M-DRILL-173,CNC Drilling Spindle,299.87,305.11,3683.2,30.57,125,M,0
M-DRILL-174,CNC Drilling Spindle,299.85,315.39,1862.5,43.49,86,L,0
M-DRILL-175,CNC Drilling Spindle,301.4,305.11,2570.4,22.56,44,L,0
M-DRILL-176,CNC Drilling Spindle,297.92,310.22,2466.9,38.21,141,M,0
M-DRILL-177,CNC Drilling Spindle,300.82,314.07,2054.4,43.43,71,H,0
M-DRILL-178,CNC Drilling Spindle,300.37,307.49,4017.7,16.72,32,M,0
M-DRILL-179,CNC Drilling Spindle,300.71,313.03,2500.0,48.67,181,M,0
M-DRILL-180,CNC Drilling Spindle,302.08,310.77,1987.6,28.04,30,L,0
M-DRILL-181,CNC Drilling Spindle,297.83,311.99,2567.7,41.13,51,L,0
M-DRILL-182,CNC Drilling Spindle,296.89,314.85,4069.1,42.15,26,M,0
M-DRILL-183,CNC Drilling Spindle,302.87,306.34,2221.0,36.76,62,M,0
M-DRILL-184,CNC Drilling Spindle,300.61,309.1,2179.5,36.39,82,L,0
M-DRILL-185,CNC Drilling Spindle,296.82,311.83,2978.5,31.24,55,H,0
M-DRILL-186,CNC Drilling Spindle,302.78,308.59,3638.9,52.9,113,M,0
M-DRILL-187,CNC Drilling Spindle,298.15,315.27,3641.6,41.61,89,L,0
M-DRILL-188,CNC Drilling Spindle,301.71,308.12,3418.9,32.21,16,L,0
M-DRILL-189,CNC Drilling Spindle,296.98,310.61,2707.8,28.68,98,L,0
M-DRILL-190,CNC Drilling Spindle,299.27,307.01,3456.7,24.45,33,H,0
M-DRILL-191,CNC Drilling Spindle,296.18,309.74,2952.2,22.42,152,H,0
M-DRILL-192,CNC Drilling Spindle,303.32,311.46,1874.6,53.52,68,M,0
M-DRILL-193,CNC Drilling Spindle,298.27,313.01,3111.3,20.29,33,L,0
M-DRILL-194,CNC Drilling Spindle,297.9,306.52,3148.5,47.11,63,M,0
M-DRILL-195,CNC Drilling Spindle,302.67,306.63,3465.2,53.2,162,H,0
M-DRILL-196,CNC Drilling Spindle,298.56,306.57,4362.9,54.44,56,M,0
M-DRILL-197,CNC Drilling Spindle,302.73,307.57,2306.7,15.45,87,L,0
M-DRILL-198,CNC Drilling Spindle,303.22,306.41,2351.8,31.32,151,M,0
M-DRILL-199,CNC Drilling Spindle,300.11,311.51,2059.7,34.11,188,H,0
M-DRILL-200,CNC Drilling Spindle,300.15,308.25,3257.8,37.95,116,L,0
M-DRILL-201,CNC Drilling Spindle,299.12,310.68,1829.5,46.58,60,L,0
M-DRILL-202,CNC Drilling Spindle,298.13,305.12,2218.0,54.43,70,H,0
M-DRILL-203,CNC Drilling Spindle,296.95,308.41,1901.6,35.46,52,M,0
M-DRILL-204,CNC Drilling Spindle,297.13,309.73,3414.4,17.48,84,M,0
M-DRILL-205,CNC Drilling Spindle,297.92,311.65,3389.1,40.23,42,M,0
M-DRILL-206,CNC Drilling Spindle,297.68,310.95,3044.9,28.21,152,H,0
M-DRILL-207,CNC Drilling Spindle,303.8,306.28,3887.3,29.73,166,H,0
M-DRILL-208,CNC Drilling Spindle,299.0,308.69,4481.5,54.42,48,M,0
M-DRILL-209,CNC Drilling Spindle,300.28,306.7,2253.0,54.57,94,H,0
M-DRILL-210,CNC Drilling Spindle,297.72,307.95,3179.5,28.42,94,H,0
M-DRILL-211,CNC Drilling Spindle,298.61,305.77,4202.2,22.95,147,M,0
M-DRILL-212,CNC Drilling Spindle,299.8,308.2,3680.4,48.78,65,M,0
M-DRILL-213,CNC Drilling Spindle,301.45,307.15,3527.6,18.78,123,M,0
M-DRILL-214,CNC Drilling Spindle,296.91,312.14,3005.7,23.68,76,M,0
M-DRILL-215,CNC Drilling Spindle,296.73,315.53,3597.0,19.1,159,M,0
M-DRILL-216,CNC Drilling Spindle,300.77,308.05,3780.2,43.92,111,M,0
M-DRILL-217,CNC Drilling Spindle,298.03,309.21,2191.5,28.51,134,L,0
M-DRILL-218,CNC Drilling Spindle,298.66,307.57,4048.1,50.63,86,H,0
M-DRILL-219,CNC Drilling Spindle,301.56,313.62,1848.7,38.8,117,M,0
M-DRILL-220,CNC Drilling Spindle,302.0,309.71,3627.3,35.68,58,M,0
M-DRILL-221,CNC Drilling Spindle,301.9,315.71,2826.3,17.58,187,M,0
M-DRILL-222,CNC Drilling Spindle,303.57,306.14,2723.5,20.36,161,L,0
M-DRILL-223,CNC Drilling Spindle,300.01,307.05,2143.2,38.53,103,M,0
M-DRILL-224,CNC Drilling Spindle,298.44,309.43,1857.7,39.41,89,L,0
M-DRILL-225,CNC Drilling Spindle,301.13,309.39,2511.7,51.21,17,M,0
M-DRILL-226,CNC Drilling Spindle,303.55,312.19,3238.3,23.14,160,M,0
M-DRILL-227,CNC Drilling Spindle,297.99,307.11,2227.0,53.13,120,M,0
M-DRILL-228,CNC Drilling Spindle,303.63,307.54,1816.0,38.96,103,M,0
M-DRILL-229,CNC Drilling Spindle,296.5,310.0,2576.4,25.98,53,M,0
M-DRILL-230,CNC Drilling Spindle,298.83,308.4,4442.6,52.31,115,L,0
M-DRILL-231,CNC Drilling Spindle,303.93,308.92,3002.0,53.36,121,M,0
M-DRILL-232,CNC Drilling Spindle,301.52,307.26,2716.3,24.1,57,H,0
M-DRILL-233,CNC Drilling Spindle,303.05,308.26,2033.2,18.48,112,L,0
M-DRILL-234,CNC Drilling Spindle,297.16,306.1,2983.4,37.53,66,M,0
M-DRILL-235,CNC Drilling Spindle,299.4,308.46,4271.4,16.68,56,L,0
M-DRILL-236,CNC Drilling Spindle,302.67,306.23,4429.2,42.73,62,M,0
M-DRILL-237,CNC Drilling Spindle,298.38,306.65,2586.2,38.2,159,M,0
M-DRILL-238,CNC Drilling Spindle,298.78,310.15,3540.3,45.06,72,M,0
M-DRILL-239,CNC Drilling Spindle,299.11,312.88,2244.6,25.28,89,L,0
M-DRILL-240,CNC Drilling Spindle,300.59,315.62,2078.8,33.41,88,M,0
M-DRILL-241,CNC Drilling Spindle,302.5,314.26,3609.5,40.66,181,M,0
M-DRILL-242,CNC Drilling Spindle,302.66,315.14,3127.2,44.16,80,H,0
M-DRILL-243,CNC Drilling Spindle,300.69,307.16,3035.5,49.92,30,H,0
M-DRILL-244,CNC Drilling Spindle,300.85,308.64,2928.4,31.23,30,H,0
M-DRILL-245,CNC Drilling Spindle,303.19,307.4,2950.4,53.88,159,H,0
M-DRILL-246,CNC Drilling Spindle,300.07,313.03,3685.7,45.43,95,H,0
M-DRILL-247,CNC Drilling Spindle,299.72,312.13,3443.2,17.82,26,L,0
M-DRILL-248,CNC Drilling Spindle,297.21,308.24,3872.6,31.39,46,M,0
M-DRILL-249,CNC Drilling Spindle,300.55,309.98,4281.2,26.39,130,H,0
M-DRILL-250,CNC Drilling Spindle,299.14,313.15,2407.0,38.59,41,H,0
M-DRILL-251,CNC Drilling Spindle,300.19,312.43,2106.1,51.71,54,H,0
M-DRILL-252,CNC Drilling Spindle,297.62,306.87,2044.8,46.91,101,M,0
M-DRILL-253,CNC Drilling Spindle,303.61,309.08,2250.8,25.96,56,M,0
M-DRILL-254,CNC Drilling Spindle,298.33,310.68,3607.1,46.09,139,M,0
M-DRILL-255,CNC Drilling Spindle,296.93,310.97,2337.1,18.4,107,M,0
M-DRILL-256,CNC Drilling Spindle,302.05,308.46,4442.5,45.34,25,M,0
M-DRILL-257,CNC Drilling Spindle,300.5,312.65,3144.1,34.34,79,M,0
M-DRILL-258,CNC Drilling Spindle,303.57,308.49,1971.2,21.69,165,M,0
M-DRILL-259,CNC Drilling Spindle,302.23,313.9,4022.7,37.02,45,H,0
M-DRILL-260,CNC Drilling Spindle,300.59,309.03,3306.7,34.94,120,H,0
M-DRILL-261,CNC Drilling Spindle,296.26,312.94,2321.4,41.09,110,L,0
M-DRILL-262,CNC Drilling Spindle,302.68,309.54,3464.3,19.69,82,L,0
M-DRILL-263,CNC Drilling Spindle,300.98,310.33,2276.6,47.13,62,L,0
M-DRILL-264,CNC Drilling Spindle,300.89,309.1,1909.6,24.3,170,L,0
M-DRILL-265,CNC Drilling Spindle,300.6,310.13,3547.3,33.65,127,M,0
M-DRILL-266,CNC Drilling Spindle,302.71,312.72,2690.9,48.23,100,H,0
M-DRILL-267,CNC Drilling Spindle,296.62,312.7,4135.8,47.3,129,H,0
M-DRILL-268,CNC Drilling Spindle,296.75,308.8,4108.3,53.47,57,L,0
M-DRILL-269,CNC Drilling Spindle,300.59,305.35,3265.9,47.24,63,L,0
M-DRILL-270,CNC Drilling Spindle,297.89,305.84,2231.8,48.48,88,L,0
M-DRILL-271,CNC Drilling Spindle,300.25,310.29,3978.7,31.94,155,H,0
M-DRILL-272,CNC Drilling Spindle,301.09,312.73,4227.6,23.97,120,M,0
M-DRILL-273,CNC Drilling Spindle,299.06,306.17,2162.4,48.48,146,M,0
M-DRILL-274,CNC Drilling Spindle,302.63,305.89,3486.9,49.73,161,M,0
M-DRILL-275,CNC Drilling Spindle,301.96,309.7,4068.4,36.23,148,H,0
M-DRILL-276,CNC Drilling Spindle,300.72,311.05,3446.9,42.83,175,L,0
M-DRILL-277,CNC Drilling Spindle,297.76,314.08,2129.6,39.89,169,H,0
M-DRILL-278,CNC Drilling Spindle,302.8,313.78,3160.2,27.36,85,L,0
M-DRILL-279,CNC Drilling Spindle,297.61,311.38,2024.8,23.72,148,M,0
M-DRILL-280,CNC Drilling Spindle,303.89,310.51,3194.7,16.45,182,H,0
M-DRILL-281,CNC Drilling Spindle,300.31,309.35,2922.1,40.73,130,H,0
M-DRILL-282,CNC Drilling Spindle,300.0,313.7,2996.9,21.63,69,M,0
M-DRILL-283,CNC Drilling Spindle,297.01,309.15,3260.5,17.91,120,L,0
M-DRILL-284,CNC Drilling Spindle,303.71,314.12,2519.1,15.9,160,H,0
M-DRILL-285,CNC Drilling Spindle,297.65,310.99,2281.6,48.35,151,L,0
M-DRILL-286,CNC Drilling Spindle,302.53,307.42,3768.0,29.21,131,H,0
M-DRILL-287,CNC Drilling Spindle,301.64,315.69,1917.7,18.75,36,M,0
M-DRILL-288,CNC Drilling Spindle,298.33,313.88,3079.2,34.38,140,M,0
M-DRILL-289,CNC Drilling Spindle,298.83,313.33,3906.1,15.58,40,M,0
M-DRILL-290,CNC Drilling Spindle,298.81,308.21,3605.0,48.13,48,M,0
M-DRILL-291,CNC Drilling Spindle,298.94,310.56,3476.0,50.74,48,H,0
M-DRILL-292,CNC Drilling Spindle,301.02,309.34,2239.8,19.68,112,M,0
M-DRILL-293,CNC Drilling Spindle,303.98,309.46,2373.2,40.15,57,M,0
M-DRILL-294,CNC Drilling Spindle,299.86,309.99,3949.4,23.66,173,L,0
M-DRILL-295,CNC Drilling Spindle,298.66,306.99,2554.7,28.31,112,H,0
M-DRILL-296,CNC Drilling Spindle,303.31,306.09,2554.0,19.37,59,L,0
M-DRILL-297,CNC Drilling Spindle,300.92,307.5,4153.7,47.03,146,L,0
M-DRILL-298,CNC Drilling Spindle,300.96,310.52,2809.6,23.95,112,L,0
M-DRILL-299,CNC Drilling Spindle,300.75,315.12,2763.7,42.81,128,M,0
M-DRILL-300,CNC Drilling Spindle,301.16,307.44,2187.7,54.15,22,M,0
M-DRILL-301,CNC Drilling Spindle,299.4,308.96,3911.4,44.81,173,M,0
M-DRILL-302,CNC Drilling Spindle,300.51,314.82,4483.4,53.77,140,H,0
M-DRILL-303,CNC Drilling Spindle,296.19,314.08,4070.5,44.85,63,M,0
M-DRILL-304,CNC Drilling Spindle,298.53,309.96,2832.6,51.55,55,M,0
M-DRILL-305,CNC Drilling Spindle,298.89,312.29,3324.3,51.96,32,M,0
M-DRILL-306,CNC Drilling Spindle,302.13,309.06,2247.6,35.13,129,H,0
M-DRILL-307,CNC Drilling Spindle,298.33,313.9,3204.7,16.42,64,M,0
M-DRILL-308,CNC Drilling Spindle,297.59,314.1,3626.8,33.86,175,M,0
M-DRILL-309,CNC Drilling Spindle,297.88,312.28,3347.9,28.41,75,M,0
M-DRILL-310,CNC Drilling Spindle,298.33,312.81,3558.7,32.63,84,M,0
M-DRILL-311,CNC Drilling Spindle,298.27,305.94,2524.2,27.85,110,L,0
M-DRILL-312,CNC Drilling Spindle,299.17,315.39,4033.8,54.39,168,M,0
M-DRILL-313,CNC Drilling Spindle,300.79,306.42,3750.5,39.01,103,M,0
M-DRILL-314,CNC Drilling Spindle,299.55,310.76,2875.6,43.69,168,L,0
M-DRILL-315,CNC Drilling Spindle,302.29,305.15,4262.1,26.0,170,H,0
M-DRILL-316,CNC Drilling Spindle,299.52,313.24,3528.8,31.64,133,M,0
M-DRILL-317,CNC Drilling Spindle,298.21,312.11,2351.5,42.76,15,M,0
M-DRILL-318,CNC Drilling Spindle,299.21,308.33,3192.4,40.81,183,L,0
M-DRILL-319,CNC Drilling Spindle,301.74,310.27,2858.8,16.3,77,L,0
M-DRILL-320,CNC Drilling Spindle,299.07,310.08,2534.0,25.97,25,M,0
M-DRILL-321,CNC Drilling Spindle,299.58,311.67,3276.6,46.95,146,L,0
M-DRILL-322,CNC Drilling Spindle,299.99,308.89,4320.3,17.17,41,M,0
M-DRILL-323,CNC Drilling Spindle,300.91,305.09,3742.2,37.35,99,M,0
M-DRILL-324,CNC Drilling Spindle,300.16,306.78,2093.5,26.59,139,M,0
M-DRILL-325,CNC Drilling Spindle,299.84,311.29,3310.0,27.28,32,L,0
M-DRILL-326,CNC Drilling Spindle,300.8,312.68,3052.8,45.26,117,H,0
M-DRILL-327,CNC Drilling Spindle,303.12,308.36,2172.3,18.52,141,L,0
M-DRILL-328,CNC Drilling Spindle,301.6,315.07,2742.1,37.45,123,L,0
M-DRILL-329,CNC Drilling Spindle,298.5,315.52,2201.6,45.56,125,L,0
M-DRILL-330,CNC Drilling Spindle,296.23,305.86,1988.2,38.72,120,L,0
M-DRILL-331,CNC Drilling Spindle,299.74,305.75,2365.7,15.32,150,L,0
M-DRILL-332,CNC Drilling Spindle,303.98,309.53,1852.1,24.39,117,L,0
M-DRILL-333,CNC Drilling Spindle,296.83,306.34,3694.7,41.69,58,L,0
M-DRILL-334,CNC Drilling Spindle,297.03,315.18,2342.8,18.25,74,H,0
M-DRILL-335,CNC Drilling Spindle,300.22,312.56,3125.5,41.42,78,H,0
M-DRILL-336,CNC Drilling Spindle,303.79,314.01,1998.2,32.97,126,H,0
M-DRILL-337,CNC Drilling Spindle,300.62,310.87,2362.3,20.65,147,M,0
M-DRILL-338,CNC Drilling Spindle,297.95,313.12,3787.4,26.06,167,M,0
M-DRILL-339,CNC Drilling Spindle,298.77,309.7,3762.1,23.46,97,M,0
M-DRILL-340,CNC Drilling Spindle,300.32,311.69,3274.8,22.97,86,M,0
M-DRILL-341,CNC Drilling Spindle,302.24,312.19,2951.8,53.98,33,M,0
M-DRILL-342,CNC Drilling Spindle,298.73,307.51,3488.7,16.58,46,M,0
M-DRILL-343,CNC Drilling Spindle,301.47,314.63,3955.9,22.28,113,H,0
M-DRILL-344,CNC Drilling Spindle,298.48,313.87,3033.0,21.0,91,H,0
M-DRILL-345,CNC Drilling Spindle,299.15,310.37,2743.8,52.48,113,L,0
M-DRILL-346,CNC Drilling Spindle,302.09,312.27,3141.6,15.09,122,M,0
M-DRILL-347,CNC Drilling Spindle,296.94,309.89,3786.0,53.47,80,M,0
M-DRILL-348,CNC Drilling Spindle,302.81,308.67,2184.1,26.28,172,H,0
M-DRILL-349,CNC Drilling Spindle,298.63,310.11,4087.2,52.51,89,L,0
M-DRILL-350,CNC Drilling Spindle,297.29,306.73,4363.0,35.39,47,M,0
M-DRILL-351,CNC Drilling Spindle,302.27,314.1,4132.7,37.78,166,M,0
M-DRILL-352,CNC Drilling Spindle,300.86,313.35,2948.7,17.94,76,M,0
M-DRILL-353,CNC Drilling Spindle,297.54,306.63,2591.3,16.28,145,M,0
M-DRILL-354,CNC Drilling Spindle,296.99,312.69,4075.9,15.8,55,L,0
M-DRILL-355,CNC Drilling Spindle,299.08,315.32,2540.4,23.72,52,H,0
M-DRILL-356,CNC Drilling Spindle,303.17,315.78,4377.2,49.08,163,M,0
M-DRILL-357,CNC Drilling Spindle,302.61,307.29,2847.4,40.63,168,M,0
M-DRILL-358,CNC Drilling Spindle,302.71,310.21,3736.7,54.2,41,L,0
M-DRILL-359,CNC Drilling Spindle,300.18,312.08,4170.2,31.39,88,M,0
M-DRILL-360,CNC Drilling Spindle,296.15,310.46,2585.9,52.12,30,M,0
M-DRILL-361,CNC Drilling Spindle,303.58,314.91,3693.6,38.57,64,M,0
M-DRILL-362,CNC Drilling Spindle,296.72,313.65,2674.4,41.71,77,M,0
M-DRILL-363,CNC Drilling Spindle,300.44,313.82,2370.1,30.95,37,H,0
M-DRILL-364,CNC Drilling Spindle,300.84,307.08,1961.5,50.88,108,H,0
M-DRILL-365,CNC Drilling Spindle,296.43,306.32,3072.6,41.74,127,H,0
M-DRILL-366,CNC Drilling Spindle,301.07,309.45,3054.8,47.06,73,H,0
M-DRILL-367,CNC Drilling Spindle,302.99,307.33,2593.9,43.26,134,L,0
M-DRILL-368,CNC Drilling Spindle,297.47,308.88,2139.9,36.64,66,M,0
M-DRILL-369,CNC Drilling Spindle,296.0,305.66,2967.9,53.33,170,L,0
M-DRILL-370,CNC Drilling Spindle,299.33,305.51,2626.1,42.03,38,M,0
M-DRILL-371,CNC Drilling Spindle,296.45,310.22,2364.1,18.65,86,M,0
M-DRILL-372,CNC Drilling Spindle,300.3,313.24,2103.9,46.65,19,M,0
M-DRILL-373,CNC Drilling Spindle,300.7,315.53,3349.6,21.35,105,M,0
M-DRILL-374,CNC Drilling Spindle,299.83,307.17,3152.2,21.0,145,M,0
M-DRILL-375,CNC Drilling Spindle,296.63,314.79,3464.2,27.64,22,M,0
M-DRILL-376,CNC Drilling Spindle,298.99,314.98,1894.2,16.56,181,L,0
M-DRILL-377,CNC Drilling Spindle,296.22,312.88,2398.0,43.06,167,H,0
M-DRILL-378,CNC Drilling Spindle,297.91,305.26,1918.3,16.18,155,M,0
M-DRILL-379,CNC Drilling Spindle,299.95,313.67,3136.3,32.17,17,M,0
M-DRILL-380,CNC Drilling Spindle,297.0,313.41,2495.9,41.97,128,M,0
M-DRILL-381,CNC Drilling Spindle,298.14,307.94,4130.2,15.51,46,M,0
M-DRILL-382,CNC Drilling Spindle,302.54,308.94,3564.3,37.29,26,M,0
M-DRILL-383,CNC Drilling Spindle,302.51,315.92,1880.0,41.4,87,H,0
M-DRILL-384,CNC Drilling Spindle,300.91,306.35,2822.1,25.45,78,M,0
M-DRILL-385,CNC Drilling Spindle,298.87,311.08,2444.4,40.41,164,M,0
M-DRILL-386,CNC Drilling Spindle,300.06,312.14,3324.5,29.63,127,H,0
M-DRILL-387,CNC Drilling Spindle,298.96,310.86,1855.7,35.31,129,L,0
M-DRILL-388,CNC Drilling Spindle,296.91,315.9,3436.7,29.53,58,M,0
M-DRILL-389,CNC Drilling Spindle,303.05,310.73,3586.0,29.31,82,M,0
M-DRILL-390,CNC Drilling Spindle,301.65,308.95,2314.9,29.78,164,L,0
M-DRILL-391,CNC Drilling Spindle,298.68,314.97,2002.0,16.99,37,H,0
M-DRILL-392,CNC Drilling Spindle,296.7,312.27,3422.3,40.9,135,L,0
M-DRILL-393,CNC Drilling Spindle,297.66,311.85,3366.1,52.75,55,H,0
M-DRILL-394,CNC Drilling Spindle,301.23,313.14,2564.6,37.83,25,L,0
M-DRILL-395,CNC Drilling Spindle,296.88,305.74,1919.1,32.09,32,L,0
M-DRILL-396,CNC Drilling Spindle,303.19,307.86,3497.7,16.69,82,M,0
M-DRILL-397,CNC Drilling Spindle,297.83,312.09,2151.6,49.43,131,L,0
M-DRILL-398,CNC Drilling Spindle,303.48,315.37,3289.5,34.82,73,L,0
M-DRILL-399,CNC Drilling Spindle,300.31,315.26,2444.3,27.41,70,L,0
M-DRILL-400,CNC Drilling Spindle,296.79,310.01,2954.5,17.93,86,M,0
M-DRILL-F1-001,CNC Drilling Spindle,306.52,327.63,4389.9,54.16,87,M,1
M-DRILL-F1-002,CNC Drilling Spindle,308.28,333.96,2540.4,33.12,15,M,1
M-DRILL-F1-003,CNC Drilling Spindle,306.57,330.67,3314.7,37.89,54,L,1
M-DRILL-F1-004,CNC Drilling Spindle,306.03,325.34,3580.6,51.32,47,M,1
M-DRILL-F1-005,CNC Drilling Spindle,310.3,332.36,1936.4,31.98,39,H,1
M-DRILL-F1-006,CNC Drilling Spindle,307.18,333.69,2380.1,52.4,43,L,1
M-DRILL-F1-007,CNC Drilling Spindle,311.24,322.47,3371.2,27.74,67,M,1
M-DRILL-F1-008,CNC Drilling Spindle,309.38,329.63,3874.6,28.17,141,L,1
M-DRILL-F1-009,CNC Drilling Spindle,306.33,321.19,2947.7,38.63,53,M,1
M-DRILL-F1-010,CNC Drilling Spindle,311.43,328.82,2251.3,50.38,108,M,1
M-DRILL-F1-011,CNC Drilling Spindle,311.47,322.46,3064.3,21.76,20,M,1
M-DRILL-F1-012,CNC Drilling Spindle,307.21,329.24,3620.0,20.95,18,L,1
M-DRILL-F1-013,CNC Drilling Spindle,306.02,325.47,3135.4,47.75,129,L,1
M-DRILL-F1-014,CNC Drilling Spindle,307.98,330.36,2465.7,23.58,89,M,1
M-DRILL-F1-015,CNC Drilling Spindle,306.42,321.78,3917.3,49.38,97,M,1
M-DRILL-F1-016,CNC Drilling Spindle,312.76,330.47,3364.9,27.79,42,M,1
M-DRILL-F1-017,CNC Drilling Spindle,308.29,325.41,3192.2,21.76,125,H,1
M-DRILL-F1-018,CNC Drilling Spindle,309.85,330.7,3109.6,29.44,80,L,1
M-DRILL-F1-019,CNC Drilling Spindle,313.92,329.2,3942.3,15.58,135,L,1
M-DRILL-F1-020,CNC Drilling Spindle,310.6,330.8,3184.4,26.45,131,M,1
M-DRILL-F2-001,CNC Drilling Spindle,303.37,320.21,3726.0,94.92,43,M,1
M-DRILL-F2-002,CNC Drilling Spindle,307.78,318.43,3911.1,97.83,106,M,1
M-DRILL-F2-003,CNC Drilling Spindle,300.35,319.94,2773.3,97.31,119,M,1
M-DRILL-F2-004,CNC Drilling Spindle,304.73,317.41,2527.4,83.51,137,M,1
M-DRILL-F2-005,CNC Drilling Spindle,300.16,314.98,2282.9,88.22,35,L,1
M-DRILL-F2-006,CNC Drilling Spindle,299.48,319.17,2081.3,103.73,77,L,1
M-DRILL-F2-007,CNC Drilling Spindle,305.46,321.13,3661.6,72.34,107,M,1
M-DRILL-F2-008,CNC Drilling Spindle,305.64,325.27,3828.4,72.86,65,M,1
M-DRILL-F2-009,CNC Drilling Spindle,298.35,310.67,2666.0,104.22,92,M,1
M-DRILL-F2-010,CNC Drilling Spindle,302.18,320.26,3952.5,89.8,23,M,1
M-DRILL-F2-011,CNC Drilling Spindle,307.92,315.59,3136.2,72.56,34,L,1
M-DRILL-F2-012,CNC Drilling Spindle,300.3,314.19,2671.2,103.3,26,L,1
M-DRILL-F2-013,CNC Drilling Spindle,300.76,323.44,4031.5,81.21,32,H,1
M-DRILL-F2-014,CNC Drilling Spindle,305.35,311.46,2385.9,76.06,63,H,1
M-DRILL-F2-015,CNC Drilling Spindle,306.42,323.62,2729.1,90.63,102,L,1
M-DRILL-F2-016,CNC Drilling Spindle,302.73,317.68,3220.4,93.88,62,M,1
M-DRILL-F2-017,CNC Drilling Spindle,299.97,318.33,2610.4,88.07,70,L,1
M-DRILL-F2-018,CNC Drilling Spindle,297.8,318.73,3095.2,82.47,72,L,1
M-DRILL-F2-019,CNC Drilling Spindle,300.09,323.81,3816.8,92.01,120,M,1
M-DRILL-F2-020,CNC Drilling Spindle,302.78,325.43,2436.0,74.26,54,M,1
M-DRILL-F3-001,CNC Drilling Spindle,297.48,315.0,6324.8,79.2,49,M,1
M-DRILL-F3-002,CNC Drilling Spindle,296.47,307.84,6503.2,81.32,68,M,1
M-DRILL-F3-003,CNC Drilling Spindle,299.42,305.51,6532.9,61.95,136,L,1
M-DRILL-F3-004,CNC Drilling Spindle,299.03,312.04,5652.1,75.96,127,L,1
M-DRILL-F3-005,CNC Drilling Spindle,298.27,307.9,6573.1,81.79,141,M,1
M-DRILL-F3-006,CNC Drilling Spindle,302.24,315.13,5987.1,78.77,51,M,1
M-DRILL-F3-007,CNC Drilling Spindle,297.59,310.58,7297.4,72.12,31,M,1
M-DRILL-F3-008,CNC Drilling Spindle,300.5,311.42,6698.0,62.19,118,L,1
M-DRILL-F3-009,CNC Drilling Spindle,300.08,312.91,7456.5,74.64,107,L,1
M-DRILL-F3-010,CNC Drilling Spindle,298.08,311.41,7294.9,67.02,137,M,1
M-DRILL-F3-011,CNC Drilling Spindle,299.39,311.86,6304.2,78.94,81,L,1
M-DRILL-F3-012,CNC Drilling Spindle,300.08,312.26,7644.9,63.73,115,H,1
M-DRILL-F3-013,CNC Drilling Spindle,302.71,311.56,7510.9,79.55,25,H,1
M-DRILL-F3-014,CNC Drilling Spindle,300.81,310.7,5779.3,63.35,92,H,1
M-DRILL-F3-015,CNC Drilling Spindle,302.99,313.88,7167.1,60.85,21,M,1
M-DRILL-F3-016,CNC Drilling Spindle,303.96,308.77,6174.8,63.45,107,M,1
M-DRILL-F3-017,CNC Drilling Spindle,296.81,310.14,6900.9,71.36,107,L,1
M-DRILL-F3-018,CNC Drilling Spindle,301.49,311.78,7320.6,80.31,68,H,1
M-DRILL-F3-019,CNC Drilling Spindle,302.54,307.35,7490.1,61.0,141,M,1
M-DRILL-F3-020,CNC Drilling Spindle,302.2,309.38,7631.4,65.51,51,H,1
M-DRILL-F4-001,CNC Drilling Spindle,303.52,310.02,3622.1,50.53,270,M,1
M-DRILL-F4-002,CNC Drilling Spindle,300.5,312.81,3827.6,25.7,213,H,1
M-DRILL-F4-003,CNC Drilling Spindle,298.99,310.48,3462.3,63.92,229,L,1
M-DRILL-F4-004,CNC Drilling Spindle,300.25,307.42,3461.3,64.38,214,M,1
M-DRILL-F4-005,CNC Drilling Spindle,296.41,308.53,3475.6,58.13,259,M,1
M-DRILL-F4-006,CNC Drilling Spindle,303.27,308.33,3835.8,39.96,272,L,1
M-DRILL-F4-007,CNC Drilling Spindle,303.21,307.36,3604.0,53.05,260,M,1
M-DRILL-F4-008,CNC Drilling Spindle,296.09,307.88,2672.9,58.68,268,H,1
M-DRILL-F4-009,CNC Drilling Spindle,303.6,307.01,2918.8,27.15,269,L,1
M-DRILL-F4-010,CNC Drilling Spindle,298.83,312.5,2297.8,35.42,233,M,1
M-DRILL-F4-011,CNC Drilling Spindle,303.01,312.47,2555.8,28.48,206,M,1
M-DRILL-F4-012,CNC Drilling Spindle,300.21,308.05,3691.2,36.88,228,L,1
M-DRILL-F4-013,CNC Drilling Spindle,298.1,309.38,2832.2,28.44,221,M,1
M-DRILL-F4-014,CNC Drilling Spindle,302.91,313.44,3638.7,39.13,243,M,1
M-DRILL-F4-015,CNC Drilling Spindle,296.59,308.64,3138.1,19.34,211,M,1
M-DRILL-F4-016,CNC Drilling Spindle,298.94,309.33,2118.3,27.68,224,H,1
M-DRILL-F4-017,CNC Drilling Spindle,298.61,305.79,3699.3,35.61,229,H,1
M-DRILL-F4-018,CNC Drilling Spindle,297.81,307.56,4460.1,57.85,206,M,1
M-DRILL-F4-019,CNC Drilling Spindle,298.05,306.15,3705.1,23.01,238,M,1
M-DRILL-F4-020,CNC Drilling Spindle,300.44,315.75,3921.5,54.82,231,H,1
M-DRILL-F5-001,CNC Drilling Spindle,308.67,328.0,5497.9,87.64,207,M,1
M-DRILL-F5-002,CNC Drilling Spindle,305.85,323.8,6025.9,71.68,245,M,1
M-DRILL-F5-003,CNC Drilling Spindle,307.33,326.3,5086.9,82.4,212,M,1
M-DRILL-F5-004,CNC Drilling Spindle,308.0,327.22,5730.8,79.31,238,M,1
M-DRILL-F5-005,CNC Drilling Spindle,309.14,323.34,5187.1,71.92,212,M,1
M-DRILL-F5-006,CNC Drilling Spindle,306.41,321.45,5851.4,77.6,232,M,1
M-DRILL-F5-007,CNC Drilling Spindle,308.85,321.04,5721.0,70.07,226,M,1
M-DRILL-F5-008,CNC Drilling Spindle,308.95,327.13,5952.5,67.6,213,L,1
M-DRILL-F5-009,CNC Drilling Spindle,307.19,327.53,5479.8,86.81,246,M,1
M-DRILL-F5-010,CNC Drilling Spindle,305.04,323.2,6180.2,85.16,209,M,1
M-DRILL-F5-011,CNC Drilling Spindle,309.18,324.62,6093.9,83.71,245,H,1
M-DRILL-F5-012,CNC Drilling Spindle,305.73,320.66,6212.6,75.01,203,M,1
M-DRILL-F5-013,CNC Drilling Spindle,306.76,326.48,5942.9,80.31,201,L,1
M-DRILL-F5-014,CNC Drilling Spindle,306.08,325.03,5033.5,65.27,200,M,1
M-DRILL-F5-015,CNC Drilling Spindle,308.15,320.4,5342.2,84.32,205,M,1
M-DRILL-F5-016,CNC Drilling Spindle,307.12,326.74,5294.0,87.93,217,M,1
M-DRILL-F5-017,CNC Drilling Spindle,305.61,325.44,5278.7,78.81,211,M,1
M-DRILL-F5-018,CNC Drilling Spindle,309.28,325.91,5158.7,78.29,231,H,1
M-DRILL-F5-019,CNC Drilling Spindle,307.33,322.09,5580.6,82.48,207,H,1
M-DRILL-F5-020,CNC Drilling Spindle,306.35,327.62,5959.6,63.73,220,M,1
M-INJ-001,Injection Molding Drive,303.74,326.48,1753.8,67.52,159,L,0
M-INJ-002,Injection Molding Drive,305.43,325.17,1393.0,74.26,125,L,0
M-INJ-003,Injection Molding Drive,306.55,332.97,986.7,115.6,35,H,0
M-INJ-004,Injection Molding Drive,303.95,322.28,1736.8,84.88,124,M,0
M-INJ-005,Injection Molding Drive,304.91,326.89,778.2,111.86,100,H,0
M-INJ-006,Injection Molding Drive,303.68,317.26,1762.8,100.59,246,M,0
M-INJ-007,Injection Molding Drive,306.74,318.64,552.9,52.64,132,H,0
M-INJ-008,Injection Molding Drive,302.61,323.19,936.3,100.85,65,L,0
M-INJ-009,Injection Molding Drive,303.24,337.87,974.3,128.62,156,L,0
M-INJ-010,Injection Molding Drive,298.24,333.2,1561.6,54.25,157,L,0
M-INJ-011,Injection Molding Drive,303.05,316.6,1401.5,54.85,209,H,0
M-INJ-012,Injection Molding Drive,299.24,321.88,1323.4,128.11,55,H,0
M-INJ-013,Injection Molding Drive,301.32,335.91,1107.4,75.73,153,M,0
M-INJ-014,Injection Molding Drive,301.61,323.32,1545.4,123.94,197,M,0
M-INJ-015,Injection Molding Drive,302.54,318.13,1470.9,97.72,228,M,0
M-INJ-016,Injection Molding Drive,304.84,332.12,845.6,103.39,233,L,0
M-INJ-017,Injection Molding Drive,304.48,316.2,1633.9,102.62,98,H,0
M-INJ-018,Injection Molding Drive,299.05,316.26,1480.3,68.87,35,M,0
M-INJ-019,Injection Molding Drive,302.34,319.23,557.3,65.13,179,H,0
M-INJ-020,Injection Molding Drive,303.0,318.66,754.4,81.45,52,H,0
M-INJ-021,Injection Molding Drive,301.14,323.24,1474.1,55.98,219,L,0
M-INJ-022,Injection Molding Drive,304.89,322.73,1569.7,64.62,57,H,0
M-INJ-023,Injection Molding Drive,306.45,322.7,1692.9,71.81,229,L,0
M-INJ-024,Injection Molding Drive,306.31,327.4,1625.7,126.06,101,M,0
M-INJ-025,Injection Molding Drive,304.47,322.51,1480.0,55.91,145,H,0
M-INJ-026,Injection Molding Drive,300.64,321.47,1590.6,65.48,207,L,0
M-INJ-027,Injection Molding Drive,302.49,320.85,795.0,87.19,31,M,0
M-INJ-028,Injection Molding Drive,306.58,318.87,1245.3,126.94,219,L,0
M-INJ-029,Injection Molding Drive,305.4,322.73,1657.8,125.31,139,M,0
M-INJ-030,Injection Molding Drive,301.73,323.36,776.1,99.48,153,M,0
M-INJ-031,Injection Molding Drive,298.86,334.92,727.4,59.16,167,M,0
M-INJ-032,Injection Molding Drive,298.54,323.89,1503.3,99.22,109,H,0
M-INJ-033,Injection Molding Drive,303.69,337.19,1340.2,115.03,144,L,0
M-INJ-034,Injection Molding Drive,306.07,334.33,1682.8,84.49,228,M,0
M-INJ-035,Injection Molding Drive,305.83,315.98,1355.2,117.84,68,M,0
M-INJ-036,Injection Molding Drive,305.42,322.2,1026.8,95.56,144,H,0
M-INJ-037,Injection Molding Drive,298.89,317.51,840.9,69.67,193,M,0
M-INJ-038,Injection Molding Drive,304.88,316.75,1130.8,75.9,216,L,0
M-INJ-039,Injection Molding Drive,305.82,316.16,1437.1,93.2,211,M,0
M-INJ-040,Injection Molding Drive,302.86,316.29,1369.1,71.85,34,H,0
M-INJ-041,Injection Molding Drive,306.62,323.65,1628.5,126.77,237,L,0
M-INJ-042,Injection Molding Drive,306.05,322.23,696.9,101.14,137,H,0
M-INJ-043,Injection Molding Drive,304.1,329.07,1622.0,98.73,156,M,0
M-INJ-044,Injection Molding Drive,302.17,338.86,680.0,85.7,174,M,0
M-INJ-045,Injection Molding Drive,300.55,322.18,803.8,77.51,221,M,0
M-INJ-046,Injection Molding Drive,300.16,324.61,637.6,122.32,119,L,0
M-INJ-047,Injection Molding Drive,301.13,335.91,833.3,56.09,36,M,0
M-INJ-048,Injection Molding Drive,300.8,326.09,1564.2,69.85,97,L,0
M-INJ-049,Injection Molding Drive,302.43,335.69,986.8,81.87,66,L,0
M-INJ-050,Injection Molding Drive,306.07,339.61,1023.2,115.49,121,M,0
M-INJ-051,Injection Molding Drive,305.47,319.43,786.4,75.18,203,M,0
M-INJ-052,Injection Molding Drive,301.22,339.97,998.9,69.82,167,L,0
M-INJ-053,Injection Molding Drive,298.63,330.47,546.5,92.11,86,M,0
M-INJ-054,Injection Molding Drive,302.2,338.18,1423.9,124.95,175,H,0
M-INJ-055,Injection Molding Drive,300.39,337.64,1336.5,128.53,64,M,0
M-INJ-056,Injection Molding Drive,301.26,323.16,827.6,85.48,171,M,0
M-INJ-057,Injection Molding Drive,298.72,332.71,1096.7,94.52,130,L,0
M-INJ-058,Injection Molding Drive,303.03,338.08,1163.7,73.41,108,M,0
M-INJ-059,Injection Molding Drive,302.77,332.18,791.8,102.71,201,M,0
M-INJ-060,Injection Molding Drive,302.34,339.79,1026.3,58.53,210,M,0
M-INJ-061,Injection Molding Drive,304.42,319.47,521.9,62.78,112,H,0
M-INJ-062,Injection Molding Drive,299.78,334.12,1500.8,115.4,215,M,0
M-INJ-063,Injection Molding Drive,305.81,328.15,1111.8,107.48,77,L,0
M-INJ-064,Injection Molding Drive,301.87,318.18,655.1,63.19,225,L,0
M-INJ-065,Injection Molding Drive,301.21,322.3,784.4,115.91,76,L,0
M-INJ-066,Injection Molding Drive,304.01,337.43,1220.2,105.25,166,L,0
M-INJ-067,Injection Molding Drive,305.52,329.74,1322.3,123.75,234,M,0
M-INJ-068,Injection Molding Drive,298.07,317.61,1615.3,56.78,76,M,0
M-INJ-069,Injection Molding Drive,303.4,329.42,876.2,66.61,198,L,0
M-INJ-070,Injection Molding Drive,298.48,318.33,1334.8,114.36,204,L,0
M-INJ-071,Injection Molding Drive,305.99,320.43,639.5,99.23,210,M,0
M-INJ-072,Injection Molding Drive,306.67,334.89,1411.0,54.82,53,L,0
M-INJ-073,Injection Molding Drive,299.78,315.72,1684.0,121.26,78,L,0
M-INJ-074,Injection Molding Drive,298.43,322.13,1310.8,111.05,32,M,0
M-INJ-075,Injection Molding Drive,299.93,339.97,1372.3,82.45,46,M,0
M-INJ-076,Injection Molding Drive,303.78,335.41,875.1,128.51,126,M,0
M-INJ-077,Injection Molding Drive,301.14,327.99,1717.7,108.81,156,H,0
M-INJ-078,Injection Molding Drive,299.34,327.55,1447.3,110.08,79,H,0
M-INJ-079,Injection Molding Drive,301.46,337.95,1209.0,75.61,101,H,0
M-INJ-080,Injection Molding Drive,302.26,334.78,1759.1,90.13,66,M,0
M-INJ-081,Injection Molding Drive,304.81,316.79,1605.2,116.35,133,M,0
M-INJ-082,Injection Molding Drive,304.42,331.92,521.5,59.79,65,L,0
M-INJ-083,Injection Molding Drive,301.96,328.64,1504.5,77.28,194,M,0
M-INJ-084,Injection Molding Drive,301.39,323.33,1754.4,111.76,34,L,0
M-INJ-085,Injection Molding Drive,304.98,318.73,599.2,74.66,167,M,0
M-INJ-086,Injection Molding Drive,300.48,326.14,775.5,54.05,143,M,0
M-INJ-087,Injection Molding Drive,302.89,338.66,686.4,50.16,46,M,0
M-INJ-088,Injection Molding Drive,304.36,329.52,1143.4,78.32,98,M,0
M-INJ-089,Injection Molding Drive,303.5,319.19,1502.8,96.02,89,M,0
M-INJ-090,Injection Molding Drive,306.67,315.51,759.4,85.87,170,M,0
M-INJ-091,Injection Molding Drive,306.38,331.06,1640.7,76.35,212,M,0
M-INJ-092,Injection Molding Drive,300.27,337.79,619.9,125.43,130,L,0
M-INJ-093,Injection Molding Drive,302.86,333.94,509.2,89.73,192,L,0
M-INJ-094,Injection Molding Drive,299.42,325.47,1044.8,58.29,127,L,0
M-INJ-095,Injection Molding Drive,300.7,325.81,1749.2,52.54,160,L,0
M-INJ-096,Injection Molding Drive,304.85,332.9,1444.4,54.72,147,L,0
M-INJ-097,Injection Molding Drive,298.85,315.3,1558.9,106.98,120,L,0
M-INJ-098,Injection Molding Drive,304.9,339.2,1708.1,88.5,196,M,0
M-INJ-099,Injection Molding Drive,305.3,334.69,699.2,68.7,88,L,0
M-INJ-100,Injection Molding Drive,305.3,327.38,1255.1,116.15,98,H,0
M-INJ-101,Injection Molding Drive,302.34,337.84,1527.6,79.33,44,M,0
M-INJ-102,Injection Molding Drive,305.51,331.62,1052.6,59.87,230,M,0
M-INJ-103,Injection Molding Drive,300.02,335.4,1775.6,102.81,167,M,0
M-INJ-104,Injection Molding Drive,298.18,319.79,1259.8,62.11,224,H,0
M-INJ-105,Injection Molding Drive,302.7,327.8,1285.1,76.19,222,M,0
M-INJ-106,Injection Molding Drive,304.3,330.9,652.3,99.81,151,L,0
M-INJ-107,Injection Molding Drive,305.93,318.77,606.2,73.57,247,H,0
M-INJ-108,Injection Molding Drive,304.06,330.21,1340.6,67.46,79,M,0
M-INJ-109,Injection Molding Drive,298.86,316.87,614.9,95.84,117,M,0
M-INJ-110,Injection Molding Drive,300.84,320.18,1035.0,66.24,183,H,0
M-INJ-111,Injection Molding Drive,306.53,317.25,1726.5,116.66,179,L,0
M-INJ-112,Injection Molding Drive,299.25,319.41,827.8,69.58,98,M,0
M-INJ-113,Injection Molding Drive,298.25,324.56,820.3,98.53,246,M,0
M-INJ-114,Injection Molding Drive,301.83,324.21,1520.4,55.76,241,M,0
M-INJ-115,Injection Molding Drive,300.82,339.35,1716.6,101.35,34,L,0
M-INJ-116,Injection Molding Drive,301.02,324.71,706.4,91.88,193,M,0
M-INJ-117,Injection Molding Drive,306.45,319.87,586.1,101.55,216,L,0
M-INJ-118,Injection Molding Drive,304.9,319.99,1771.0,123.55,65,M,0
M-INJ-119,Injection Molding Drive,303.0,326.06,1779.6,54.77,167,M,0
M-INJ-120,Injection Molding Drive,302.75,334.49,820.7,81.47,239,L,0
M-INJ-121,Injection Molding Drive,303.15,320.55,1052.9,111.92,210,M,0
M-INJ-122,Injection Molding Drive,303.96,317.38,530.2,93.89,79,H,0
M-INJ-123,Injection Molding Drive,304.57,327.45,1535.2,103.12,190,M,0
M-INJ-124,Injection Molding Drive,300.37,330.02,760.1,115.23,145,M,0
M-INJ-125,Injection Molding Drive,303.63,338.63,606.7,58.75,215,H,0
M-INJ-126,Injection Molding Drive,298.35,323.7,1106.7,95.56,141,L,0
M-INJ-127,Injection Molding Drive,304.92,339.6,1119.4,56.75,240,H,0
M-INJ-128,Injection Molding Drive,304.98,315.78,1489.6,125.04,115,M,0
M-INJ-129,Injection Molding Drive,300.04,327.29,722.2,103.83,111,M,0
M-INJ-130,Injection Molding Drive,302.15,328.56,684.5,106.62,224,M,0
M-INJ-131,Injection Molding Drive,299.62,334.01,738.6,53.3,166,M,0
M-INJ-132,Injection Molding Drive,299.55,339.54,879.4,122.28,69,L,0
M-INJ-133,Injection Molding Drive,302.52,316.96,1453.7,121.37,65,L,0
M-INJ-134,Injection Molding Drive,302.01,333.85,1428.1,52.13,69,M,0
M-INJ-135,Injection Molding Drive,306.4,323.55,1317.5,50.97,186,M,0
M-INJ-136,Injection Molding Drive,304.44,337.62,690.4,70.93,249,H,0
M-INJ-137,Injection Molding Drive,304.49,333.13,1387.9,68.2,77,M,0
M-INJ-138,Injection Molding Drive,299.68,331.54,1140.3,80.93,96,L,0
M-INJ-139,Injection Molding Drive,302.57,329.03,1734.0,102.31,240,H,0
M-INJ-140,Injection Molding Drive,305.62,323.39,1553.6,118.45,89,M,0
M-INJ-141,Injection Molding Drive,304.53,317.48,1482.2,58.84,231,M,0
M-INJ-142,Injection Molding Drive,303.18,317.93,850.3,82.32,137,H,0
M-INJ-143,Injection Molding Drive,306.0,315.19,1505.8,87.65,145,M,0
M-INJ-144,Injection Molding Drive,303.47,328.43,713.5,69.05,44,H,0
M-INJ-145,Injection Molding Drive,298.12,320.51,1383.6,75.3,105,H,0
M-INJ-146,Injection Molding Drive,303.18,323.55,1379.2,109.32,158,M,0
M-INJ-147,Injection Molding Drive,302.58,321.3,1673.8,111.31,138,L,0
M-INJ-148,Injection Molding Drive,302.92,323.21,624.1,93.5,219,L,0
M-INJ-149,Injection Molding Drive,303.44,324.84,1345.4,110.97,120,M,0
M-INJ-150,Injection Molding Drive,304.13,336.92,1528.3,51.79,57,L,0
M-INJ-151,Injection Molding Drive,305.5,324.72,1259.6,122.47,230,L,0
M-INJ-152,Injection Molding Drive,299.89,333.26,631.4,121.52,62,M,0
M-INJ-153,Injection Molding Drive,303.49,334.42,1217.1,54.77,185,M,0
M-INJ-154,Injection Molding Drive,300.88,339.79,1267.5,106.86,145,L,0
M-INJ-155,Injection Molding Drive,304.77,331.43,1797.1,86.78,185,L,0
M-INJ-156,Injection Molding Drive,301.38,326.43,1759.9,52.58,103,M,0
M-INJ-157,Injection Molding Drive,298.01,337.48,872.1,70.62,210,M,0
M-INJ-158,Injection Molding Drive,303.92,335.54,1530.2,112.56,49,H,0
M-INJ-159,Injection Molding Drive,300.76,315.9,1150.6,81.58,152,M,0
M-INJ-160,Injection Molding Drive,302.37,323.37,753.8,101.95,178,L,0
M-INJ-161,Injection Molding Drive,305.87,332.61,1393.7,54.53,54,L,0
M-INJ-162,Injection Molding Drive,300.1,323.89,688.9,65.61,200,M,0
M-INJ-163,Injection Molding Drive,302.04,318.79,1381.3,108.26,109,L,0
M-INJ-164,Injection Molding Drive,300.16,332.3,1449.0,127.49,81,H,0
M-INJ-165,Injection Molding Drive,300.37,318.07,720.6,76.73,121,L,0
M-INJ-166,Injection Molding Drive,299.76,339.29,1553.2,120.52,234,L,0
M-INJ-167,Injection Molding Drive,305.1,325.95,1163.6,124.6,113,H,0
M-INJ-168,Injection Molding Drive,304.86,329.33,1559.3,56.04,166,M,0
M-INJ-169,Injection Molding Drive,306.13,317.75,1596.0,57.08,35,M,0
M-INJ-170,Injection Molding Drive,301.0,330.66,671.2,84.99,74,L,0
M-INJ-171,Injection Molding Drive,298.4,323.9,1320.8,123.05,220,L,0
M-INJ-172,Injection Molding Drive,298.57,336.02,1513.9,122.19,98,L,0
M-INJ-173,Injection Molding Drive,301.62,330.85,1051.4,84.21,150,M,0
M-INJ-174,Injection Molding Drive,305.13,330.84,1396.7,68.48,243,M,0
M-INJ-175,Injection Molding Drive,299.77,333.76,725.8,55.07,146,M,0
M-INJ-176,Injection Molding Drive,299.7,323.71,1729.5,72.8,64,L,0
M-INJ-177,Injection Molding Drive,300.72,332.01,801.0,94.01,114,L,0
M-INJ-178,Injection Molding Drive,301.9,329.6,1728.2,129.14,52,L,0
M-INJ-179,Injection Molding Drive,301.44,329.87,987.6,82.09,64,M,0
M-INJ-180,Injection Molding Drive,302.92,319.73,1204.2,127.85,187,M,0
M-INJ-181,Injection Molding Drive,306.24,329.38,675.6,93.8,69,L,0
M-INJ-182,Injection Molding Drive,306.7,324.02,1065.4,83.72,92,L,0
M-INJ-183,Injection Molding Drive,303.56,316.6,1590.4,64.97,245,M,0
M-INJ-184,Injection Molding Drive,303.55,316.95,948.1,114.19,134,L,0
M-INJ-185,Injection Molding Drive,303.18,338.21,1777.4,86.31,154,L,0
M-INJ-186,Injection Molding Drive,299.99,336.54,1269.5,108.04,47,L,0
M-INJ-187,Injection Molding Drive,300.8,335.13,1161.9,71.97,239,L,0
M-INJ-188,Injection Molding Drive,306.87,324.11,1344.0,98.93,181,H,0
M-INJ-189,Injection Molding Drive,300.63,337.73,1051.0,126.85,76,L,0
M-INJ-190,Injection Molding Drive,304.28,334.41,1015.9,122.56,150,M,0
M-INJ-191,Injection Molding Drive,298.85,330.79,1642.8,64.26,192,H,0
M-INJ-192,Injection Molding Drive,306.34,339.57,960.4,58.57,174,H,0
M-INJ-193,Injection Molding Drive,302.34,321.79,1115.3,51.46,41,H,0
M-INJ-194,Injection Molding Drive,303.57,329.0,803.1,101.73,224,M,0
M-INJ-195,Injection Molding Drive,305.49,331.56,544.0,80.01,141,L,0
M-INJ-196,Injection Molding Drive,300.58,339.57,1389.9,79.83,51,H,0
M-INJ-197,Injection Molding Drive,302.39,327.37,1498.0,108.09,74,M,0
M-INJ-198,Injection Molding Drive,298.19,324.96,1493.3,81.96,213,L,0
M-INJ-199,Injection Molding Drive,303.46,318.63,993.6,50.76,162,L,0
M-INJ-200,Injection Molding Drive,303.67,334.65,1539.9,118.08,88,L,0
M-INJ-201,Injection Molding Drive,303.89,322.24,1783.5,126.01,156,L,0
M-INJ-202,Injection Molding Drive,300.35,325.4,739.2,91.61,139,M,0
M-INJ-203,Injection Molding Drive,304.06,317.94,580.2,80.79,120,M,0
M-INJ-204,Injection Molding Drive,300.32,323.47,712.4,82.28,229,M,0
M-INJ-205,Injection Molding Drive,304.16,318.54,960.1,75.69,236,M,0
M-INJ-206,Injection Molding Drive,304.21,330.06,683.3,125.16,106,H,0
M-INJ-207,Injection Molding Drive,300.7,323.39,620.6,99.6,106,M,0
M-INJ-208,Injection Molding Drive,298.06,339.55,721.7,102.75,187,H,0
M-INJ-209,Injection Molding Drive,299.01,318.81,820.9,63.46,178,M,0
M-INJ-210,Injection Molding Drive,302.84,316.18,1619.6,63.65,109,H,0
M-INJ-211,Injection Molding Drive,299.23,331.64,1400.4,104.16,151,L,0
M-INJ-212,Injection Molding Drive,302.56,326.24,821.8,57.91,150,M,0
M-INJ-213,Injection Molding Drive,302.72,320.15,1589.6,129.98,100,L,0
M-INJ-214,Injection Molding Drive,305.86,339.9,945.5,110.48,80,M,0
M-INJ-215,Injection Molding Drive,304.34,333.53,769.3,117.9,122,M,0
M-INJ-216,Injection Molding Drive,302.88,336.58,1757.2,109.86,31,H,0
M-INJ-217,Injection Molding Drive,298.69,317.53,997.9,77.08,55,L,0
M-INJ-218,Injection Molding Drive,303.54,334.91,983.0,82.82,99,M,0
M-INJ-219,Injection Molding Drive,303.49,327.32,1589.3,122.01,133,M,0
M-INJ-220,Injection Molding Drive,306.51,333.38,1332.2,109.63,46,H,0
M-INJ-221,Injection Molding Drive,299.38,318.69,1046.9,62.59,217,M,0
M-INJ-222,Injection Molding Drive,301.31,316.74,1268.3,59.32,193,L,0
M-INJ-223,Injection Molding Drive,302.9,318.74,1522.9,74.63,78,M,0
M-INJ-224,Injection Molding Drive,306.3,322.43,1677.3,54.29,48,M,0
M-INJ-225,Injection Molding Drive,299.72,322.92,677.3,76.58,91,L,0
M-INJ-226,Injection Molding Drive,304.32,338.87,1441.7,105.59,182,L,0
M-INJ-227,Injection Molding Drive,300.67,322.5,1463.6,68.3,230,M,0
M-INJ-228,Injection Molding Drive,300.7,334.4,906.0,127.06,246,M,0
M-INJ-229,Injection Molding Drive,299.02,321.58,1170.0,118.12,70,H,0
M-INJ-230,Injection Molding Drive,298.67,327.67,1650.1,53.39,76,M,0
M-INJ-231,Injection Molding Drive,305.43,335.18,1520.6,60.38,117,L,0
M-INJ-232,Injection Molding Drive,306.9,330.06,1422.0,126.1,128,H,0
M-INJ-233,Injection Molding Drive,304.02,339.0,1406.4,114.27,123,H,0
M-INJ-234,Injection Molding Drive,299.52,339.57,1141.1,50.96,240,M,0
M-INJ-235,Injection Molding Drive,305.53,328.71,632.2,99.25,249,H,0
M-INJ-236,Injection Molding Drive,305.58,320.89,1012.0,79.82,227,M,0
M-INJ-237,Injection Molding Drive,302.02,335.45,563.6,56.92,34,M,0
M-INJ-238,Injection Molding Drive,302.73,336.9,1148.1,67.75,207,M,0
M-INJ-239,Injection Molding Drive,306.42,321.26,718.0,89.47,41,H,0
M-INJ-240,Injection Molding Drive,302.46,320.38,512.2,73.68,135,M,0
M-INJ-241,Injection Molding Drive,299.22,329.49,1423.4,104.04,116,H,0
M-INJ-242,Injection Molding Drive,302.5,337.26,1109.3,65.65,50,L,0
M-INJ-243,Injection Molding Drive,304.69,322.82,884.0,121.62,69,M,0
M-INJ-244,Injection Molding Drive,304.42,324.91,551.9,68.22,228,M,0
M-INJ-245,Injection Molding Drive,305.34,328.89,1726.7,122.73,136,M,0
M-INJ-246,Injection Molding Drive,303.42,331.87,1147.9,115.78,70,M,0
M-INJ-247,Injection Molding Drive,304.18,321.17,1071.8,127.1,167,L,0
M-INJ-248,Injection Molding Drive,304.5,333.12,1269.4,61.38,144,M,0
M-INJ-249,Injection Molding Drive,306.99,321.67,799.9,99.91,142,H,0
M-INJ-250,Injection Molding Drive,299.17,335.28,1128.8,61.68,132,M,0
M-INJ-251,Injection Molding Drive,300.01,338.94,970.6,53.71,243,L,0
M-INJ-252,Injection Molding Drive,300.29,325.22,1621.0,78.59,154,M,0
M-INJ-253,Injection Molding Drive,301.61,330.99,1115.3,51.7,209,H,0
M-INJ-254,Injection Molding Drive,302.18,329.5,1417.2,82.86,191,H,0
M-INJ-255,Injection Molding Drive,303.88,335.66,1656.3,96.37,98,H,0
M-INJ-256,Injection Molding Drive,301.11,328.5,755.2,126.2,227,H,0
M-INJ-257,Injection Molding Drive,303.06,334.73,819.0,91.91,119,H,0
M-INJ-258,Injection Molding Drive,303.53,339.84,974.9,94.19,102,L,0
M-INJ-259,Injection Molding Drive,305.78,319.47,1669.9,62.12,50,M,0
M-INJ-260,Injection Molding Drive,301.47,328.27,1348.3,54.23,94,M,0
M-INJ-261,Injection Molding Drive,300.4,316.22,612.7,114.14,230,H,0
M-INJ-262,Injection Molding Drive,300.24,331.31,1740.6,73.97,218,M,0
M-INJ-263,Injection Molding Drive,306.61,318.41,1765.8,85.28,239,M,0
M-INJ-264,Injection Molding Drive,302.77,335.12,1439.4,99.57,121,L,0
M-INJ-265,Injection Molding Drive,306.53,315.25,1264.2,119.28,173,L,0
M-INJ-266,Injection Molding Drive,306.06,333.77,1432.1,127.18,220,L,0
M-INJ-267,Injection Molding Drive,298.78,320.98,1223.8,106.76,96,H,0
M-INJ-268,Injection Molding Drive,300.8,334.28,1640.6,123.03,113,M,0
M-INJ-269,Injection Molding Drive,301.66,324.4,1366.1,78.67,34,M,0
M-INJ-270,Injection Molding Drive,300.02,315.72,1112.1,66.48,129,M,0
M-INJ-271,Injection Molding Drive,303.43,339.77,1211.4,101.75,232,M,0
M-INJ-272,Injection Molding Drive,299.5,322.07,1023.6,101.6,31,L,0
M-INJ-273,Injection Molding Drive,298.68,337.52,1734.3,129.21,208,H,0
M-INJ-274,Injection Molding Drive,304.36,320.08,1666.3,75.33,101,L,0
M-INJ-275,Injection Molding Drive,298.12,319.85,1048.5,106.06,172,M,0
M-INJ-276,Injection Molding Drive,305.92,318.03,1178.8,108.04,169,M,0
M-INJ-277,Injection Molding Drive,298.15,316.51,654.6,77.46,55,M,0
M-INJ-278,Injection Molding Drive,299.61,334.48,1632.9,81.17,142,L,0
M-INJ-279,Injection Molding Drive,302.82,339.88,684.8,118.98,139,H,0
M-INJ-280,Injection Molding Drive,306.75,339.13,998.3,126.33,61,M,0
M-INJ-281,Injection Molding Drive,299.73,321.17,1513.1,80.19,31,M,0
M-INJ-282,Injection Molding Drive,300.05,332.08,752.8,117.38,88,M,0
M-INJ-283,Injection Molding Drive,300.68,331.1,631.5,88.25,103,L,0
M-INJ-284,Injection Molding Drive,298.66,335.74,718.0,57.09,74,H,0
M-INJ-285,Injection Molding Drive,302.69,339.71,544.6,86.89,114,M,0
M-INJ-286,Injection Molding Drive,300.99,337.38,524.7,111.99,85,M,0
M-INJ-287,Injection Molding Drive,301.78,322.62,621.6,59.15,95,L,0
M-INJ-288,Injection Molding Drive,299.21,333.57,875.5,120.68,124,H,0
M-INJ-289,Injection Molding Drive,306.87,319.42,1237.9,95.54,112,L,0
M-INJ-290,Injection Molding Drive,305.59,335.75,1766.4,86.57,51,L,0
M-INJ-291,Injection Molding Drive,301.43,319.76,1128.2,124.06,67,L,0
M-INJ-292,Injection Molding Drive,301.76,318.42,1602.9,127.57,94,M,0
M-INJ-293,Injection Molding Drive,301.51,335.35,513.5,67.92,185,M,0
M-INJ-294,Injection Molding Drive,300.97,336.81,1692.5,125.84,89,L,0
M-INJ-295,Injection Molding Drive,304.63,318.86,1293.4,52.11,185,L,0
M-INJ-296,Injection Molding Drive,305.1,319.31,1316.7,64.31,238,M,0
M-INJ-297,Injection Molding Drive,298.86,319.68,1362.5,88.13,191,M,0
M-INJ-298,Injection Molding Drive,303.92,319.42,1206.8,126.62,168,H,0
M-INJ-299,Injection Molding Drive,306.9,318.92,1433.5,92.6,94,H,0
M-INJ-300,Injection Molding Drive,299.6,336.46,1634.8,87.21,52,L,0
M-INJ-301,Injection Molding Drive,302.38,325.97,1029.6,79.2,145,M,0
M-INJ-302,Injection Molding Drive,302.2,337.42,913.0,96.26,95,L,0
M-INJ-303,Injection Molding Drive,298.92,319.72,1541.6,64.66,167,L,0
M-INJ-304,Injection Molding Drive,302.71,319.68,916.9,115.88,107,L,0
M-INJ-305,Injection Molding Drive,305.0,327.53,1518.2,75.35,143,M,0
M-INJ-306,Injection Molding Drive,299.51,321.84,1347.6,102.43,138,L,0
M-INJ-307,Injection Molding Drive,302.34,337.03,1456.7,75.18,116,M,0
M-INJ-308,Injection Molding Drive,306.05,319.47,1169.1,59.5,91,M,0
M-INJ-309,Injection Molding Drive,298.7,331.56,1671.1,127.55,77,L,0
M-INJ-310,Injection Molding Drive,306.34,317.28,1038.2,123.55,74,L,0
M-INJ-311,Injection Molding Drive,302.74,317.5,1084.8,76.1,92,M,0
M-INJ-312,Injection Molding Drive,302.35,327.05,614.6,114.19,135,L,0
M-INJ-313,Injection Molding Drive,305.42,322.93,505.7,122.9,197,H,0
M-INJ-314,Injection Molding Drive,304.32,315.5,536.1,92.07,51,L,0
M-INJ-315,Injection Molding Drive,306.04,331.25,582.8,75.99,111,M,0
M-INJ-316,Injection Molding Drive,299.52,329.44,1066.5,125.78,235,M,0
M-INJ-317,Injection Molding Drive,303.8,318.44,790.3,122.06,183,H,0
M-INJ-318,Injection Molding Drive,303.13,338.37,948.7,64.87,237,M,0
M-INJ-319,Injection Molding Drive,301.76,321.69,1659.1,117.65,118,H,0
M-INJ-320,Injection Molding Drive,302.02,319.52,685.6,81.45,51,L,0
M-INJ-321,Injection Molding Drive,298.43,325.03,711.5,105.1,47,M,0
M-INJ-322,Injection Molding Drive,304.96,338.75,1408.1,57.96,49,L,0
M-INJ-323,Injection Molding Drive,299.94,326.18,1769.6,115.59,216,L,0
M-INJ-324,Injection Molding Drive,303.58,333.6,966.6,129.88,91,M,0
M-INJ-325,Injection Molding Drive,300.54,317.8,1237.9,78.27,158,M,0
M-INJ-326,Injection Molding Drive,302.88,318.08,1072.2,114.96,99,M,0
M-INJ-327,Injection Molding Drive,302.44,336.57,1352.3,58.02,220,L,0
M-INJ-328,Injection Molding Drive,304.78,326.65,1484.8,88.3,192,L,0
M-INJ-329,Injection Molding Drive,306.01,326.36,1617.1,58.12,52,M,0
M-INJ-330,Injection Molding Drive,303.87,318.82,1113.8,57.55,162,L,0
M-INJ-331,Injection Molding Drive,304.64,324.46,1791.9,103.03,209,M,0
M-INJ-332,Injection Molding Drive,306.9,335.53,1175.3,79.35,180,M,0
M-INJ-333,Injection Molding Drive,303.66,323.58,1057.3,94.65,214,L,0
M-INJ-334,Injection Molding Drive,299.07,321.14,534.7,50.64,79,L,0
M-INJ-335,Injection Molding Drive,306.14,324.79,1232.2,106.48,239,L,0
M-INJ-336,Injection Molding Drive,298.51,321.2,563.9,99.32,186,M,0
M-INJ-337,Injection Molding Drive,305.68,326.32,1797.9,50.03,54,M,0
M-INJ-338,Injection Molding Drive,298.23,334.56,568.6,109.92,41,M,0
M-INJ-339,Injection Molding Drive,305.57,338.78,1038.9,127.6,167,M,0
M-INJ-340,Injection Molding Drive,305.23,322.38,845.5,102.52,115,H,0
M-INJ-341,Injection Molding Drive,298.6,334.7,1378.7,82.94,227,M,0
M-INJ-342,Injection Molding Drive,304.39,337.73,1592.9,90.89,179,M,0
M-INJ-343,Injection Molding Drive,303.82,321.44,1065.2,66.76,38,M,0
M-INJ-344,Injection Molding Drive,305.78,315.64,754.8,86.81,176,H,0
M-INJ-345,Injection Molding Drive,298.51,327.98,1564.3,52.82,106,M,0
M-INJ-346,Injection Molding Drive,299.18,320.9,1196.1,126.26,93,M,0
M-INJ-347,Injection Molding Drive,301.6,337.43,593.5,95.29,216,L,0
M-INJ-348,Injection Molding Drive,304.29,324.5,1035.4,78.13,162,L,0
M-INJ-349,Injection Molding Drive,305.38,325.41,1431.7,123.3,232,L,0
M-INJ-350,Injection Molding Drive,303.73,328.29,738.2,59.89,136,H,0
M-INJ-351,Injection Molding Drive,303.19,331.14,1183.3,52.91,42,H,0
M-INJ-352,Injection Molding Drive,299.38,339.75,947.8,73.36,41,M,0
M-INJ-353,Injection Molding Drive,303.87,319.39,1695.0,114.04,80,M,0
M-INJ-354,Injection Molding Drive,302.13,323.71,1562.9,58.74,121,M,0
M-INJ-355,Injection Molding Drive,302.22,336.53,783.6,58.23,165,H,0
M-INJ-356,Injection Molding Drive,298.67,325.67,785.5,78.9,87,H,0
M-INJ-357,Injection Molding Drive,303.04,315.68,1756.3,77.31,182,L,0
M-INJ-358,Injection Molding Drive,300.51,333.72,1582.1,69.31,248,H,0
M-INJ-359,Injection Molding Drive,299.95,334.5,752.4,105.86,218,L,0
M-INJ-360,Injection Molding Drive,302.27,339.28,1035.1,67.45,143,M,0
M-INJ-361,Injection Molding Drive,302.12,329.17,1041.3,91.98,239,M,0
M-INJ-362,Injection Molding Drive,300.28,333.97,938.9,115.3,42,M,0
M-INJ-363,Injection Molding Drive,298.85,317.13,1355.9,80.83,221,M,0
M-INJ-364,Injection Molding Drive,300.66,333.02,1311.2,113.97,171,H,0
M-INJ-365,Injection Molding Drive,304.03,324.79,1102.1,123.73,109,M,0
M-INJ-366,Injection Molding Drive,301.27,317.37,1089.6,97.76,119,M,0
M-INJ-367,Injection Molding Drive,305.38,315.74,884.3,114.94,232,M,0
M-INJ-368,Injection Molding Drive,306.0,319.97,787.9,117.7,228,M,0
M-INJ-369,Injection Molding Drive,298.53,317.26,839.8,110.92,142,M,0
M-INJ-370,Injection Molding Drive,303.26,337.26,617.6,105.58,233,M,0
M-INJ-371,Injection Molding Drive,305.54,332.45,518.8,68.53,163,M,0
M-INJ-372,Injection Molding Drive,302.75,320.8,1377.5,71.31,115,M,0
M-INJ-373,Injection Molding Drive,304.05,317.26,767.2,66.04,53,M,0
M-INJ-374,Injection Molding Drive,303.46,333.3,1358.4,88.02,41,L,0
M-INJ-375,Injection Molding Drive,299.51,331.71,1686.8,105.82,77,M,0
M-INJ-376,Injection Molding Drive,298.27,330.32,1296.9,108.04,32,L,0
M-INJ-377,Injection Molding Drive,304.65,318.52,951.9,101.08,139,H,0
M-INJ-378,Injection Molding Drive,298.79,334.54,702.8,63.77,212,M,0
M-INJ-379,Injection Molding Drive,303.44,326.98,1239.7,98.14,242,M,0
M-INJ-380,Injection Molding Drive,299.93,316.43,1355.7,93.92,54,M,0
M-INJ-381,Injection Molding Drive,299.61,323.29,1736.6,104.67,31,M,0
M-INJ-382,Injection Molding Drive,298.09,332.87,1110.2,129.52,191,M,0
M-INJ-383,Injection Molding Drive,305.24,332.62,816.9,92.42,152,M,0
M-INJ-384,Injection Molding Drive,299.61,320.58,865.4,50.82,231,M,0
M-INJ-385,Injection Molding Drive,304.21,329.31,1396.1,128.55,114,L,0
M-INJ-386,Injection Molding Drive,301.24,336.36,1615.4,122.18,31,M,0
M-INJ-387,Injection Molding Drive,299.21,326.35,1144.1,70.47,189,M,0
M-INJ-388,Injection Molding Drive,305.69,319.44,977.4,99.78,163,H,0
M-INJ-389,Injection Molding Drive,305.62,329.95,1630.8,119.41,150,L,0
M-INJ-390,Injection Molding Drive,305.64,338.95,1605.6,115.7,133,M,0
M-INJ-391,Injection Molding Drive,306.2,333.06,866.3,77.28,180,M,0
M-INJ-392,Injection Molding Drive,298.73,318.54,1469.3,76.29,141,L,0
M-INJ-393,Injection Molding Drive,304.76,319.18,627.9,97.29,193,H,0
M-INJ-394,Injection Molding Drive,301.35,336.76,1727.5,86.33,47,M,0
M-INJ-395,Injection Molding Drive,300.1,320.97,1142.0,96.66,56,L,0
M-INJ-396,Injection Molding Drive,303.58,329.93,1783.5,100.25,234,M,0
M-INJ-397,Injection Molding Drive,300.16,327.91,1161.2,68.12,183,H,0
M-INJ-398,Injection Molding Drive,304.22,326.43,1395.7,88.17,245,M,0
M-INJ-399,Injection Molding Drive,306.84,316.62,1388.9,86.34,210,L,0
M-INJ-400,Injection Molding Drive,305.2,317.37,1569.1,67.12,35,M,0
M-INJ-F1-001,Injection Molding Drive,312.83,354.65,784.2,59.04,139,L,1
M-INJ-F1-002,Injection Molding Drive,313.81,353.98,1229.5,112.59,195,M,1
M-INJ-F1-003,Injection Molding Drive,312.33,356.18,1760.6,60.33,128,L,1
M-INJ-F1-004,Injection Molding Drive,313.27,350.32,1351.8,71.61,89,L,1
M-INJ-F1-005,Injection Molding Drive,314.09,356.35,1550.1,102.18,172,M,1
M-INJ-F1-006,Injection Molding Drive,314.1,352.68,1309.1,63.49,77,M,1
M-INJ-F1-007,Injection Molding Drive,313.82,357.64,1740.3,68.18,81,H,1
M-INJ-F1-008,Injection Molding Drive,312.19,355.85,1690.5,68.92,75,M,1
M-INJ-F1-009,Injection Molding Drive,311.8,355.46,1340.9,112.88,129,M,1
M-INJ-F1-010,Injection Molding Drive,310.82,345.12,1515.3,117.77,160,H,1
M-INJ-F1-011,Injection Molding Drive,315.1,345.59,637.3,85.24,110,L,1
M-INJ-F1-012,Injection Molding Drive,314.44,346.99,794.0,72.85,51,M,1
M-INJ-F1-013,Injection Molding Drive,314.83,348.14,1586.0,87.56,84,M,1
M-INJ-F1-014,Injection Molding Drive,314.68,351.72,509.5,123.79,41,L,1
M-INJ-F1-015,Injection Molding Drive,309.23,355.02,1195.1,90.46,42,M,1
M-INJ-F1-016,Injection Molding Drive,315.22,356.59,1187.9,78.27,40,M,1
M-INJ-F1-017,Injection Molding Drive,311.23,345.72,1365.6,88.86,32,H,1
M-INJ-F1-018,Injection Molding Drive,314.59,345.83,1625.8,74.91,45,L,1
M-INJ-F1-019,Injection Molding Drive,313.2,348.99,1027.9,51.71,142,M,1
M-INJ-F1-020,Injection Molding Drive,314.71,353.17,1346.6,113.43,137,M,1
M-INJ-F2-001,Injection Molding Drive,303.68,322.71,1373.0,226.81,71,L,1
M-INJ-F2-002,Injection Molding Drive,306.07,333.84,519.6,194.84,138,H,1
M-INJ-F2-003,Injection Molding Drive,304.51,349.8,1302.5,208.71,120,H,1
M-INJ-F2-004,Injection Molding Drive,310.49,347.77,1264.3,170.87,65,H,1
M-INJ-F2-005,Injection Molding Drive,305.23,325.44,1279.3,208.57,33,L,1
M-INJ-F2-006,Injection Molding Drive,301.27,344.57,897.7,191.11,32,L,1
M-INJ-F2-007,Injection Molding Drive,306.34,332.1,608.2,221.58,78,L,1
M-INJ-F2-008,Injection Molding Drive,310.41,341.79,1587.6,171.43,77,M,1
M-INJ-F2-009,Injection Molding Drive,299.86,349.14,567.2,234.89,160,M,1
M-INJ-F2-010,Injection Molding Drive,299.23,319.19,728.5,204.23,107,M,1
M-INJ-F2-011,Injection Molding Drive,308.26,330.7,679.6,230.1,86,M,1
M-INJ-F2-012,Injection Molding Drive,308.17,347.96,1524.8,174.11,115,H,1
M-INJ-F2-013,Injection Molding Drive,310.53,325.67,721.1,237.61,194,M,1
M-INJ-F2-014,Injection Molding Drive,300.45,334.06,1414.6,210.87,52,H,1
M-INJ-F2-015,Injection Molding Drive,309.37,335.34,1290.5,194.02,120,L,1
M-INJ-F2-016,Injection Molding Drive,302.96,339.92,693.2,172.79,163,L,1
M-INJ-F2-017,Injection Molding Drive,307.02,323.9,769.5,239.49,79,L,1
M-INJ-F2-018,Injection Molding Drive,302.43,348.12,1524.2,166.16,160,H,1
M-INJ-F2-019,Injection Molding Drive,301.58,333.26,1145.5,190.03,127,H,1
M-INJ-F2-020,Injection Molding Drive,299.27,336.71,1079.5,220.78,140,L,1
M-INJ-F3-001,Injection Molding Drive,302.14,315.21,2727.6,178.11,118,M,1
M-INJ-F3-002,Injection Molding Drive,300.91,318.72,2758.1,155.75,107,M,1
M-INJ-F3-003,Injection Molding Drive,302.29,329.96,2186.5,194.46,151,M,1
M-INJ-F3-004,Injection Molding Drive,299.72,317.0,2765.0,159.48,69,M,1
M-INJ-F3-005,Injection Molding Drive,303.34,331.79,2740.7,187.89,67,M,1
M-INJ-F3-006,Injection Molding Drive,298.91,328.7,2685.6,154.24,96,L,1
M-INJ-F3-007,Injection Molding Drive,299.34,325.86,2999.5,169.21,153,L,1
M-INJ-F3-008,Injection Molding Drive,299.83,320.46,2842.7,182.17,40,M,1
M-INJ-F3-009,Injection Molding Drive,301.59,335.73,2539.7,191.15,199,L,1
M-INJ-F3-010,Injection Molding Drive,304.0,324.8,2220.3,172.8,91,M,1
M-INJ-F3-011,Injection Molding Drive,304.19,326.59,2836.9,163.71,55,M,1
M-INJ-F3-012,Injection Molding Drive,306.56,335.04,2345.2,163.35,187,H,1
M-INJ-F3-013,Injection Molding Drive,300.29,321.56,2673.8,164.36,43,M,1
M-INJ-F3-014,Injection Molding Drive,298.89,330.16,2616.3,168.67,41,M,1
M-INJ-F3-015,Injection Molding Drive,301.88,325.28,2696.8,174.52,32,H,1
M-INJ-F3-016,Injection Molding Drive,300.13,331.95,2679.1,182.4,155,L,1
M-INJ-F3-017,Injection Molding Drive,301.39,323.63,2907.9,155.36,108,H,1
M-INJ-F3-018,Injection Molding Drive,306.22,325.2,2351.2,178.98,71,L,1
M-INJ-F3-019,Injection Molding Drive,301.31,331.62,2470.7,184.98,182,L,1
M-INJ-F3-020,Injection Molding Drive,305.64,317.55,2991.7,175.46,177,M,1
M-INJ-F4-001,Injection Molding Drive,299.82,330.24,618.2,125.27,295,H,1
M-INJ-F4-002,Injection Molding Drive,306.81,337.53,1661.6,134.67,316,M,1
M-INJ-F4-003,Injection Molding Drive,298.95,337.51,1645.5,130.53,334,M,1
M-INJ-F4-004,Injection Molding Drive,302.03,339.2,1103.4,119.77,292,M,1
M-INJ-F4-005,Injection Molding Drive,304.48,330.62,1168.9,85.31,313,L,1
M-INJ-F4-006,Injection Molding Drive,298.06,318.35,655.7,148.24,314,L,1
M-INJ-F4-007,Injection Molding Drive,303.25,326.54,1530.0,71.26,293,M,1
M-INJ-F4-008,Injection Molding Drive,300.69,324.28,601.5,75.0,290,L,1
M-INJ-F4-009,Injection Molding Drive,299.64,323.67,584.4,111.27,310,L,1
M-INJ-F4-010,Injection Molding Drive,305.37,322.13,678.0,70.76,337,M,1
M-INJ-F4-011,Injection Molding Drive,298.38,318.42,1131.5,75.99,325,M,1
M-INJ-F4-012,Injection Molding Drive,303.51,326.57,832.9,114.53,318,M,1
M-INJ-F4-013,Injection Molding Drive,302.54,335.99,693.3,110.07,291,L,1
M-INJ-F4-014,Injection Molding Drive,298.17,331.76,633.8,61.54,319,M,1
M-INJ-F4-015,Injection Molding Drive,306.05,327.99,1189.0,126.41,289,H,1
M-INJ-F4-016,Injection Molding Drive,300.07,320.95,936.4,150.29,325,L,1
M-INJ-F4-017,Injection Molding Drive,306.99,325.84,795.2,111.56,331,M,1
M-INJ-F4-018,Injection Molding Drive,302.55,318.36,1046.6,94.09,291,L,1
M-INJ-F4-019,Injection Molding Drive,298.53,339.3,510.7,150.5,306,L,1
M-INJ-F4-020,Injection Molding Drive,299.68,331.36,1646.5,69.09,274,M,1
M-INJ-F5-001,Injection Molding Drive,308.81,344.89,2346.3,162.01,293,L,1
M-INJ-F5-002,Injection Molding Drive,311.26,344.95,2289.7,172.53,277,M,1
M-INJ-F5-003,Injection Molding Drive,312.65,349.94,2052.3,177.35,275,L,1
M-INJ-F5-004,Injection Molding Drive,312.89,346.56,2170.1,184.57,283,M,1
M-INJ-F5-005,Injection Molding Drive,311.3,346.67,2333.0,171.95,295,M,1
M-INJ-F5-006,Injection Molding Drive,310.54,349.64,2228.9,156.29,269,M,1
M-INJ-F5-007,Injection Molding Drive,308.32,349.69,2178.4,154.97,300,M,1
M-INJ-F5-008,Injection Molding Drive,310.26,345.98,2061.9,176.31,304,H,1
M-INJ-F5-009,Injection Molding Drive,310.84,351.69,2324.0,175.24,295,L,1
M-INJ-F5-010,Injection Molding Drive,310.95,350.97,2257.9,198.06,307,M,1
M-INJ-F5-011,Injection Molding Drive,311.03,348.88,2402.0,197.64,261,L,1
M-INJ-F5-012,Injection Molding Drive,311.92,349.6,2365.4,151.92,282,L,1
M-INJ-F5-013,Injection Molding Drive,312.67,345.84,2292.8,196.55,297,M,1
M-INJ-F5-014,Injection Molding Drive,308.09,349.79,2397.6,191.79,298,M,1
M-INJ-F5-015,Injection Molding Drive,312.97,350.17,2292.5,204.15,305,L,1
M-INJ-F5-016,Injection Molding Drive,310.82,348.22,2157.5,164.18,285,M,1
M-INJ-F5-017,Injection Molding Drive,309.22,351.38,2280.9,180.3,281,H,1
M-INJ-F5-018,Injection Molding Drive,312.41,346.54,2326.9,185.03,289,M,1
M-INJ-F5-019,Injection Molding Drive,308.91,346.24,2263.1,195.68,281,M,1
M-INJ-F5-020,Injection Molding Drive,308.44,349.3,2208.6,156.83,293,M,1
M-EXT-001,Plastic Extruder Drive,303.09,329.19,1424.9,80.55,134,L,0
M-EXT-002,Plastic Extruder Drive,301.19,339.34,748.4,69.96,186,L,0
M-EXT-003,Plastic Extruder Drive,302.53,338.79,1069.8,97.36,183,M,0
M-EXT-004,Plastic Extruder Drive,301.78,333.27,1350.4,91.35,188,M,0
M-EXT-005,Plastic Extruder Drive,300.53,339.45,1238.5,101.59,113,L,0
M-EXT-006,Plastic Extruder Drive,299.36,341.62,1159.2,122.12,263,L,0
M-EXT-007,Plastic Extruder Drive,301.02,330.6,830.2,62.77,258,H,0
M-EXT-008,Plastic Extruder Drive,305.0,341.9,1328.1,109.8,211,M,0
M-EXT-009,Plastic Extruder Drive,305.46,330.3,1393.1,74.7,108,M,0
M-EXT-010,Plastic Extruder Drive,305.76,342.46,631.8,72.98,105,M,0
M-EXT-011,Plastic Extruder Drive,303.39,332.87,1129.4,98.48,266,M,0
M-EXT-012,Plastic Extruder Drive,304.27,338.34,709.7,97.05,121,H,0
M-EXT-013,Plastic Extruder Drive,302.77,331.6,596.1,100.49,135,H,0
M-EXT-014,Plastic Extruder Drive,299.31,339.43,1177.2,144.71,51,H,0
M-EXT-015,Plastic Extruder Drive,298.52,335.97,1085.0,96.32,229,M,0
M-EXT-016,Plastic Extruder Drive,307.86,324.14,464.1,84.73,34,L,0
M-EXT-017,Plastic Extruder Drive,301.04,336.57,749.9,82.12,68,M,0
M-EXT-018,Plastic Extruder Drive,304.15,349.15,1013.9,107.94,38,L,0
M-EXT-019,Plastic Extruder Drive,298.45,347.19,992.5,75.16,142,L,0
M-EXT-020,Plastic Extruder Drive,301.05,328.08,529.8,113.74,52,L,0
M-EXT-021,Plastic Extruder Drive,307.19,347.96,518.7,110.24,54,M,0
M-EXT-022,Plastic Extruder Drive,306.15,336.13,1359.3,132.15,99,M,0
M-EXT-023,Plastic Extruder Drive,298.07,331.88,661.8,144.34,131,M,0
M-EXT-024,Plastic Extruder Drive,305.32,343.2,1209.4,86.02,201,M,0
M-EXT-025,Plastic Extruder Drive,303.97,320.02,684.1,143.76,102,M,0
M-EXT-026,Plastic Extruder Drive,299.87,324.16,629.5,109.83,259,M,0
M-EXT-027,Plastic Extruder Drive,301.23,336.92,792.4,141.94,124,M,0
M-EXT-028,Plastic Extruder Drive,303.33,343.46,1020.3,81.52,60,L,0
M-EXT-029,Plastic Extruder Drive,306.02,320.69,1303.7,113.15,159,H,0
M-EXT-030,Plastic Extruder Drive,305.81,325.94,1200.8,61.43,229,H,0
M-EXT-031,Plastic Extruder Drive,300.36,328.05,573.3,103.3,100,L,0
M-EXT-032,Plastic Extruder Drive,303.8,336.99,643.0,96.78,60,L,0
M-EXT-033,Plastic Extruder Drive,301.31,342.56,808.9,148.99,72,H,0
M-EXT-034,Plastic Extruder Drive,303.95,348.59,1111.8,67.72,165,L,0
M-EXT-035,Plastic Extruder Drive,298.07,325.01,1296.0,140.45,206,L,0
M-EXT-036,Plastic Extruder Drive,298.9,336.37,1153.5,123.24,228,L,0
M-EXT-037,Plastic Extruder Drive,301.62,321.29,798.7,120.45,83,L,0
M-EXT-038,Plastic Extruder Drive,300.2,320.3,958.9,125.38,117,L,0
M-EXT-039,Plastic Extruder Drive,302.38,325.15,499.6,123.95,126,L,0
M-EXT-040,Plastic Extruder Drive,303.4,330.45,783.9,71.83,178,M,0
M-EXT-041,Plastic Extruder Drive,306.0,326.04,719.9,68.75,103,M,0
M-EXT-042,Plastic Extruder Drive,307.64,339.59,1261.2,89.3,66,M,0
M-EXT-043,Plastic Extruder Drive,300.56,337.49,775.6,137.17,277,M,0
M-EXT-044,Plastic Extruder Drive,305.05,339.72,613.9,142.62,79,L,0
M-EXT-045,Plastic Extruder Drive,301.48,331.01,901.0,137.81,65,H,0
M-EXT-046,Plastic Extruder Drive,302.02,321.67,1156.4,128.43,243,L,0
M-EXT-047,Plastic Extruder Drive,307.16,342.45,1429.7,77.38,154,L,0
M-EXT-048,Plastic Extruder Drive,304.82,346.36,433.4,138.46,204,H,0
M-EXT-049,Plastic Extruder Drive,298.26,327.8,1407.4,120.13,259,M,0
M-EXT-050,Plastic Extruder Drive,307.37,333.89,624.7,73.63,278,M,0
M-EXT-051,Plastic Extruder Drive,299.6,320.25,714.1,140.02,163,M,0
M-EXT-052,Plastic Extruder Drive,307.22,335.39,1322.1,89.14,274,H,0
M-EXT-053,Plastic Extruder Drive,305.25,339.82,610.8,95.0,108,H,0
M-EXT-054,Plastic Extruder Drive,303.85,349.81,1015.5,109.07,40,H,0
M-EXT-055,Plastic Extruder Drive,303.13,349.56,1364.3,90.62,165,M,0
M-EXT-056,Plastic Extruder Drive,304.85,340.63,1268.8,62.25,265,H,0
M-EXT-057,Plastic Extruder Drive,302.76,347.59,936.4,65.73,87,M,0
M-EXT-058,Plastic Extruder Drive,298.88,332.71,762.0,133.37,57,M,0
M-EXT-059,Plastic Extruder Drive,302.07,337.63,626.1,114.87,198,H,0
M-EXT-060,Plastic Extruder Drive,306.24,345.84,469.9,114.29,178,H,0
M-EXT-061,Plastic Extruder Drive,301.42,349.07,1011.0,143.99,198,H,0
M-EXT-062,Plastic Extruder Drive,298.78,341.67,1010.0,71.44,183,L,0
M-EXT-063,Plastic Extruder Drive,305.53,327.38,684.0,147.11,251,M,0
M-EXT-064,Plastic Extruder Drive,306.24,324.85,616.5,76.31,51,L,0
M-EXT-065,Plastic Extruder Drive,303.79,327.77,1333.5,132.24,55,M,0
M-EXT-066,Plastic Extruder Drive,305.22,341.47,1195.5,75.25,108,L,0
M-EXT-067,Plastic Extruder Drive,306.98,328.38,425.3,137.38,124,M,0
M-EXT-068,Plastic Extruder Drive,301.47,332.47,816.1,110.98,49,L,0
M-EXT-069,Plastic Extruder Drive,307.36,348.03,1367.2,119.43,85,H,0
M-EXT-070,Plastic Extruder Drive,298.99,329.72,954.3,149.39,138,M,0
M-EXT-071,Plastic Extruder Drive,304.95,325.42,1426.1,107.61,99,L,0
M-EXT-072,Plastic Extruder Drive,304.25,334.51,1038.2,127.35,68,L,0
M-EXT-073,Plastic Extruder Drive,307.6,337.01,1150.5,137.39,123,L,0
M-EXT-074,Plastic Extruder Drive,304.81,332.72,1145.1,106.95,57,L,0
M-EXT-075,Plastic Extruder Drive,303.64,343.88,570.4,108.45,221,L,0
M-EXT-076,Plastic Extruder Drive,306.84,345.93,672.2,135.42,72,H,0
M-EXT-077,Plastic Extruder Drive,299.1,345.73,519.1,72.43,91,M,0
M-EXT-078,Plastic Extruder Drive,306.8,332.55,1000.9,74.98,96,H,0
M-EXT-079,Plastic Extruder Drive,302.1,337.71,712.4,136.14,275,H,0
M-EXT-080,Plastic Extruder Drive,298.18,343.69,609.7,91.78,128,L,0
M-EXT-081,Plastic Extruder Drive,304.59,321.22,416.3,77.96,109,M,0
M-EXT-082,Plastic Extruder Drive,306.38,329.44,814.2,89.64,32,L,0
M-EXT-083,Plastic Extruder Drive,299.39,328.63,542.2,104.15,263,H,0
M-EXT-084,Plastic Extruder Drive,302.41,320.67,1248.0,117.71,204,M,0
M-EXT-085,Plastic Extruder Drive,307.08,332.29,965.5,122.58,160,H,0
M-EXT-086,Plastic Extruder Drive,301.17,322.77,875.9,114.85,59,M,0
M-EXT-087,Plastic Extruder Drive,306.93,330.13,644.2,140.37,202,H,0
M-EXT-088,Plastic Extruder Drive,302.08,340.22,1031.8,115.67,171,L,0
M-EXT-089,Plastic Extruder Drive,301.2,341.25,1490.2,95.1,227,M,0
M-EXT-090,Plastic Extruder Drive,300.82,348.05,428.5,79.57,150,M,0
M-EXT-091,Plastic Extruder Drive,304.29,325.78,477.6,93.24,161,M,0
M-EXT-092,Plastic Extruder Drive,304.01,336.46,670.3,128.81,51,H,0
M-EXT-093,Plastic Extruder Drive,305.39,328.39,942.8,89.45,156,M,0
M-EXT-094,Plastic Extruder Drive,307.94,330.72,1089.8,139.95,189,M,0
M-EXT-095,Plastic Extruder Drive,303.69,334.89,1288.3,64.54,251,M,0
M-EXT-096,Plastic Extruder Drive,306.49,320.31,1356.2,70.81,210,M,0
M-EXT-097,Plastic Extruder Drive,304.81,338.85,579.7,106.32,99,M,0
M-EXT-098,Plastic Extruder Drive,305.38,322.44,967.3,115.59,103,L,0
M-EXT-099,Plastic Extruder Drive,303.2,325.48,518.6,108.75,123,H,0
M-EXT-100,Plastic Extruder Drive,298.31,337.0,1058.5,72.76,180,L,0
M-EXT-101,Plastic Extruder Drive,307.78,346.65,1287.8,78.84,69,M,0
M-EXT-102,Plastic Extruder Drive,304.2,345.52,655.2,103.17,191,M,0
M-EXT-103,Plastic Extruder Drive,302.54,326.75,1485.3,102.77,163,M,0
M-EXT-104,Plastic Extruder Drive,303.14,327.66,622.6,84.82,30,M,0
M-EXT-105,Plastic Extruder Drive,301.87,346.96,444.8,63.89,251,H,0
M-EXT-106,Plastic Extruder Drive,298.02,325.37,1306.3,132.24,115,M,0
M-EXT-107,Plastic Extruder Drive,303.07,347.14,462.1,133.19,72,M,0
M-EXT-108,Plastic Extruder Drive,299.92,341.08,1146.2,109.31,204,M,0
M-EXT-109,Plastic Extruder Drive,305.76,327.18,871.8,73.65,137,L,0
M-EXT-110,Plastic Extruder Drive,304.91,341.28,739.6,119.6,121,L,0
M-EXT-111,Plastic Extruder Drive,301.43,338.09,1225.2,141.58,139,M,0
M-EXT-112,Plastic Extruder Drive,302.3,329.71,1119.3,143.94,61,M,0
M-EXT-113,Plastic Extruder Drive,306.98,323.0,943.3,137.87,255,M,0
M-EXT-114,Plastic Extruder Drive,298.25,323.17,1045.4,71.15,67,L,0
M-EXT-115,Plastic Extruder Drive,305.51,345.28,516.3,77.83,238,L,0
M-EXT-116,Plastic Extruder Drive,306.06,349.69,1350.9,106.84,107,M,0
M-EXT-117,Plastic Extruder Drive,304.39,330.06,1248.0,68.35,224,H,0
M-EXT-118,Plastic Extruder Drive,302.98,345.84,495.1,106.6,69,L,0
M-EXT-119,Plastic Extruder Drive,306.32,348.02,1362.5,126.29,76,M,0
M-EXT-120,Plastic Extruder Drive,302.97,337.67,1260.4,80.43,62,M,0
M-EXT-121,Plastic Extruder Drive,299.58,340.81,1033.2,126.7,45,L,0
M-EXT-122,Plastic Extruder Drive,298.0,329.76,1147.6,64.06,50,H,0
M-EXT-123,Plastic Extruder Drive,303.82,346.88,1011.0,114.32,116,H,0
M-EXT-124,Plastic Extruder Drive,298.22,346.65,512.8,149.98,71,M,0
M-EXT-125,Plastic Extruder Drive,307.49,330.87,1207.9,91.58,106,M,0
M-EXT-126,Plastic Extruder Drive,306.21,327.72,711.5,149.91,111,M,0
M-EXT-127,Plastic Extruder Drive,307.9,331.08,802.8,134.49,107,M,0
M-EXT-128,Plastic Extruder Drive,302.23,341.02,447.6,93.65,116,M,0
M-EXT-129,Plastic Extruder Drive,304.54,328.7,1067.4,105.39,84,M,0
M-EXT-130,Plastic Extruder Drive,299.71,321.7,1081.1,120.55,71,M,0
M-EXT-131,Plastic Extruder Drive,307.82,322.23,939.4,125.97,41,L,0
M-EXT-132,Plastic Extruder Drive,307.8,322.65,1304.5,94.07,66,M,0
M-EXT-133,Plastic Extruder Drive,298.72,335.66,421.3,125.58,151,M,0
M-EXT-134,Plastic Extruder Drive,299.96,330.84,600.1,126.19,79,M,0
M-EXT-135,Plastic Extruder Drive,300.8,339.71,994.5,98.11,198,M,0
M-EXT-136,Plastic Extruder Drive,306.21,341.89,994.7,138.94,237,M,0
M-EXT-137,Plastic Extruder Drive,298.68,336.98,790.8,108.61,191,M,0
M-EXT-138,Plastic Extruder Drive,304.74,340.38,520.2,77.25,187,M,0
M-EXT-139,Plastic Extruder Drive,305.63,323.75,610.7,110.26,155,M,0
M-EXT-140,Plastic Extruder Drive,302.08,321.05,440.7,68.54,174,L,0
M-EXT-141,Plastic Extruder Drive,300.6,321.02,1179.5,136.98,64,M,0
M-EXT-142,Plastic Extruder Drive,299.59,323.19,1113.0,147.08,199,L,0
M-EXT-143,Plastic Extruder Drive,302.34,346.94,625.6,70.61,205,M,0
M-EXT-144,Plastic Extruder Drive,301.18,340.14,766.8,111.53,104,L,0
M-EXT-145,Plastic Extruder Drive,301.12,336.05,425.5,131.26,185,H,0
M-EXT-146,Plastic Extruder Drive,300.15,327.87,1034.2,109.35,98,M,0
M-EXT-147,Plastic Extruder Drive,306.89,321.31,858.9,113.42,176,H,0
M-EXT-148,Plastic Extruder Drive,300.11,321.85,1025.9,118.09,69,M,0
M-EXT-149,Plastic Extruder Drive,301.3,344.59,614.1,109.35,225,L,0
M-EXT-150,Plastic Extruder Drive,304.67,328.99,1305.4,126.79,206,H,0
M-EXT-151,Plastic Extruder Drive,298.43,340.86,1439.3,129.64,237,M,0
M-EXT-152,Plastic Extruder Drive,301.05,340.33,1183.2,120.78,266,M,0
M-EXT-153,Plastic Extruder Drive,298.4,347.25,576.5,122.76,248,M,0
M-EXT-154,Plastic Extruder Drive,306.3,329.96,1273.7,66.28,193,M,0
M-EXT-155,Plastic Extruder Drive,302.91,340.61,1415.5,126.05,270,M,0
M-EXT-156,Plastic Extruder Drive,303.28,327.91,1484.2,64.96,119,M,0
M-EXT-157,Plastic Extruder Drive,301.87,347.53,804.8,142.53,135,L,0
M-EXT-158,Plastic Extruder Drive,303.22,329.34,894.3,98.19,94,M,0
M-EXT-159,Plastic Extruder Drive,299.86,330.08,1086.8,94.79,208,L,0
M-EXT-160,Plastic Extruder Drive,301.77,333.88,580.5,95.3,211,M,0
M-EXT-161,Plastic Extruder Drive,299.82,331.29,1300.5,116.13,269,L,0
M-EXT-162,Plastic Extruder Drive,299.51,321.28,839.0,106.99,158,H,0
M-EXT-163,Plastic Extruder Drive,299.25,321.41,1335.9,145.3,58,M,0
M-EXT-164,Plastic Extruder Drive,298.9,346.33,1454.6,83.56,105,M,0
M-EXT-165,Plastic Extruder Drive,303.02,340.47,954.8,145.59,54,L,0
M-EXT-166,Plastic Extruder Drive,301.34,331.33,1179.7,143.64,209,L,0
M-EXT-167,Plastic Extruder Drive,305.51,329.63,1232.6,130.61,163,M,0
M-EXT-168,Plastic Extruder Drive,305.6,344.51,770.9,132.14,233,M,0
M-EXT-169,Plastic Extruder Drive,305.17,325.6,502.4,111.71,257,H,0
M-EXT-170,Plastic Extruder Drive,306.27,335.19,1347.0,135.91,248,L,0
M-EXT-171,Plastic Extruder Drive,306.43,325.28,734.2,81.82,215,H,0
M-EXT-172,Plastic Extruder Drive,299.82,346.37,1176.5,138.78,64,M,0
M-EXT-173,Plastic Extruder Drive,300.83,320.29,713.0,94.16,53,M,0
M-EXT-174,Plastic Extruder Drive,301.83,321.39,1174.4,125.64,238,M,0
M-EXT-175,Plastic Extruder Drive,307.69,347.42,1006.5,100.05,30,L,0
M-EXT-176,Plastic Extruder Drive,303.65,348.13,1053.7,149.36,243,L,0
M-EXT-177,Plastic Extruder Drive,301.28,324.48,1276.6,130.76,82,L,0
M-EXT-178,Plastic Extruder Drive,303.82,323.29,952.0,143.8,156,L,0
M-EXT-179,Plastic Extruder Drive,298.29,341.84,1441.5,104.96,114,M,0
M-EXT-180,Plastic Extruder Drive,307.16,325.3,844.1,74.07,154,M,0
M-EXT-181,Plastic Extruder Drive,307.44,332.38,1023.7,139.67,110,M,0
M-EXT-182,Plastic Extruder Drive,305.57,329.92,580.8,105.26,119,M,0
M-EXT-183,Plastic Extruder Drive,307.73,335.06,1342.1,77.58,264,L,0
M-EXT-184,Plastic Extruder Drive,306.09,331.69,934.2,113.4,227,L,0
M-EXT-185,Plastic Extruder Drive,298.78,347.12,1431.2,113.36,76,L,0
M-EXT-186,Plastic Extruder Drive,303.49,344.52,1296.3,67.81,181,M,0
M-EXT-187,Plastic Extruder Drive,307.46,328.9,626.6,140.74,67,M,0
M-EXT-188,Plastic Extruder Drive,301.0,337.04,1077.8,97.56,273,H,0
M-EXT-189,Plastic Extruder Drive,301.91,332.91,1094.2,96.65,54,L,0
M-EXT-190,Plastic Extruder Drive,302.16,330.28,891.4,79.49,55,H,0
M-EXT-191,Plastic Extruder Drive,299.67,325.93,862.0,116.15,187,H,0
M-EXT-192,Plastic Extruder Drive,307.21,344.69,1460.3,92.4,196,H,0
M-EXT-193,Plastic Extruder Drive,306.17,324.84,758.6,104.18,178,M,0
M-EXT-194,Plastic Extruder Drive,299.02,332.65,1415.2,138.51,177,M,0
M-EXT-195,Plastic Extruder Drive,299.12,326.01,677.9,103.94,212,M,0
M-EXT-196,Plastic Extruder Drive,299.26,333.18,578.9,127.6,71,M,0
M-EXT-197,Plastic Extruder Drive,304.93,326.85,483.6,110.7,43,M,0
M-EXT-198,Plastic Extruder Drive,305.53,329.88,937.2,143.59,147,L,0
M-EXT-199,Plastic Extruder Drive,299.57,341.27,1117.9,138.51,53,M,0
M-EXT-200,Plastic Extruder Drive,299.32,347.99,869.3,141.91,103,H,0
M-EXT-201,Plastic Extruder Drive,300.97,337.92,1329.8,94.69,258,M,0
M-EXT-202,Plastic Extruder Drive,304.94,342.07,701.4,62.43,121,H,0
M-EXT-203,Plastic Extruder Drive,307.01,348.61,1208.9,125.4,90,H,0
M-EXT-204,Plastic Extruder Drive,306.02,336.77,1149.8,130.17,132,H,0
M-EXT-205,Plastic Extruder Drive,305.95,333.61,1309.6,99.39,84,H,0
M-EXT-206,Plastic Extruder Drive,305.44,337.25,845.1,104.29,167,M,0
M-EXT-207,Plastic Extruder Drive,301.78,328.77,827.3,105.05,73,M,0
M-EXT-208,Plastic Extruder Drive,301.85,328.58,1498.3,66.63,190,H,0
M-EXT-209,Plastic Extruder Drive,306.4,347.43,841.6,134.11,92,H,0
M-EXT-210,Plastic Extruder Drive,301.16,330.25,837.1,93.57,132,L,0
M-EXT-211,Plastic Extruder Drive,300.46,320.56,938.6,100.35,45,H,0
M-EXT-212,Plastic Extruder Drive,303.1,327.04,1365.4,75.6,35,M,0
M-EXT-213,Plastic Extruder Drive,307.86,339.02,789.4,61.52,151,M,0
M-EXT-214,Plastic Extruder Drive,304.48,337.49,691.7,66.2,218,M,0
M-EXT-215,Plastic Extruder Drive,306.42,327.79,1118.1,70.68,102,M,0
M-EXT-216,Plastic Extruder Drive,306.26,329.63,1278.7,121.0,117,L,0
M-EXT-217,Plastic Extruder Drive,303.09,339.45,945.2,100.74,241,M,0
M-EXT-218,Plastic Extruder Drive,298.37,346.39,1307.5,92.99,76,M,0
M-EXT-219,Plastic Extruder Drive,298.79,332.71,494.4,113.81,36,M,0
M-EXT-220,Plastic Extruder Drive,304.73,334.61,592.5,69.13,108,M,0
M-EXT-221,Plastic Extruder Drive,304.42,320.04,1182.2,124.14,141,M,0
M-EXT-222,Plastic Extruder Drive,306.42,343.54,1481.6,93.47,256,H,0
M-EXT-223,Plastic Extruder Drive,302.11,333.96,885.0,116.26,72,L,0
M-EXT-224,Plastic Extruder Drive,303.52,347.13,402.9,116.7,133,M,0
M-EXT-225,Plastic Extruder Drive,305.44,326.81,625.4,123.27,160,M,0
M-EXT-226,Plastic Extruder Drive,302.84,333.79,1160.6,60.24,176,M,0
M-EXT-227,Plastic Extruder Drive,305.46,346.68,884.2,90.83,55,M,0
M-EXT-228,Plastic Extruder Drive,298.68,344.08,1287.7,97.55,94,H,0
M-EXT-229,Plastic Extruder Drive,306.51,346.32,692.9,115.96,94,M,0
M-EXT-230,Plastic Extruder Drive,298.21,337.31,564.9,61.11,56,M,0
M-EXT-231,Plastic Extruder Drive,304.69,326.08,1376.3,85.96,112,M,0
M-EXT-232,Plastic Extruder Drive,300.54,322.22,724.2,137.37,202,L,0
M-EXT-233,Plastic Extruder Drive,299.05,333.67,652.2,124.91,272,L,0
M-EXT-234,Plastic Extruder Drive,298.35,329.5,431.4,63.62,49,M,0
M-EXT-235,Plastic Extruder Drive,301.04,332.01,845.4,129.43,65,H,0
M-EXT-236,Plastic Extruder Drive,304.27,337.15,569.4,136.7,112,M,0
M-EXT-237,Plastic Extruder Drive,302.2,329.68,1013.2,94.98,94,L,0
M-EXT-238,Plastic Extruder Drive,301.08,340.95,781.9,99.17,88,L,0
M-EXT-239,Plastic Extruder Drive,305.37,320.67,466.2,143.01,252,M,0
M-EXT-240,Plastic Extruder Drive,302.93,344.37,552.3,118.83,148,L,0
M-EXT-241,Plastic Extruder Drive,298.3,337.78,1012.4,135.68,199,L,0
M-EXT-242,Plastic Extruder Drive,306.87,332.24,551.2,116.73,248,H,0
M-EXT-243,Plastic Extruder Drive,303.58,323.45,429.7,121.17,200,M,0
M-EXT-244,Plastic Extruder Drive,306.59,322.43,515.8,137.81,155,M,0
M-EXT-245,Plastic Extruder Drive,305.38,346.83,1158.6,131.27,100,M,0
M-EXT-246,Plastic Extruder Drive,306.64,338.45,657.6,107.17,201,M,0
M-EXT-247,Plastic Extruder Drive,304.55,321.26,734.1,120.66,67,M,0
M-EXT-248,Plastic Extruder Drive,306.79,340.23,948.8,78.98,115,M,0
M-EXT-249,Plastic Extruder Drive,299.55,334.45,849.9,102.9,56,H,0
M-EXT-250,Plastic Extruder Drive,307.64,349.38,868.8,131.01,193,H,0
M-EXT-251,Plastic Extruder Drive,300.97,329.41,1055.4,112.2,260,L,0
M-EXT-252,Plastic Extruder Drive,306.57,346.74,1281.4,89.96,83,M,0
M-EXT-253,Plastic Extruder Drive,304.9,331.6,1333.2,146.45,172,M,0
M-EXT-254,Plastic Extruder Drive,306.43,320.73,541.9,136.11,213,M,0
M-EXT-255,Plastic Extruder Drive,306.89,330.54,1097.2,117.09,76,M,0
M-EXT-256,Plastic Extruder Drive,307.16,325.5,590.9,103.17,53,L,0
M-EXT-257,Plastic Extruder Drive,299.0,338.5,773.8,132.38,177,M,0
M-EXT-258,Plastic Extruder Drive,307.84,321.99,1035.6,149.06,202,L,0
M-EXT-259,Plastic Extruder Drive,298.32,320.64,439.7,149.26,274,M,0
M-EXT-260,Plastic Extruder Drive,300.91,324.38,762.1,93.31,217,L,0
M-EXT-261,Plastic Extruder Drive,305.47,339.39,1242.5,126.46,148,M,0
M-EXT-262,Plastic Extruder Drive,300.83,340.38,1455.2,112.29,258,H,0
M-EXT-263,Plastic Extruder Drive,305.94,345.61,1094.1,144.07,177,M,0
M-EXT-264,Plastic Extruder Drive,300.16,336.68,1397.1,66.51,181,L,0
M-EXT-265,Plastic Extruder Drive,299.15,323.5,802.7,84.65,79,H,0
M-EXT-266,Plastic Extruder Drive,299.31,338.33,1156.9,123.26,163,L,0
M-EXT-267,Plastic Extruder Drive,306.81,348.73,827.7,139.0,220,M,0
M-EXT-268,Plastic Extruder Drive,299.07,340.48,550.1,86.44,155,M,0
M-EXT-269,Plastic Extruder Drive,307.26,337.8,1138.6,87.9,201,M,0
M-EXT-270,Plastic Extruder Drive,306.57,331.77,915.1,98.93,232,L,0
M-EXT-271,Plastic Extruder Drive,301.27,334.25,1176.5,140.58,153,H,0
M-EXT-272,Plastic Extruder Drive,301.69,336.51,859.3,76.79,39,M,0
M-EXT-273,Plastic Extruder Drive,307.93,347.58,1151.6,135.74,93,M,0
M-EXT-274,Plastic Extruder Drive,298.61,341.22,1466.9,137.47,163,L,0
M-EXT-275,Plastic Extruder Drive,307.44,326.48,1272.6,84.29,249,H,0
M-EXT-276,Plastic Extruder Drive,299.78,341.62,592.3,74.22,168,L,0
M-EXT-277,Plastic Extruder Drive,300.68,345.23,1288.7,112.12,191,H,0
M-EXT-278,Plastic Extruder Drive,301.67,327.9,565.0,95.07,118,L,0
M-EXT-279,Plastic Extruder Drive,303.98,347.39,559.9,65.38,163,H,0
M-EXT-280,Plastic Extruder Drive,305.88,335.18,936.9,92.62,123,M,0
M-EXT-281,Plastic Extruder Drive,298.16,322.51,955.6,73.51,224,M,0
M-EXT-282,Plastic Extruder Drive,298.98,327.06,792.8,63.18,65,M,0
M-EXT-283,Plastic Extruder Drive,301.1,344.01,1327.6,77.41,60,M,0
M-EXT-284,Plastic Extruder Drive,306.05,348.91,407.5,97.23,213,L,0
M-EXT-285,Plastic Extruder Drive,298.62,340.42,717.8,66.71,152,H,0
M-EXT-286,Plastic Extruder Drive,305.37,342.24,1326.3,93.98,33,M,0
M-EXT-287,Plastic Extruder Drive,302.68,340.82,820.2,108.24,161,H,0
M-EXT-288,Plastic Extruder Drive,304.23,333.18,1288.7,122.16,57,M,0
M-EXT-289,Plastic Extruder Drive,305.02,322.61,1271.7,79.98,155,L,0
M-EXT-290,Plastic Extruder Drive,303.71,332.72,407.5,72.01,174,M,0
M-EXT-291,Plastic Extruder Drive,301.64,347.7,765.7,108.34,172,M,0
M-EXT-292,Plastic Extruder Drive,302.78,330.11,1399.6,100.57,162,M,0
M-EXT-293,Plastic Extruder Drive,298.68,343.44,963.8,119.15,223,L,0
M-EXT-294,Plastic Extruder Drive,301.92,344.34,684.7,119.43,55,H,0
M-EXT-295,Plastic Extruder Drive,298.96,329.58,434.2,116.74,109,L,0
M-EXT-296,Plastic Extruder Drive,298.46,326.5,848.8,94.44,62,L,0
M-EXT-297,Plastic Extruder Drive,300.84,341.63,642.0,139.01,126,L,0
M-EXT-298,Plastic Extruder Drive,301.42,320.26,968.7,107.23,59,M,0
M-EXT-299,Plastic Extruder Drive,305.83,321.1,938.5,107.74,202,H,0
M-EXT-300,Plastic Extruder Drive,303.86,320.09,691.7,104.97,257,H,0
M-EXT-301,Plastic Extruder Drive,299.69,340.08,812.3,116.11,279,L,0
M-EXT-302,Plastic Extruder Drive,301.54,335.12,1395.2,68.3,143,M,0
M-EXT-303,Plastic Extruder Drive,300.95,349.83,1206.9,94.99,237,M,0
M-EXT-304,Plastic Extruder Drive,306.73,327.99,646.0,82.26,164,M,0
M-EXT-305,Plastic Extruder Drive,299.47,349.84,1390.5,117.15,252,L,0
M-EXT-306,Plastic Extruder Drive,304.76,335.56,1370.2,111.1,61,M,0
M-EXT-307,Plastic Extruder Drive,302.46,348.06,1125.1,138.77,219,M,0
M-EXT-308,Plastic Extruder Drive,305.19,325.86,849.0,132.55,182,L,0
M-EXT-309,Plastic Extruder Drive,300.55,342.49,622.6,109.08,138,M,0
M-EXT-310,Plastic Extruder Drive,299.36,330.84,1133.6,110.27,167,M,0
M-EXT-311,Plastic Extruder Drive,307.44,348.04,796.2,91.67,168,H,0
M-EXT-312,Plastic Extruder Drive,301.03,326.93,645.7,117.47,126,H,0
M-EXT-313,Plastic Extruder Drive,306.88,346.22,1348.7,95.17,44,H,0
M-EXT-314,Plastic Extruder Drive,300.76,326.6,1361.4,148.77,234,L,0
M-EXT-315,Plastic Extruder Drive,303.89,343.1,1441.7,114.12,68,H,0
M-EXT-316,Plastic Extruder Drive,303.84,330.0,1401.3,115.05,199,H,0
M-EXT-317,Plastic Extruder Drive,302.99,332.93,1176.5,94.44,274,M,0
M-EXT-318,Plastic Extruder Drive,304.6,347.58,1494.7,77.8,232,H,0
M-EXT-319,Plastic Extruder Drive,302.57,323.01,1085.7,102.17,187,M,0
M-EXT-320,Plastic Extruder Drive,304.19,328.82,1320.7,109.65,152,L,0
M-EXT-321,Plastic Extruder Drive,300.84,335.84,1150.6,71.27,118,L,0
M-EXT-322,Plastic Extruder Drive,300.37,334.8,1093.7,120.4,212,L,0
M-EXT-323,Plastic Extruder Drive,301.93,341.2,1205.4,87.02,272,L,0
M-EXT-324,Plastic Extruder Drive,300.9,340.25,1189.6,98.83,245,M,0
M-EXT-325,Plastic Extruder Drive,304.58,326.63,848.6,99.05,213,M,0
M-EXT-326,Plastic Extruder Drive,298.86,329.23,920.4,126.31,215,M,0
M-EXT-327,Plastic Extruder Drive,299.17,328.79,680.2,130.29,74,M,0
M-EXT-328,Plastic Extruder Drive,304.71,348.94,1499.2,145.76,209,L,0
M-EXT-329,Plastic Extruder Drive,305.59,345.88,1447.0,100.11,134,M,0
M-EXT-330,Plastic Extruder Drive,304.6,343.26,1357.6,101.06,120,L,0
M-EXT-331,Plastic Extruder Drive,300.32,326.66,1186.9,76.17,129,M,0
M-EXT-332,Plastic Extruder Drive,299.69,337.39,810.9,101.6,78,L,0
M-EXT-333,Plastic Extruder Drive,301.15,330.28,677.4,99.1,145,M,0
M-EXT-334,Plastic Extruder Drive,307.68,347.14,1070.3,63.5,183,H,0
M-EXT-335,Plastic Extruder Drive,305.1,331.7,1321.5,144.83,134,M,0
M-EXT-336,Plastic Extruder Drive,303.9,325.91,1420.1,98.97,71,L,0
M-EXT-337,Plastic Extruder Drive,300.19,324.31,1019.2,120.43,172,M,0
M-EXT-338,Plastic Extruder Drive,299.16,334.28,792.7,147.6,42,M,0
M-EXT-339,Plastic Extruder Drive,307.42,349.5,1307.4,66.84,170,M,0
M-EXT-340,Plastic Extruder Drive,306.06,321.65,616.8,104.03,69,M,0
M-EXT-341,Plastic Extruder Drive,306.21,341.14,884.3,139.05,64,M,0
M-EXT-342,Plastic Extruder Drive,302.9,321.84,505.3,95.77,265,L,0
M-EXT-343,Plastic Extruder Drive,302.66,324.26,595.9,93.98,82,H,0
M-EXT-344,Plastic Extruder Drive,304.74,337.44,720.4,130.11,223,M,0
M-EXT-345,Plastic Extruder Drive,298.97,347.55,1135.5,82.23,182,M,0
M-EXT-346,Plastic Extruder Drive,304.35,334.22,934.0,126.23,183,H,0
M-EXT-347,Plastic Extruder Drive,298.65,329.15,873.3,84.77,192,H,0
M-EXT-348,Plastic Extruder Drive,305.04,343.19,536.8,118.57,270,H,0
M-EXT-349,Plastic Extruder Drive,307.09,338.18,1050.0,64.67,217,M,0
M-EXT-350,Plastic Extruder Drive,305.21,344.28,976.2,83.73,65,H,0
M-EXT-351,Plastic Extruder Drive,306.67,323.71,823.2,90.08,246,M,0
M-EXT-352,Plastic Extruder Drive,307.96,342.11,1336.0,68.88,93,H,0
M-EXT-353,Plastic Extruder Drive,302.64,341.55,586.0,71.72,183,M,0
M-EXT-354,Plastic Extruder Drive,302.79,321.53,1148.7,108.72,191,M,0
M-EXT-355,Plastic Extruder Drive,300.79,344.04,1190.4,112.18,187,H,0
M-EXT-356,Plastic Extruder Drive,306.56,343.1,1049.5,142.67,72,M,0
M-EXT-357,Plastic Extruder Drive,307.63,329.3,416.8,126.14,31,L,0
M-EXT-358,Plastic Extruder Drive,298.56,339.58,814.9,78.3,254,L,0
M-EXT-359,Plastic Extruder Drive,301.4,328.52,1209.6,135.29,208,M,0
M-EXT-360,Plastic Extruder Drive,300.28,345.58,1224.6,106.55,157,M,0
M-EXT-361,Plastic Extruder Drive,306.28,342.27,1341.9,105.66,186,L,0
M-EXT-362,Plastic Extruder Drive,300.32,333.32,1082.7,142.36,33,M,0
M-EXT-363,Plastic Extruder Drive,300.34,329.8,710.0,113.11,251,M,0
M-EXT-364,Plastic Extruder Drive,300.42,345.91,1095.3,79.71,120,L,0
M-EXT-365,Plastic Extruder Drive,305.39,337.3,559.2,132.3,106,L,0
M-EXT-366,Plastic Extruder Drive,304.48,327.93,633.6,71.78,90,H,0
M-EXT-367,Plastic Extruder Drive,304.17,337.96,1044.8,117.77,233,L,0
M-EXT-368,Plastic Extruder Drive,300.3,337.63,486.2,70.81,193,M,0
M-EXT-369,Plastic Extruder Drive,305.58,332.77,540.4,138.48,50,H,0
M-EXT-370,Plastic Extruder Drive,300.77,349.86,858.5,105.15,222,M,0
M-EXT-371,Plastic Extruder Drive,306.41,334.59,1469.4,131.71,130,M,0
M-EXT-372,Plastic Extruder Drive,307.29,340.53,1083.6,128.2,170,H,0
M-EXT-373,Plastic Extruder Drive,301.19,336.74,420.0,99.36,218,H,0
M-EXT-374,Plastic Extruder Drive,298.65,345.08,1079.0,75.89,231,M,0
M-EXT-375,Plastic Extruder Drive,301.34,331.29,571.5,135.17,157,M,0
M-EXT-376,Plastic Extruder Drive,306.83,320.47,473.6,74.54,37,M,0
M-EXT-377,Plastic Extruder Drive,304.34,326.32,564.3,73.11,268,M,0
M-EXT-378,Plastic Extruder Drive,303.85,329.67,876.3,68.05,279,L,0
M-EXT-379,Plastic Extruder Drive,304.21,337.63,954.7,83.17,86,M,0
M-EXT-380,Plastic Extruder Drive,298.7,322.23,1016.9,142.78,258,H,0
M-EXT-381,Plastic Extruder Drive,299.07,337.49,1333.3,145.9,245,M,0
M-EXT-382,Plastic Extruder Drive,300.01,322.18,452.3,115.09,39,L,0
M-EXT-383,Plastic Extruder Drive,305.12,322.39,1397.3,106.97,256,L,0
M-EXT-384,Plastic Extruder Drive,299.97,331.42,548.1,129.75,156,L,0
M-EXT-385,Plastic Extruder Drive,300.08,340.65,1488.2,119.88,47,M,0
M-EXT-386,Plastic Extruder Drive,299.8,320.92,768.5,83.95,227,M,0
M-EXT-387,Plastic Extruder Drive,305.33,320.49,416.3,62.64,84,M,0
M-EXT-388,Plastic Extruder Drive,304.08,349.58,789.9,65.01,78,L,0
M-EXT-389,Plastic Extruder Drive,304.99,343.71,536.6,72.15,58,L,0
M-EXT-390,Plastic Extruder Drive,300.1,339.29,967.8,109.0,78,M,0
M-EXT-391,Plastic Extruder Drive,298.43,349.8,429.4,64.51,111,L,0
M-EXT-392,Plastic Extruder Drive,300.57,334.16,419.8,67.1,181,H,0
M-EXT-393,Plastic Extruder Drive,304.94,343.56,1335.4,72.04,143,L,0
M-EXT-394,Plastic Extruder Drive,305.72,323.51,952.8,143.01,140,L,0
M-EXT-395,Plastic Extruder Drive,302.96,323.2,562.6,64.2,78,L,0
M-EXT-396,Plastic Extruder Drive,304.5,342.17,1083.8,94.79,84,L,0
M-EXT-397,Plastic Extruder Drive,303.15,334.43,1495.7,94.55,243,L,0
M-EXT-398,Plastic Extruder Drive,300.33,322.85,1473.2,98.33,30,M,0
M-EXT-399,Plastic Extruder Drive,304.19,343.28,1437.2,142.37,265,H,0
M-EXT-400,Plastic Extruder Drive,305.12,326.78,606.3,132.03,134,L,0
M-EXT-F1-001,Plastic Extruder Drive,310.34,365.43,550.5,75.89,122,M,1
M-EXT-F1-002,Plastic Extruder Drive,313.89,367.22,1123.1,86.13,63,M,1
M-EXT-F1-003,Plastic Extruder Drive,313.61,362.82,692.6,129.08,49,M,1
M-EXT-F1-004,Plastic Extruder Drive,314.99,357.69,1308.6,115.39,155,M,1
M-EXT-F1-005,Plastic Extruder Drive,317.28,364.02,820.0,81.47,43,H,1
M-EXT-F1-006,Plastic Extruder Drive,317.94,360.29,1388.6,75.35,112,L,1
M-EXT-F1-007,Plastic Extruder Drive,310.73,362.72,1411.1,145.47,194,L,1
M-EXT-F1-008,Plastic Extruder Drive,315.22,357.87,1203.7,148.05,132,M,1
M-EXT-F1-009,Plastic Extruder Drive,314.59,363.98,629.1,124.73,143,M,1
M-EXT-F1-010,Plastic Extruder Drive,312.45,357.02,1085.8,112.76,95,M,1
M-EXT-F1-011,Plastic Extruder Drive,312.78,361.37,1472.3,128.72,195,M,1
M-EXT-F1-012,Plastic Extruder Drive,314.21,357.66,1193.2,97.94,174,M,1
M-EXT-F1-013,Plastic Extruder Drive,310.87,357.25,1292.7,83.28,81,L,1
M-EXT-F1-014,Plastic Extruder Drive,315.26,356.49,557.9,84.51,145,L,1
M-EXT-F1-015,Plastic Extruder Drive,312.2,366.32,520.1,78.68,218,H,1
M-EXT-F1-016,Plastic Extruder Drive,317.1,364.15,480.4,103.53,130,L,1
M-EXT-F1-017,Plastic Extruder Drive,313.37,360.81,523.7,117.53,70,H,1
M-EXT-F1-018,Plastic Extruder Drive,317.98,358.51,555.2,122.95,189,H,1
M-EXT-F1-019,Plastic Extruder Drive,310.84,356.17,451.7,119.35,144,M,1
M-EXT-F1-020,Plastic Extruder Drive,314.05,365.63,1001.3,142.69,124,L,1
M-EXT-F2-001,Plastic Extruder Drive,304.3,339.67,1206.5,198.0,139,L,1
M-EXT-F2-002,Plastic Extruder Drive,308.76,345.29,825.7,212.93,206,M,1
M-EXT-F2-003,Plastic Extruder Drive,309.39,325.14,620.6,221.19,160,M,1
M-EXT-F2-004,Plastic Extruder Drive,299.54,330.26,646.2,204.66,69,L,1
M-EXT-F2-005,Plastic Extruder Drive,304.36,338.59,1318.3,231.05,209,M,1
M-EXT-F2-006,Plastic Extruder Drive,304.21,338.27,918.8,244.46,78,L,1
M-EXT-F2-007,Plastic Extruder Drive,305.45,324.25,961.8,265.31,78,H,1
M-EXT-F2-008,Plastic Extruder Drive,309.49,359.15,472.7,278.96,99,L,1
M-EXT-F2-009,Plastic Extruder Drive,307.43,356.05,1146.5,190.23,42,M,1
M-EXT-F2-010,Plastic Extruder Drive,300.69,340.6,1306.9,216.24,124,M,1
M-EXT-F2-011,Plastic Extruder Drive,307.19,330.98,646.9,271.23,187,L,1
M-EXT-F2-012,Plastic Extruder Drive,309.02,340.54,1092.4,225.25,49,M,1
M-EXT-F2-013,Plastic Extruder Drive,301.06,338.07,682.6,245.92,100,L,1
M-EXT-F2-014,Plastic Extruder Drive,305.66,357.1,486.5,254.55,160,L,1
M-EXT-F2-015,Plastic Extruder Drive,303.83,335.0,563.8,213.37,127,L,1
M-EXT-F2-016,Plastic Extruder Drive,302.7,329.68,658.5,197.34,209,L,1
M-EXT-F2-017,Plastic Extruder Drive,303.01,332.89,1260.1,187.67,146,L,1
M-EXT-F2-018,Plastic Extruder Drive,305.61,324.11,607.9,277.44,33,M,1
M-EXT-F2-019,Plastic Extruder Drive,309.27,354.17,853.7,210.17,146,M,1
M-EXT-F2-020,Plastic Extruder Drive,302.32,353.07,546.6,188.04,95,M,1
M-EXT-F3-001,Plastic Extruder Drive,305.05,343.43,2297.6,202.59,159,M,1
M-EXT-F3-002,Plastic Extruder Drive,301.82,338.49,1849.2,182.72,108,M,1
M-EXT-F3-003,Plastic Extruder Drive,302.86,341.54,2155.1,219.25,103,M,1
M-EXT-F3-004,Plastic Extruder Drive,298.03,329.31,2449.9,185.01,79,M,1
M-EXT-F3-005,Plastic Extruder Drive,298.79,335.95,2027.7,187.99,183,M,1
M-EXT-F3-006,Plastic Extruder Drive,302.46,337.33,2375.1,209.75,65,M,1
M-EXT-F3-007,Plastic Extruder Drive,301.48,325.63,1809.1,175.44,186,M,1
M-EXT-F3-008,Plastic Extruder Drive,301.42,338.25,2354.9,186.27,120,H,1
M-EXT-F3-009,Plastic Extruder Drive,303.97,330.69,2125.1,190.36,152,M,1
M-EXT-F3-010,Plastic Extruder Drive,302.22,320.51,2265.7,217.77,179,L,1
M-EXT-F3-011,Plastic Extruder Drive,299.39,326.68,2204.5,179.15,36,M,1
M-EXT-F3-012,Plastic Extruder Drive,300.88,327.91,2514.9,179.31,55,H,1
M-EXT-F3-013,Plastic Extruder Drive,306.06,341.45,1897.1,178.19,174,M,1
M-EXT-F3-014,Plastic Extruder Drive,307.82,336.22,1944.0,216.53,91,M,1
M-EXT-F3-015,Plastic Extruder Drive,301.27,343.05,1929.9,187.91,35,L,1
M-EXT-F3-016,Plastic Extruder Drive,301.41,327.45,2234.9,207.3,187,M,1
M-EXT-F3-017,Plastic Extruder Drive,306.12,333.95,1875.9,215.78,136,M,1
M-EXT-F3-018,Plastic Extruder Drive,307.37,336.77,1804.2,217.24,85,M,1
M-EXT-F3-019,Plastic Extruder Drive,300.05,328.91,2315.0,190.77,151,L,1
M-EXT-F3-020,Plastic Extruder Drive,301.41,337.05,2383.2,207.91,134,M,1
M-EXT-F4-001,Plastic Extruder Drive,302.08,332.99,783.7,145.69,304,L,1
M-EXT-F4-002,Plastic Extruder Drive,305.79,328.94,446.8,147.09,350,L,1
M-EXT-F4-003,Plastic Extruder Drive,300.54,322.48,1406.6,95.49,349,H,1
M-EXT-F4-004,Plastic Extruder Drive,305.61,323.81,1165.1,126.69,366,H,1
M-EXT-F4-005,Plastic Extruder Drive,300.92,322.09,1367.1,133.7,335,H,1
M-EXT-F4-006,Plastic Extruder Drive,302.89,331.96,747.3,154.03,299,M,1
M-EXT-F4-007,Plastic Extruder Drive,306.23,347.22,1220.5,98.2,340,H,1
M-EXT-F4-008,Plastic Extruder Drive,299.17,339.16,1336.2,73.67,302,M,1
M-EXT-F4-009,Plastic Extruder Drive,300.18,338.35,636.0,79.28,335,L,1
M-EXT-F4-010,Plastic Extruder Drive,304.85,344.56,693.0,167.0,323,L,1
M-EXT-F4-011,Plastic Extruder Drive,302.71,328.04,686.3,130.71,300,L,1
M-EXT-F4-012,Plastic Extruder Drive,300.71,330.07,656.6,66.34,346,M,1
M-EXT-F4-013,Plastic Extruder Drive,306.1,321.23,1421.5,103.72,363,H,1
M-EXT-F4-014,Plastic Extruder Drive,305.44,337.38,794.0,75.02,340,H,1
M-EXT-F4-015,Plastic Extruder Drive,303.01,338.13,1205.8,179.01,314,M,1
M-EXT-F4-016,Plastic Extruder Drive,301.41,341.95,1425.0,177.07,365,L,1
M-EXT-F4-017,Plastic Extruder Drive,307.91,331.28,1443.2,152.76,307,H,1
M-EXT-F4-018,Plastic Extruder Drive,300.14,343.36,1094.9,91.58,350,H,1
M-EXT-F4-019,Plastic Extruder Drive,306.22,343.82,1469.8,83.13,362,M,1
M-EXT-F4-020,Plastic Extruder Drive,302.16,334.05,1089.6,179.4,339,L,1
M-EXT-F5-001,Plastic Extruder Drive,310.28,357.19,1877.0,194.3,338,L,1
M-EXT-F5-002,Plastic Extruder Drive,311.39,360.01,1860.3,173.66,317,M,1
M-EXT-F5-003,Plastic Extruder Drive,313.91,354.33,1880.4,179.13,297,M,1
M-EXT-F5-004,Plastic Extruder Drive,310.16,359.99,1881.4,187.23,314,H,1
M-EXT-F5-005,Plastic Extruder Drive,313.31,354.1,1653.2,213.78,338,L,1
M-EXT-F5-006,Plastic Extruder Drive,310.26,355.57,1931.8,228.03,308,M,1
M-EXT-F5-007,Plastic Extruder Drive,309.58,355.22,1905.8,179.43,300,M,1
M-EXT-F5-008,Plastic Extruder Drive,311.22,354.36,1874.9,235.19,291,M,1
M-EXT-F5-009,Plastic Extruder Drive,313.18,356.5,1709.2,175.43,322,M,1
M-EXT-F5-010,Plastic Extruder Drive,310.15,360.65,1981.0,191.16,327,M,1
M-EXT-F5-011,Plastic Extruder Drive,312.38,354.95,1961.5,188.62,318,H,1
M-EXT-F5-012,Plastic Extruder Drive,312.63,354.49,1724.4,184.93,292,L,1
M-EXT-F5-013,Plastic Extruder Drive,313.9,360.23,2037.3,172.91,295,M,1
M-EXT-F5-014,Plastic Extruder Drive,313.89,359.29,1818.4,182.37,297,M,1
M-EXT-F5-015,Plastic Extruder Drive,312.57,354.25,2033.5,236.05,334,L,1
M-EXT-F5-016,Plastic Extruder Drive,309.08,361.82,1814.9,231.18,299,M,1
M-EXT-F5-017,Plastic Extruder Drive,309.22,354.32,2074.5,227.22,316,M,1
M-EXT-F5-018,Plastic Extruder Drive,312.74,356.73,1992.8,205.24,321,L,1
M-EXT-F5-019,Plastic Extruder Drive,311.36,357.35,2057.6,233.42,339,M,1
M-EXT-F5-020,Plastic Extruder Drive,310.72,355.92,1665.3,221.55,301,M,1
M-BLOW-001,Industrial Blower,303.25,314.45,1006.6,24.51,170,M,0
M-BLOW-002,Industrial Blower,302.27,313.39,1663.9,25.77,101,M,0
M-BLOW-003,Industrial Blower,298.3,312.52,2356.0,23.47,193,M,0
M-BLOW-004,Industrial Blower,302.9,305.14,1377.2,24.63,74,H,0
M-BLOW-005,Industrial Blower,302.81,308.6,2444.7,32.5,44,M,0
M-BLOW-006,Industrial Blower,303.94,310.22,1002.8,42.99,62,M,0
M-BLOW-007,Industrial Blower,299.64,307.58,1424.0,42.86,184,M,0
M-BLOW-008,Industrial Blower,297.33,305.13,1234.9,30.67,75,H,0
M-BLOW-009,Industrial Blower,299.1,312.21,2337.5,32.56,150,M,0
M-BLOW-010,Industrial Blower,299.47,312.03,2091.5,27.74,117,L,0
M-BLOW-011,Industrial Blower,300.69,311.07,2176.9,18.46,114,L,0
M-BLOW-012,Industrial Blower,298.25,307.24,1901.8,21.63,120,H,0
M-BLOW-013,Industrial Blower,300.22,310.63,1627.6,26.48,64,M,0
M-BLOW-014,Industrial Blower,299.49,306.72,2174.3,36.27,68,H,0
M-BLOW-015,Industrial Blower,295.0,310.56,1317.0,15.38,84,L,0
M-BLOW-016,Industrial Blower,301.21,313.44,1217.1,17.2,22,L,0
M-BLOW-017,Industrial Blower,297.7,309.05,1591.8,36.91,75,M,0
M-BLOW-018,Industrial Blower,303.96,308.88,1826.9,30.08,164,M,0
M-BLOW-019,Industrial Blower,296.53,312.3,1623.4,42.41,135,M,0
M-BLOW-020,Industrial Blower,295.63,312.03,2029.1,34.2,68,L,0
M-BLOW-021,Industrial Blower,297.89,305.67,2480.8,37.39,94,L,0
M-BLOW-022,Industrial Blower,295.82,304.96,2023.7,20.34,185,L,0
M-BLOW-023,Industrial Blower,297.76,313.78,1064.3,31.46,188,L,0
M-BLOW-024,Industrial Blower,298.2,306.01,1315.8,30.44,127,H,0
M-BLOW-025,Industrial Blower,298.72,313.13,1666.5,20.08,191,M,0
M-BLOW-026,Industrial Blower,302.19,306.13,1634.8,29.71,110,M,0
M-BLOW-027,Industrial Blower,297.02,309.68,1722.6,21.26,197,L,0
M-BLOW-028,Industrial Blower,302.99,311.54,1239.8,32.04,167,H,0
M-BLOW-029,Industrial Blower,299.46,308.36,1318.2,26.35,197,L,0
M-BLOW-030,Industrial Blower,297.7,310.66,1370.0,33.33,181,M,0
M-BLOW-031,Industrial Blower,301.6,308.99,1786.2,35.85,166,M,0
M-BLOW-032,Industrial Blower,303.8,313.02,2165.7,40.35,70,M,0
M-BLOW-033,Industrial Blower,300.08,309.09,2271.2,15.81,57,L,0
M-BLOW-034,Industrial Blower,295.53,306.5,1526.9,37.52,120,L,0
M-BLOW-035,Industrial Blower,297.05,313.59,1424.4,22.36,109,H,0
M-BLOW-036,Industrial Blower,298.46,307.91,1240.2,40.82,89,L,0
M-BLOW-037,Industrial Blower,303.1,306.14,1757.7,33.05,167,L,0
M-BLOW-038,Industrial Blower,300.62,304.39,1721.9,41.54,148,L,0
M-BLOW-039,Industrial Blower,301.07,304.48,2452.0,42.54,42,H,0
M-BLOW-040,Industrial Blower,299.85,312.33,1573.3,19.09,111,M,0
M-BLOW-041,Industrial Blower,298.17,311.09,2328.4,31.76,143,M,0
M-BLOW-042,Industrial Blower,299.96,307.42,1566.7,24.47,185,L,0
M-BLOW-043,Industrial Blower,300.21,314.03,2329.6,42.83,59,L,0
M-BLOW-044,Industrial Blower,300.48,312.07,1395.1,35.84,93,L,0
M-BLOW-045,Industrial Blower,302.16,306.32,1275.8,36.53,119,M,0
M-BLOW-046,Industrial Blower,301.77,313.4,1358.4,31.67,169,L,0
M-BLOW-047,Industrial Blower,297.59,305.15,1349.2,43.36,103,M,0
M-BLOW-048,Industrial Blower,295.12,304.56,2003.0,32.69,123,H,0
M-BLOW-049,Industrial Blower,298.17,312.94,1262.4,41.48,41,H,0
M-BLOW-050,Industrial Blower,299.3,314.4,1494.3,34.75,125,H,0
M-BLOW-051,Industrial Blower,297.23,314.23,1277.2,35.85,193,H,0
M-BLOW-052,Industrial Blower,298.59,306.46,1332.3,18.57,136,L,0
M-BLOW-053,Industrial Blower,301.09,314.17,1218.5,24.6,82,M,0
M-BLOW-054,Industrial Blower,296.28,309.35,2251.7,43.64,43,L,0
M-BLOW-055,Industrial Blower,302.42,308.28,1165.0,44.7,138,L,0
M-BLOW-056,Industrial Blower,299.35,308.35,1370.8,44.51,65,H,0
M-BLOW-057,Industrial Blower,299.61,308.15,1392.1,34.04,85,M,0
M-BLOW-058,Industrial Blower,295.21,310.48,1183.1,21.41,149,M,0
M-BLOW-059,Industrial Blower,296.47,310.35,1322.4,23.13,131,L,0
M-BLOW-060,Industrial Blower,301.66,309.3,1681.4,38.63,54,H,0
M-BLOW-061,Industrial Blower,300.98,308.5,2065.0,22.7,78,L,0
M-BLOW-062,Industrial Blower,298.79,310.5,1160.0,20.36,26,M,0
M-BLOW-063,Industrial Blower,303.9,313.61,1949.4,40.83,126,M,0
M-BLOW-064,Industrial Blower,296.56,311.18,1289.6,27.52,168,H,0
M-BLOW-065,Industrial Blower,296.16,306.47,1827.9,22.55,110,M,0
M-BLOW-066,Industrial Blower,299.56,307.05,2470.0,29.78,153,L,0
M-BLOW-067,Industrial Blower,299.42,306.63,1766.1,35.43,102,H,0
M-BLOW-068,Industrial Blower,295.16,307.61,1225.3,42.19,51,M,0
M-BLOW-069,Industrial Blower,301.41,312.97,1716.6,20.43,68,M,0
M-BLOW-070,Industrial Blower,298.28,307.84,1197.8,42.4,25,M,0
M-BLOW-071,Industrial Blower,303.82,311.26,1533.1,19.38,193,H,0
M-BLOW-072,Industrial Blower,301.13,313.68,1037.7,36.76,199,M,0
M-BLOW-073,Industrial Blower,298.73,313.62,1831.3,37.48,125,H,0
M-BLOW-074,Industrial Blower,296.92,304.87,1160.0,15.46,95,H,0
M-BLOW-075,Industrial Blower,302.7,312.25,1859.8,29.67,66,M,0
M-BLOW-076,Industrial Blower,300.77,312.6,1122.5,36.25,153,M,0
M-BLOW-077,Industrial Blower,296.93,309.93,1754.1,29.27,102,H,0
M-BLOW-078,Industrial Blower,296.65,305.07,1363.7,22.9,64,M,0
M-BLOW-079,Industrial Blower,301.62,313.0,1490.7,24.15,171,M,0
M-BLOW-080,Industrial Blower,297.64,311.85,1516.9,32.6,198,M,0
M-BLOW-081,Industrial Blower,303.37,307.53,1810.4,28.8,160,H,0
M-BLOW-082,Industrial Blower,300.64,312.37,1708.2,18.16,64,M,0
M-BLOW-083,Industrial Blower,303.06,308.64,1840.6,21.85,94,M,0
M-BLOW-084,Industrial Blower,300.9,314.83,2220.0,20.76,123,H,0
M-BLOW-085,Industrial Blower,297.22,305.89,1503.3,35.36,109,L,0
M-BLOW-086,Industrial Blower,296.91,308.01,1494.8,22.08,198,M,0
M-BLOW-087,Industrial Blower,303.46,308.3,1306.1,18.58,174,H,0
M-BLOW-088,Industrial Blower,303.68,308.6,1371.1,33.52,43,H,0
M-BLOW-089,Industrial Blower,302.45,308.67,1777.4,20.3,31,M,0
M-BLOW-090,Industrial Blower,299.56,312.42,1751.6,38.48,40,H,0
M-BLOW-091,Industrial Blower,296.43,312.49,2139.0,19.24,25,M,0
M-BLOW-092,Industrial Blower,302.7,312.3,1304.2,32.51,156,M,0
M-BLOW-093,Industrial Blower,299.75,307.46,1338.4,44.09,184,M,0
M-BLOW-094,Industrial Blower,296.23,312.01,1383.6,20.06,88,M,0
M-BLOW-095,Industrial Blower,295.88,310.29,1023.0,41.76,185,L,0
M-BLOW-096,Industrial Blower,299.2,306.8,2116.2,42.95,48,M,0
M-BLOW-097,Industrial Blower,297.84,307.92,1608.6,43.55,66,M,0
M-BLOW-098,Industrial Blower,303.56,309.24,2295.4,16.76,191,H,0
M-BLOW-099,Industrial Blower,303.82,305.93,1666.5,24.26,97,M,0
M-BLOW-100,Industrial Blower,303.69,307.36,1979.9,19.12,168,M,0
M-BLOW-101,Industrial Blower,303.82,308.66,1293.2,25.38,152,M,0
M-BLOW-102,Industrial Blower,302.01,304.81,1870.6,42.97,39,H,0
M-BLOW-103,Industrial Blower,301.45,307.47,1987.9,31.36,197,L,0
M-BLOW-104,Industrial Blower,301.1,306.88,1392.9,41.47,125,L,0
M-BLOW-105,Industrial Blower,299.05,305.13,1499.0,19.83,160,L,0
M-BLOW-106,Industrial Blower,295.8,310.84,2311.2,35.92,112,M,0
M-BLOW-107,Industrial Blower,302.98,308.65,2283.1,38.49,166,L,0
M-BLOW-108,Industrial Blower,301.74,304.37,1308.2,16.06,54,H,0
M-BLOW-109,Industrial Blower,299.51,304.31,1708.9,41.97,154,L,0
M-BLOW-110,Industrial Blower,297.04,309.84,1477.9,29.81,120,H,0
M-BLOW-111,Industrial Blower,297.1,311.75,2159.4,32.08,68,M,0
M-BLOW-112,Industrial Blower,295.86,314.48,2303.0,16.97,49,M,0
M-BLOW-113,Industrial Blower,297.09,314.28,2133.4,23.2,21,L,0
M-BLOW-114,Industrial Blower,298.82,311.07,1430.5,19.29,141,M,0
M-BLOW-115,Industrial Blower,297.12,305.51,1870.7,36.77,71,L,0
M-BLOW-116,Industrial Blower,296.65,307.72,2117.3,34.8,68,H,0
M-BLOW-117,Industrial Blower,295.38,313.22,1112.7,18.45,62,M,0
M-BLOW-118,Industrial Blower,302.11,306.72,1815.3,17.71,103,H,0
M-BLOW-119,Industrial Blower,296.9,308.04,2142.0,37.32,94,H,0
M-BLOW-120,Industrial Blower,297.53,309.56,2304.1,44.05,134,M,0
M-BLOW-121,Industrial Blower,301.24,307.7,1938.2,22.31,68,H,0
M-BLOW-122,Industrial Blower,298.78,310.8,2183.2,39.31,198,H,0
M-BLOW-123,Industrial Blower,299.44,309.74,2206.8,22.99,32,M,0
M-BLOW-124,Industrial Blower,303.86,313.89,1592.9,41.29,25,M,0
M-BLOW-125,Industrial Blower,301.54,306.44,1297.6,40.85,130,L,0
M-BLOW-126,Industrial Blower,296.21,307.92,1466.8,41.4,65,M,0
M-BLOW-127,Industrial Blower,296.29,312.53,1356.6,17.05,98,M,0
M-BLOW-128,Industrial Blower,296.6,305.47,2344.8,17.04,37,M,0
M-BLOW-129,Industrial Blower,303.58,304.94,2224.0,41.76,88,M,0
M-BLOW-130,Industrial Blower,301.1,311.73,2170.0,39.92,68,M,0
M-BLOW-131,Industrial Blower,296.21,309.62,1919.3,19.85,33,H,0
M-BLOW-132,Industrial Blower,298.79,313.77,1797.9,37.45,51,H,0
M-BLOW-133,Industrial Blower,297.16,307.45,1822.2,41.44,96,M,0
M-BLOW-134,Industrial Blower,295.04,304.37,1125.7,35.97,107,H,0
M-BLOW-135,Industrial Blower,300.33,309.99,1133.2,34.21,158,M,0
M-BLOW-136,Industrial Blower,301.19,306.2,2135.1,42.35,99,M,0
M-BLOW-137,Industrial Blower,298.59,306.75,1001.9,34.51,27,M,0
M-BLOW-138,Industrial Blower,301.5,311.32,1110.0,34.8,187,H,0
M-BLOW-139,Industrial Blower,298.74,312.02,2001.6,21.8,49,L,0
M-BLOW-140,Industrial Blower,303.61,312.44,2444.8,33.15,187,M,0
M-BLOW-141,Industrial Blower,303.18,305.78,2223.3,20.9,24,M,0
M-BLOW-142,Industrial Blower,297.86,304.48,2470.5,34.99,182,L,0
M-BLOW-143,Industrial Blower,298.53,306.8,1275.8,30.46,129,M,0
M-BLOW-144,Industrial Blower,298.49,305.85,1662.8,17.56,175,H,0
M-BLOW-145,Industrial Blower,298.43,305.1,2162.5,24.38,40,M,0
M-BLOW-146,Industrial Blower,303.25,314.0,1374.5,36.59,25,H,0
M-BLOW-147,Industrial Blower,299.5,306.52,2197.4,42.93,20,M,0
M-BLOW-148,Industrial Blower,298.96,310.19,2373.9,41.76,134,M,0
M-BLOW-149,Industrial Blower,302.05,306.23,2447.8,15.18,122,H,0
M-BLOW-150,Industrial Blower,298.67,310.98,2034.4,38.57,126,M,0
M-BLOW-151,Industrial Blower,303.0,312.92,1240.1,39.8,195,M,0
M-BLOW-152,Industrial Blower,297.54,310.67,1513.8,35.28,118,L,0
M-BLOW-153,Industrial Blower,300.56,306.35,2087.7,24.03,69,M,0
M-BLOW-154,Industrial Blower,295.11,314.66,1798.5,38.2,66,L,0
M-BLOW-155,Industrial Blower,300.1,308.67,2456.0,29.82,138,H,0
M-BLOW-156,Industrial Blower,297.71,313.78,2138.4,31.1,182,M,0
M-BLOW-157,Industrial Blower,300.1,308.2,1930.1,24.57,89,L,0
M-BLOW-158,Industrial Blower,296.0,305.16,1065.0,24.6,91,H,0
M-BLOW-159,Industrial Blower,299.94,310.42,2126.5,44.28,131,H,0
M-BLOW-160,Industrial Blower,295.8,312.55,1975.5,19.86,65,L,0
M-BLOW-161,Industrial Blower,300.1,310.44,1315.0,33.87,158,L,0
M-BLOW-162,Industrial Blower,301.63,310.34,2009.9,29.55,60,L,0
M-BLOW-163,Industrial Blower,299.79,310.54,2485.2,44.55,125,H,0
M-BLOW-164,Industrial Blower,298.57,314.31,1432.5,44.98,35,M,0
M-BLOW-165,Industrial Blower,299.64,306.81,2422.9,33.58,61,M,0
M-BLOW-166,Industrial Blower,301.49,307.27,2319.4,19.97,67,H,0
M-BLOW-167,Industrial Blower,295.94,307.3,2498.8,17.83,58,M,0
M-BLOW-168,Industrial Blower,300.57,312.2,2127.9,15.26,137,M,0
M-BLOW-169,Industrial Blower,299.66,308.17,2196.2,25.32,61,M,0
M-BLOW-170,Industrial Blower,298.96,306.35,1911.4,41.53,127,M,0
M-BLOW-171,Industrial Blower,302.17,312.23,1550.6,33.12,151,M,0
M-BLOW-172,Industrial Blower,298.3,305.16,2481.5,17.58,50,M,0
M-BLOW-173,Industrial Blower,302.79,307.91,2152.9,35.28,134,L,0
M-BLOW-174,Industrial Blower,295.13,314.22,2243.8,43.14,162,L,0
M-BLOW-175,Industrial Blower,296.83,307.51,1472.8,18.28,151,H,0
M-BLOW-176,Industrial Blower,295.47,312.53,2357.0,37.92,168,M,0
M-BLOW-177,Industrial Blower,302.99,309.46,2482.5,18.1,165,M,0
M-BLOW-178,Industrial Blower,300.23,311.98,2260.4,40.89,51,H,0
M-BLOW-179,Industrial Blower,295.15,305.45,1395.8,36.63,105,L,0
M-BLOW-180,Industrial Blower,299.38,310.11,1166.6,38.3,156,M,0
M-BLOW-181,Industrial Blower,297.96,306.42,2220.8,37.41,129,M,0
M-BLOW-182,Industrial Blower,296.55,304.55,1068.4,20.61,38,M,0
M-BLOW-183,Industrial Blower,298.22,308.89,1891.1,34.77,136,M,0
M-BLOW-184,Industrial Blower,302.29,314.09,1473.9,15.51,181,L,0
M-BLOW-185,Industrial Blower,295.46,304.05,2224.6,24.04,184,M,0
M-BLOW-186,Industrial Blower,302.75,304.76,1391.0,44.19,61,H,0
M-BLOW-187,Industrial Blower,302.71,305.3,1146.2,24.7,134,L,0
M-BLOW-188,Industrial Blower,302.93,309.95,1590.1,25.77,172,L,0
M-BLOW-189,Industrial Blower,303.15,314.6,1450.1,30.89,133,H,0
M-BLOW-190,Industrial Blower,295.48,313.55,1803.3,32.12,119,L,0
M-BLOW-191,Industrial Blower,296.31,310.75,1704.2,41.91,113,L,0
M-BLOW-192,Industrial Blower,298.18,314.64,2312.7,32.53,83,M,0
M-BLOW-193,Industrial Blower,301.95,310.39,1602.4,34.08,151,H,0
M-BLOW-194,Industrial Blower,295.81,305.04,1347.9,27.81,164,M,0
M-BLOW-195,Industrial Blower,295.16,309.32,2494.9,25.47,193,H,0
M-BLOW-196,Industrial Blower,296.56,311.97,1751.8,37.95,175,M,0
M-BLOW-197,Industrial Blower,301.15,310.68,2292.3,27.9,29,M,0
M-BLOW-198,Industrial Blower,303.63,304.16,1360.4,24.48,157,M,0
M-BLOW-199,Industrial Blower,297.15,311.13,1069.6,20.12,93,M,0
M-BLOW-200,Industrial Blower,298.12,305.19,1541.3,38.94,94,M,0
M-BLOW-201,Industrial Blower,296.47,304.77,2319.9,24.94,83,L,0
M-BLOW-202,Industrial Blower,301.37,312.32,2023.0,18.17,192,L,0
M-BLOW-203,Industrial Blower,297.13,312.84,1614.1,35.51,49,M,0
M-BLOW-204,Industrial Blower,296.14,309.9,1365.4,28.57,140,L,0
M-BLOW-205,Industrial Blower,296.49,313.83,1585.1,40.31,112,L,0
M-BLOW-206,Industrial Blower,300.97,309.6,1468.8,44.07,164,M,0
M-BLOW-207,Industrial Blower,296.5,312.57,2484.9,23.37,184,H,0
M-BLOW-208,Industrial Blower,303.57,312.2,1519.9,24.14,135,M,0
M-BLOW-209,Industrial Blower,303.27,312.43,1810.5,42.83,126,L,0
M-BLOW-210,Industrial Blower,302.57,314.11,1101.4,32.51,104,M,0
M-BLOW-211,Industrial Blower,299.14,313.21,1477.6,28.88,56,M,0
M-BLOW-212,Industrial Blower,300.94,305.29,1281.7,30.84,27,H,0
M-BLOW-213,Industrial Blower,302.77,313.31,1521.7,25.44,188,H,0
M-BLOW-214,Industrial Blower,300.22,310.57,2181.8,43.55,84,M,0
M-BLOW-215,Industrial Blower,301.04,314.64,2336.2,35.01,174,H,0
M-BLOW-216,Industrial Blower,298.39,304.14,1266.2,33.91,179,M,0
M-BLOW-217,Industrial Blower,300.98,305.14,1997.3,28.63,137,M,0
M-BLOW-218,Industrial Blower,300.23,308.66,1838.0,19.41,91,M,0
M-BLOW-219,Industrial Blower,301.63,311.77,2363.3,33.96,76,L,0
M-BLOW-220,Industrial Blower,299.47,306.13,2121.1,18.98,52,L,0
M-BLOW-221,Industrial Blower,301.93,312.7,1440.0,41.0,150,L,0
M-BLOW-222,Industrial Blower,301.38,310.38,1164.1,36.33,144,M,0
M-BLOW-223,Industrial Blower,301.62,310.06,1839.1,26.03,41,M,0
M-BLOW-224,Industrial Blower,301.92,306.99,1003.4,44.91,57,M,0
M-BLOW-225,Industrial Blower,303.34,310.6,2198.5,44.29,174,M,0
M-BLOW-226,Industrial Blower,298.27,309.31,2262.7,40.6,172,M,0
M-BLOW-227,Industrial Blower,299.29,307.42,1005.0,37.93,69,M,0
M-BLOW-228,Industrial Blower,302.59,304.57,2391.4,15.04,189,M,0
M-BLOW-229,Industrial Blower,295.92,311.42,2343.8,28.14,144,L,0
M-BLOW-230,Industrial Blower,297.17,313.02,1442.9,27.79,70,M,0
M-BLOW-231,Industrial Blower,295.05,307.34,1667.9,33.97,134,M,0
M-BLOW-232,Industrial Blower,297.64,314.42,1588.0,21.51,119,L,0
M-BLOW-233,Industrial Blower,295.11,307.04,2237.5,30.21,93,L,0
M-BLOW-234,Industrial Blower,295.81,310.77,1513.3,17.12,58,M,0
M-BLOW-235,Industrial Blower,295.25,310.51,2435.3,38.85,82,H,0
M-BLOW-236,Industrial Blower,299.19,308.32,2457.6,44.7,93,H,0
M-BLOW-237,Industrial Blower,303.2,312.73,1766.9,25.96,100,L,0
M-BLOW-238,Industrial Blower,296.66,312.87,1027.3,42.62,110,M,0
M-BLOW-239,Industrial Blower,295.03,310.16,1366.7,33.94,70,H,0
M-BLOW-240,Industrial Blower,299.55,310.21,1678.9,28.74,126,M,0
M-BLOW-241,Industrial Blower,296.19,306.17,1212.7,35.8,115,M,0
M-BLOW-242,Industrial Blower,302.19,307.58,1852.2,17.23,153,M,0
M-BLOW-243,Industrial Blower,302.22,313.73,2137.0,40.33,82,M,0
M-BLOW-244,Industrial Blower,303.5,314.06,1822.7,26.0,175,M,0
M-BLOW-245,Industrial Blower,296.38,311.03,1063.9,26.37,165,M,0
M-BLOW-246,Industrial Blower,303.38,314.51,2223.7,44.63,115,M,0
M-BLOW-247,Industrial Blower,302.53,309.42,1610.1,33.44,138,L,0
M-BLOW-248,Industrial Blower,301.01,312.2,2011.8,29.41,44,L,0
M-BLOW-249,Industrial Blower,295.28,314.92,2242.7,35.13,193,M,0
M-BLOW-250,Industrial Blower,295.51,310.15,1415.8,26.08,102,L,0
M-BLOW-251,Industrial Blower,299.53,309.22,1453.0,31.2,64,M,0
M-BLOW-252,Industrial Blower,301.82,307.77,1077.1,25.31,134,L,0
M-BLOW-253,Industrial Blower,303.66,312.21,1643.3,23.97,43,M,0
M-BLOW-254,Industrial Blower,299.59,311.45,1355.7,24.71,72,L,0
M-BLOW-255,Industrial Blower,296.54,310.69,1077.0,31.49,31,H,0
M-BLOW-256,Industrial Blower,296.02,307.81,1515.6,39.79,60,H,0
M-BLOW-257,Industrial Blower,300.43,311.56,1442.2,33.08,159,M,0
M-BLOW-258,Industrial Blower,299.73,305.61,1035.5,44.44,73,M,0
M-BLOW-259,Industrial Blower,303.76,312.01,1877.9,35.98,147,L,0
M-BLOW-260,Industrial Blower,295.6,308.54,1442.7,17.12,94,M,0
M-BLOW-261,Industrial Blower,296.61,307.36,1958.8,32.38,176,L,0
M-BLOW-262,Industrial Blower,303.69,310.57,2047.7,40.82,171,L,0
M-BLOW-263,Industrial Blower,299.5,307.01,2315.8,38.3,170,H,0
M-BLOW-264,Industrial Blower,297.83,308.67,2257.5,41.79,71,M,0
M-BLOW-265,Industrial Blower,295.7,308.51,1730.0,37.97,180,M,0
M-BLOW-266,Industrial Blower,299.75,311.12,1493.0,44.57,177,M,0
M-BLOW-267,Industrial Blower,299.57,306.54,1771.8,35.5,35,L,0
M-BLOW-268,Industrial Blower,300.34,314.89,1038.4,39.94,162,H,0
M-BLOW-269,Industrial Blower,298.02,313.73,1777.7,27.04,182,H,0
M-BLOW-270,Industrial Blower,299.26,311.18,1912.8,22.93,121,L,0
M-BLOW-271,Industrial Blower,300.26,311.53,1384.1,39.99,100,L,0
M-BLOW-272,Industrial Blower,295.21,308.18,1270.7,31.67,63,L,0
M-BLOW-273,Industrial Blower,302.94,306.32,1241.0,41.26,85,M,0
M-BLOW-274,Industrial Blower,296.99,308.68,1347.0,34.98,109,L,0
M-BLOW-275,Industrial Blower,297.81,309.56,1389.3,43.03,113,H,0
M-BLOW-276,Industrial Blower,297.45,304.91,1041.7,30.78,80,L,0
M-BLOW-277,Industrial Blower,296.54,312.73,1474.0,21.71,194,L,0
M-BLOW-278,Industrial Blower,300.68,311.67,2487.1,32.8,38,H,0
M-BLOW-279,Industrial Blower,301.0,311.23,2122.3,18.26,190,M,0
M-BLOW-280,Industrial Blower,300.85,304.38,2441.5,31.88,121,L,0
M-BLOW-281,Industrial Blower,303.36,306.42,2396.6,37.1,23,M,0
M-BLOW-282,Industrial Blower,298.72,310.41,2052.0,21.31,170,L,0
M-BLOW-283,Industrial Blower,300.71,314.13,2219.5,21.65,163,L,0
M-BLOW-284,Industrial Blower,296.24,314.77,1037.5,30.67,159,L,0
M-BLOW-285,Industrial Blower,301.61,309.82,1976.4,36.0,109,M,0
M-BLOW-286,Industrial Blower,302.62,307.44,1784.8,15.25,143,H,0
M-BLOW-287,Industrial Blower,299.33,306.31,1035.3,29.5,96,M,0
M-BLOW-288,Industrial Blower,296.88,314.42,1005.3,41.75,152,H,0
M-BLOW-289,Industrial Blower,299.25,314.88,1965.5,18.82,102,M,0
M-BLOW-290,Industrial Blower,302.22,314.08,1123.4,24.42,73,L,0
M-BLOW-291,Industrial Blower,300.03,313.68,1639.0,36.68,71,L,0
M-BLOW-292,Industrial Blower,299.1,312.84,1383.7,35.81,92,H,0
M-BLOW-293,Industrial Blower,298.72,310.05,1227.6,20.52,103,M,0
M-BLOW-294,Industrial Blower,298.97,309.07,1210.1,20.44,172,H,0
M-BLOW-295,Industrial Blower,300.99,308.6,2452.4,16.98,169,M,0
M-BLOW-296,Industrial Blower,295.05,306.9,1611.5,24.43,85,L,0
M-BLOW-297,Industrial Blower,298.25,308.61,2141.7,38.82,35,L,0
M-BLOW-298,Industrial Blower,299.34,305.47,1397.1,16.35,84,M,0
M-BLOW-299,Industrial Blower,298.44,310.38,2098.5,33.16,142,L,0
M-BLOW-300,Industrial Blower,302.86,313.47,1229.8,22.53,110,M,0
M-BLOW-301,Industrial Blower,296.19,307.17,2463.1,25.41,95,H,0
M-BLOW-302,Industrial Blower,301.47,308.55,1154.7,44.06,159,L,0
M-BLOW-303,Industrial Blower,303.62,308.48,2077.8,21.19,145,H,0
M-BLOW-304,Industrial Blower,296.14,308.68,1018.1,28.86,114,M,0
M-BLOW-305,Industrial Blower,295.9,305.99,1919.9,34.75,24,M,0
M-BLOW-306,Industrial Blower,302.06,304.76,1619.8,24.8,184,H,0
M-BLOW-307,Industrial Blower,297.87,313.88,1496.0,30.94,25,L,0
M-BLOW-308,Industrial Blower,302.42,310.98,1091.1,17.25,118,M,0
M-BLOW-309,Industrial Blower,300.61,310.58,2258.0,23.44,124,L,0
M-BLOW-310,Industrial Blower,299.42,313.14,1196.9,37.02,189,M,0
M-BLOW-311,Industrial Blower,298.3,304.92,1962.2,31.57,27,L,0
M-BLOW-312,Industrial Blower,302.46,313.98,1818.6,28.58,177,M,0
M-BLOW-313,Industrial Blower,300.9,310.77,1558.2,17.61,23,M,0
M-BLOW-314,Industrial Blower,299.33,313.05,1621.6,23.43,103,M,0
M-BLOW-315,Industrial Blower,295.82,305.24,1478.7,15.38,59,L,0
M-BLOW-316,Industrial Blower,297.11,305.22,2423.6,33.67,30,H,0
M-BLOW-317,Industrial Blower,300.51,309.94,1102.6,21.73,187,M,0
M-BLOW-318,Industrial Blower,298.96,306.75,1200.5,27.08,186,H,0
M-BLOW-319,Industrial Blower,303.92,306.29,1613.2,16.35,125,M,0
M-BLOW-320,Industrial Blower,301.0,309.97,1597.3,37.13,24,M,0
M-BLOW-321,Industrial Blower,296.02,308.8,2186.7,19.27,188,L,0
M-BLOW-322,Industrial Blower,298.73,304.07,2184.6,41.43,51,L,0
M-BLOW-323,Industrial Blower,303.23,309.18,2197.1,28.35,121,M,0
M-BLOW-324,Industrial Blower,296.44,312.21,1002.1,32.39,175,M,0
M-BLOW-325,Industrial Blower,298.0,310.46,1370.3,40.42,85,M,0
M-BLOW-326,Industrial Blower,297.04,304.46,1260.6,16.39,104,M,0
M-BLOW-327,Industrial Blower,295.4,305.0,1728.3,38.98,133,H,0
M-BLOW-328,Industrial Blower,302.99,314.09,1487.4,33.48,108,L,0
M-BLOW-329,Industrial Blower,299.58,314.56,1299.0,25.37,160,L,0
M-BLOW-330,Industrial Blower,301.59,313.46,2053.8,34.08,102,M,0
M-BLOW-331,Industrial Blower,298.66,310.82,1610.0,19.42,39,L,0
M-BLOW-332,Industrial Blower,295.22,305.16,1668.0,22.89,93,H,0
M-BLOW-333,Industrial Blower,296.18,312.81,2138.7,18.13,140,M,0
M-BLOW-334,Industrial Blower,301.42,309.22,1405.0,34.91,86,M,0
M-BLOW-335,Industrial Blower,298.68,312.4,1713.7,24.0,169,L,0
M-BLOW-336,Industrial Blower,298.9,308.12,1919.0,16.74,144,L,0
M-BLOW-337,Industrial Blower,298.58,305.92,1043.2,34.12,68,M,0
M-BLOW-338,Industrial Blower,298.48,305.92,1762.6,28.79,132,M,0
M-BLOW-339,Industrial Blower,296.93,312.96,2053.3,38.17,42,M,0
M-BLOW-340,Industrial Blower,300.18,313.43,2338.2,39.96,27,L,0
M-BLOW-341,Industrial Blower,303.09,304.62,1624.4,31.1,61,M,0
M-BLOW-342,Industrial Blower,302.97,313.54,2409.8,29.52,93,M,0
M-BLOW-343,Industrial Blower,298.75,304.46,2079.9,23.43,28,H,0
M-BLOW-344,Industrial Blower,303.38,306.77,1671.8,43.52,104,H,0
M-BLOW-345,Industrial Blower,299.97,304.97,1142.6,40.54,72,M,0
M-BLOW-346,Industrial Blower,299.58,306.45,1776.7,17.07,82,M,0
M-BLOW-347,Industrial Blower,297.06,311.26,1077.7,29.54,148,M,0
M-BLOW-348,Industrial Blower,302.87,310.95,2437.7,23.52,188,M,0
M-BLOW-349,Industrial Blower,301.71,313.92,1826.8,40.87,117,M,0
M-BLOW-350,Industrial Blower,299.01,305.6,1830.3,44.32,161,L,0
M-BLOW-351,Industrial Blower,300.79,307.83,1254.4,21.74,21,M,0
M-BLOW-352,Industrial Blower,302.31,306.96,1137.8,25.07,72,M,0
M-BLOW-353,Industrial Blower,297.38,307.74,2361.3,25.05,161,M,0
M-BLOW-354,Industrial Blower,298.04,313.0,1892.6,15.26,32,L,0
M-BLOW-355,Industrial Blower,299.02,308.46,1218.7,19.72,163,L,0
M-BLOW-356,Industrial Blower,300.04,307.25,2399.1,33.72,163,H,0
M-BLOW-357,Industrial Blower,299.05,313.58,1507.3,36.8,138,H,0
M-BLOW-358,Industrial Blower,301.97,305.24,2091.9,44.73,192,L,0
M-BLOW-359,Industrial Blower,299.81,311.42,2092.2,15.25,38,M,0
M-BLOW-360,Industrial Blower,295.06,314.0,1734.5,22.73,90,L,0
M-BLOW-361,Industrial Blower,303.34,305.28,2166.9,32.35,125,L,0
M-BLOW-362,Industrial Blower,297.01,309.84,1479.0,17.84,38,H,0
M-BLOW-363,Industrial Blower,300.53,305.16,1855.2,32.65,182,M,0
M-BLOW-364,Industrial Blower,303.87,304.34,2056.2,15.79,151,M,0
M-BLOW-365,Industrial Blower,300.5,307.4,1238.7,36.71,182,H,0
M-BLOW-366,Industrial Blower,303.29,305.54,2103.5,43.78,46,M,0
M-BLOW-367,Industrial Blower,298.04,308.27,2129.7,34.84,194,H,0
M-BLOW-368,Industrial Blower,299.89,308.94,2378.3,15.32,198,M,0
M-BLOW-369,Industrial Blower,300.63,307.96,2278.8,31.86,139,M,0
M-BLOW-370,Industrial Blower,298.28,304.84,2211.6,23.69,172,M,0
M-BLOW-371,Industrial Blower,298.18,310.54,1968.2,36.2,168,H,0
M-BLOW-372,Industrial Blower,303.5,308.52,2290.7,21.61,25,M,0
M-BLOW-373,Industrial Blower,297.92,314.83,1156.7,16.42,28,M,0
M-BLOW-374,Industrial Blower,300.21,309.56,1525.1,17.66,62,H,0
M-BLOW-375,Industrial Blower,301.71,312.58,2165.5,44.07,179,M,0
M-BLOW-376,Industrial Blower,298.73,314.07,1916.8,23.83,121,L,0
M-BLOW-377,Industrial Blower,302.65,307.09,2429.4,44.44,61,L,0
M-BLOW-378,Industrial Blower,302.95,304.44,2004.5,24.16,141,L,0
M-BLOW-379,Industrial Blower,299.49,308.56,2382.3,44.22,31,L,0
M-BLOW-380,Industrial Blower,295.74,307.71,2143.9,38.31,150,H,0
M-BLOW-381,Industrial Blower,296.2,314.3,1122.2,17.36,170,M,0
M-BLOW-382,Industrial Blower,298.16,305.82,2326.3,44.66,28,M,0
M-BLOW-383,Industrial Blower,297.35,313.16,1519.1,36.44,117,M,0
M-BLOW-384,Industrial Blower,302.72,309.17,2268.4,25.9,51,M,0
M-BLOW-385,Industrial Blower,299.49,309.26,2212.5,31.94,179,M,0
M-BLOW-386,Industrial Blower,297.02,305.42,2302.5,16.69,41,H,0
M-BLOW-387,Industrial Blower,298.81,309.86,1029.8,30.47,90,L,0
M-BLOW-388,Industrial Blower,302.47,311.53,1710.2,21.48,172,M,0
M-BLOW-389,Industrial Blower,298.21,314.08,2463.4,41.94,199,L,0
M-BLOW-390,Industrial Blower,301.34,307.23,2429.4,41.3,63,M,0
M-BLOW-391,Industrial Blower,295.63,314.49,1859.2,22.36,72,L,0
M-BLOW-392,Industrial Blower,300.54,308.63,1749.8,17.96,33,M,0
M-BLOW-393,Industrial Blower,299.61,307.95,1849.2,17.18,189,M,0
M-BLOW-394,Industrial Blower,295.65,305.86,1143.2,20.36,95,L,0
M-BLOW-395,Industrial Blower,297.45,308.8,2393.1,23.87,163,H,0
M-BLOW-396,Industrial Blower,296.6,309.02,1351.2,42.09,29,M,0
M-BLOW-397,Industrial Blower,300.44,304.73,2098.8,29.07,150,L,0
M-BLOW-398,Industrial Blower,297.91,309.33,1391.1,21.05,20,L,0
M-BLOW-399,Industrial Blower,298.97,304.14,1013.4,23.65,22,M,0
M-BLOW-400,Industrial Blower,295.57,304.43,2004.1,42.21,93,L,0
M-BLOW-F1-001,Industrial Blower,306.23,330.11,1094.2,40.15,143,L,1
M-BLOW-F1-002,Industrial Blower,312.57,327.3,1397.3,34.3,81,H,1
M-BLOW-F1-003,Industrial Blower,309.81,328.47,1020.8,33.64,111,H,1
M-BLOW-F1-004,Industrial Blower,309.45,332.54,2326.3,27.32,68,H,1
M-BLOW-F1-005,Industrial Blower,306.28,323.87,2410.4,43.76,133,M,1
M-BLOW-F1-006,Industrial Blower,307.15,327.74,1969.8,27.74,116,L,1
M-BLOW-F1-007,Industrial Blower,312.26,326.53,2187.5,15.76,115,M,1
M-BLOW-F1-008,Industrial Blower,308.16,321.19,1288.6,44.76,78,L,1
M-BLOW-F1-009,Industrial Blower,307.3,322.65,1836.7,25.49,110,M,1
M-BLOW-F1-010,Industrial Blower,312.49,325.61,1858.5,24.63,118,M,1
M-BLOW-F1-011,Industrial Blower,309.18,323.59,1921.2,43.29,38,L,1
M-BLOW-F1-012,Industrial Blower,310.34,326.83,2442.5,33.18,136,M,1
M-BLOW-F1-013,Industrial Blower,308.0,329.03,2384.8,40.24,47,M,1
M-BLOW-F1-014,Industrial Blower,310.14,327.43,1290.7,21.9,126,L,1
M-BLOW-F1-015,Industrial Blower,312.71,332.13,1462.4,40.79,113,L,1
M-BLOW-F1-016,Industrial Blower,308.18,323.51,2056.4,42.85,135,L,1
M-BLOW-F1-017,Industrial Blower,309.1,329.33,2201.6,37.6,114,H,1
M-BLOW-F1-018,Industrial Blower,311.28,326.22,2442.4,33.22,105,L,1
M-BLOW-F1-019,Industrial Blower,306.75,323.59,1984.1,24.46,68,L,1
M-BLOW-F1-020,Industrial Blower,310.63,321.34,1466.3,17.28,97,H,1
M-BLOW-F2-001,Industrial Blower,306.29,317.81,1074.2,65.05,106,M,1
M-BLOW-F2-002,Industrial Blower,302.16,323.46,1437.5,66.07,134,M,1
M-BLOW-F2-003,Industrial Blower,296.94,311.08,2186.0,83.55,51,M,1
M-BLOW-F2-004,Industrial Blower,297.65,319.47,1231.6,57.71,135,M,1
M-BLOW-F2-005,Industrial Blower,297.3,322.18,1953.0,76.25,147,M,1
M-BLOW-F2-006,Industrial Blower,297.54,309.04,1398.1,58.79,94,H,1
M-BLOW-F2-007,Industrial Blower,301.33,311.03,1460.3,75.99,69,M,1
M-BLOW-F2-008,Industrial Blower,307.89,320.22,1642.3,73.2,106,H,1
M-BLOW-F2-009,Industrial Blower,296.96,319.04,1455.6,57.87,61,H,1
M-BLOW-F2-010,Industrial Blower,307.0,311.45,1179.6,74.57,93,M,1
M-BLOW-F2-011,Industrial Blower,301.23,315.94,1973.5,62.68,75,L,1
M-BLOW-F2-012,Industrial Blower,298.28,312.99,1239.5,56.85,57,H,1
M-BLOW-F2-013,Industrial Blower,297.86,314.17,1025.9,78.27,131,M,1
M-BLOW-F2-014,Industrial Blower,307.82,319.54,1929.7,61.87,137,L,1
M-BLOW-F2-015,Industrial Blower,298.84,319.67,1933.7,65.18,86,H,1
M-BLOW-F2-016,Industrial Blower,298.08,309.05,1700.2,74.54,148,M,1
M-BLOW-F2-017,Industrial Blower,299.13,309.01,2106.2,70.26,123,H,1
M-BLOW-F2-018,Industrial Blower,301.86,313.54,1037.9,78.94,91,M,1
M-BLOW-F2-019,Industrial Blower,305.67,315.6,1004.4,83.88,55,L,1
M-BLOW-F2-020,Industrial Blower,305.8,310.76,1592.5,57.43,69,L,1
M-BLOW-F3-001,Industrial Blower,297.13,305.29,3633.9,59.17,114,L,1
M-BLOW-F3-002,Industrial Blower,301.26,313.3,3278.6,59.76,70,L,1
M-BLOW-F3-003,Industrial Blower,298.96,314.56,3961.3,62.43,88,M,1
M-BLOW-F3-004,Industrial Blower,299.74,307.23,4130.6,63.8,132,M,1
M-BLOW-F3-005,Industrial Blower,295.64,311.51,3468.0,65.17,129,H,1
M-BLOW-F3-006,Industrial Blower,300.42,311.61,3710.2,58.75,51,M,1
M-BLOW-F3-007,Industrial Blower,301.91,304.21,3973.6,58.98,151,L,1
M-BLOW-F3-008,Industrial Blower,300.97,308.53,3593.9,53.18,33,M,1
M-BLOW-F3-009,Industrial Blower,302.25,306.88,3524.6,59.49,147,H,1
M-BLOW-F3-010,Industrial Blower,297.13,314.1,3049.4,61.31,109,M,1
M-BLOW-F3-011,Industrial Blower,299.21,313.4,3206.2,53.67,91,M,1
M-BLOW-F3-012,Industrial Blower,300.17,314.13,4146.4,53.64,62,H,1
M-BLOW-F3-013,Industrial Blower,303.35,308.38,3562.1,63.95,91,H,1
M-BLOW-F3-014,Industrial Blower,298.94,310.94,3899.0,61.12,36,M,1
M-BLOW-F3-015,Industrial Blower,301.6,313.68,3059.0,50.26,110,M,1
M-BLOW-F3-016,Industrial Blower,296.4,310.03,4218.1,60.86,82,L,1
M-BLOW-F3-017,Industrial Blower,296.92,308.56,3659.7,58.58,148,M,1
M-BLOW-F3-018,Industrial Blower,295.51,314.08,3271.3,56.32,94,L,1
M-BLOW-F3-019,Industrial Blower,299.82,308.93,3729.5,66.97,134,H,1
M-BLOW-F3-020,Industrial Blower,302.23,313.25,3863.4,61.33,81,M,1
M-BLOW-F4-001,Industrial Blower,301.64,305.35,1386.0,23.78,278,M,1
M-BLOW-F4-002,Industrial Blower,299.06,313.09,2075.2,50.76,220,M,1
M-BLOW-F4-003,Industrial Blower,301.36,306.28,1490.7,32.21,274,M,1
M-BLOW-F4-004,Industrial Blower,299.44,308.74,1342.9,51.12,238,M,1
M-BLOW-F4-005,Industrial Blower,296.34,308.78,2355.7,53.83,242,H,1
M-BLOW-F4-006,Industrial Blower,297.83,307.6,1966.8,35.11,272,L,1
M-BLOW-F4-007,Industrial Blower,297.26,312.63,2271.2,38.94,284,L,1
M-BLOW-F4-008,Industrial Blower,300.36,313.97,1900.5,36.04,241,L,1
M-BLOW-F4-009,Industrial Blower,296.1,309.21,1806.1,37.3,263,M,1
M-BLOW-F4-010,Industrial Blower,297.31,313.43,1986.3,48.68,235,M,1
M-BLOW-F4-011,Industrial Blower,301.43,308.22,2218.4,16.59,259,M,1
M-BLOW-F4-012,Industrial Blower,299.8,310.93,1250.8,42.18,240,M,1
M-BLOW-F4-013,Industrial Blower,298.0,309.21,1932.4,47.94,251,M,1
M-BLOW-F4-014,Industrial Blower,299.39,311.58,1520.1,32.04,257,M,1
M-BLOW-F4-015,Industrial Blower,296.88,305.54,1528.9,18.31,258,H,1
M-BLOW-F4-016,Industrial Blower,298.4,306.96,1945.6,48.39,262,M,1
M-BLOW-F4-017,Industrial Blower,301.02,304.33,1184.3,20.06,222,M,1
M-BLOW-F4-018,Industrial Blower,299.79,305.26,2402.7,48.53,287,H,1
M-BLOW-F4-019,Industrial Blower,302.66,312.84,2353.2,36.3,274,H,1
M-BLOW-F4-020,Industrial Blower,295.68,305.3,2372.2,18.79,222,L,1
M-BLOW-F5-001,Industrial Blower,305.54,325.96,3342.0,52.57,211,M,1
M-BLOW-F5-002,Industrial Blower,309.99,326.03,2982.5,59.57,229,L,1
M-BLOW-F5-003,Industrial Blower,306.71,320.18,3310.3,61.02,213,L,1
M-BLOW-F5-004,Industrial Blower,307.93,322.91,3255.0,61.98,242,L,1
M-BLOW-F5-005,Industrial Blower,308.07,324.28,3210.4,62.51,218,M,1
M-BLOW-F5-006,Industrial Blower,308.47,322.4,3054.6,67.13,210,M,1
M-BLOW-F5-007,Industrial Blower,307.45,322.01,3005.4,55.25,226,M,1
M-BLOW-F5-008,Industrial Blower,307.19,324.38,3090.2,67.87,241,H,1
M-BLOW-F5-009,Industrial Blower,306.39,319.63,3459.3,69.7,214,M,1
M-BLOW-F5-010,Industrial Blower,309.8,324.98,3118.9,56.63,223,L,1
M-BLOW-F5-011,Industrial Blower,308.9,323.23,2840.7,70.66,252,H,1
M-BLOW-F5-012,Industrial Blower,305.28,323.29,2963.1,57.49,214,L,1
M-BLOW-F5-013,Industrial Blower,309.15,319.91,3407.4,65.58,226,L,1
M-BLOW-F5-014,Industrial Blower,307.99,325.79,3102.0,61.89,224,M,1
M-BLOW-F5-015,Industrial Blower,307.84,326.58,3200.1,54.73,210,L,1
M-BLOW-F5-016,Industrial Blower,306.82,321.52,3350.5,70.89,247,H,1
M-BLOW-F5-017,Industrial Blower,306.96,325.08,3430.2,71.97,235,L,1
M-BLOW-F5-018,Industrial Blower,305.23,321.29,3028.6,71.5,210,M,1
M-BLOW-F5-019,Industrial Blower,309.65,321.45,2918.8,66.53,247,M,1
M-BLOW-F5-020,Industrial Blower,309.73,320.62,3435.1,67.05,228,L,1
M-MIX-001,Mixing / Agitator Motor,298.2,310.23,1708.9,35.69,20,M,0
M-MIX-002,Mixing / Agitator Motor,297.93,322.67,1699.5,58.95,109,M,0
M-MIX-003,Mixing / Agitator Motor,299.04,313.07,631.3,56.79,148,L,0
M-MIX-004,Mixing / Agitator Motor,303.65,320.29,900.4,83.3,218,L,0
M-MIX-005,Mixing / Agitator Motor,297.35,318.27,1336.2,47.7,228,M,0
M-MIX-006,Mixing / Agitator Motor,298.95,316.23,920.1,85.44,112,M,0
M-MIX-007,Mixing / Agitator Motor,302.63,309.38,1483.8,76.1,119,L,0
M-MIX-008,Mixing / Agitator Motor,302.21,319.82,1701.6,69.98,110,H,0
M-MIX-009,Mixing / Agitator Motor,303.55,324.4,1111.3,50.39,129,L,0
M-MIX-010,Mixing / Agitator Motor,297.01,323.08,1652.3,62.48,45,M,0
M-MIX-011,Mixing / Agitator Motor,298.24,316.63,621.7,65.34,86,L,0
M-MIX-012,Mixing / Agitator Motor,304.2,324.97,834.8,33.71,113,H,0
M-MIX-013,Mixing / Agitator Motor,298.61,318.15,1269.8,32.6,113,M,0
M-MIX-014,Mixing / Agitator Motor,299.41,322.82,709.4,45.23,52,H,0
M-MIX-015,Mixing / Agitator Motor,304.91,312.72,1439.3,55.68,153,L,0
M-MIX-016,Mixing / Agitator Motor,304.6,309.17,1598.8,57.11,93,M,0
M-MIX-017,Mixing / Agitator Motor,305.55,309.6,1498.5,42.21,99,L,0
M-MIX-018,Mixing / Agitator Motor,301.91,309.15,1160.5,77.38,131,H,0
M-MIX-019,Mixing / Agitator Motor,301.01,323.71,1355.7,73.79,185,H,0
M-MIX-020,Mixing / Agitator Motor,302.23,314.39,680.9,42.16,184,H,0
M-MIX-021,Mixing / Agitator Motor,299.81,312.84,563.2,57.73,180,H,0
M-MIX-022,Mixing / Agitator Motor,298.01,320.24,1271.7,72.91,68,L,0
M-MIX-023,Mixing / Agitator Motor,301.32,318.38,619.8,42.3,182,M,0
M-MIX-024,Mixing / Agitator Motor,297.83,318.15,1212.3,66.47,149,M,0
M-MIX-025,Mixing / Agitator Motor,301.44,323.71,1194.0,67.04,76,L,0
M-MIX-026,Mixing / Agitator Motor,297.22,317.47,999.0,66.23,95,L,0
M-MIX-027,Mixing / Agitator Motor,297.18,314.9,1580.6,45.01,31,M,0
M-MIX-028,Mixing / Agitator Motor,305.79,309.09,591.1,65.71,72,M,0
M-MIX-029,Mixing / Agitator Motor,304.47,311.38,1435.1,60.27,210,L,0
M-MIX-030,Mixing / Agitator Motor,301.36,317.94,1469.6,49.12,67,L,0
M-MIX-031,Mixing / Agitator Motor,300.89,308.03,1589.0,65.98,55,H,0
M-MIX-032,Mixing / Agitator Motor,299.62,323.77,1713.5,48.66,195,M,0
M-MIX-033,Mixing / Agitator Motor,302.89,313.69,1170.8,47.63,32,H,0
M-MIX-034,Mixing / Agitator Motor,299.62,324.6,1755.4,79.66,68,M,0
M-MIX-035,Mixing / Agitator Motor,300.96,314.58,558.3,62.07,35,L,0
M-MIX-036,Mixing / Agitator Motor,303.22,314.0,1341.3,43.98,75,M,0
M-MIX-037,Mixing / Agitator Motor,304.17,311.58,1231.6,42.03,79,M,0
M-MIX-038,Mixing / Agitator Motor,302.81,316.95,1437.7,43.2,21,M,0
M-MIX-039,Mixing / Agitator Motor,298.03,312.19,897.4,74.81,151,H,0
M-MIX-040,Mixing / Agitator Motor,302.38,320.04,1005.6,44.76,162,M,0
M-MIX-041,Mixing / Agitator Motor,297.7,319.33,1135.1,75.2,60,M,0
M-MIX-042,Mixing / Agitator Motor,301.89,316.19,1002.3,74.76,138,L,0
M-MIX-043,Mixing / Agitator Motor,298.38,320.39,1100.0,32.03,69,H,0
M-MIX-044,Mixing / Agitator Motor,301.11,313.54,1783.7,82.11,193,M,0
M-MIX-045,Mixing / Agitator Motor,304.26,312.54,1228.8,53.58,55,H,0
M-MIX-046,Mixing / Agitator Motor,302.02,309.66,1433.4,85.29,54,M,0
M-MIX-047,Mixing / Agitator Motor,303.65,312.88,1697.0,83.31,41,H,0
M-MIX-048,Mixing / Agitator Motor,305.79,324.26,1049.0,33.03,149,M,0
M-MIX-049,Mixing / Agitator Motor,305.43,321.51,1344.5,47.07,167,M,0
M-MIX-050,Mixing / Agitator Motor,297.34,316.64,1135.3,75.78,201,M,0
M-MIX-051,Mixing / Agitator Motor,301.05,316.0,921.5,74.6,129,L,0
M-MIX-052,Mixing / Agitator Motor,302.85,311.6,714.3,52.34,92,M,0
M-MIX-053,Mixing / Agitator Motor,298.65,324.63,689.4,69.16,22,M,0
M-MIX-054,Mixing / Agitator Motor,299.78,314.49,1147.5,66.02,142,M,0
M-MIX-055,Mixing / Agitator Motor,304.6,323.07,1458.4,34.74,221,L,0
M-MIX-056,Mixing / Agitator Motor,303.41,316.8,825.8,75.38,204,M,0
M-MIX-057,Mixing / Agitator Motor,302.66,311.28,965.1,73.39,23,M,0
M-MIX-058,Mixing / Agitator Motor,303.9,313.69,599.0,79.15,49,M,0
M-MIX-059,Mixing / Agitator Motor,303.37,321.89,1621.1,61.83,119,L,0
M-MIX-060,Mixing / Agitator Motor,302.07,317.84,1064.2,52.37,120,M,0
M-MIX-061,Mixing / Agitator Motor,300.09,324.89,937.1,45.38,94,M,0
M-MIX-062,Mixing / Agitator Motor,305.2,321.39,1594.9,81.54,213,M,0
M-MIX-063,Mixing / Agitator Motor,301.13,314.55,996.4,69.14,104,M,0
M-MIX-064,Mixing / Agitator Motor,300.44,313.29,959.0,78.23,146,L,0
M-MIX-065,Mixing / Agitator Motor,304.49,316.26,815.1,70.43,172,M,0
M-MIX-066,Mixing / Agitator Motor,299.07,317.47,830.0,86.4,152,M,0
M-MIX-067,Mixing / Agitator Motor,298.94,320.18,1420.1,65.83,149,M,0
M-MIX-068,Mixing / Agitator Motor,300.24,323.94,1123.1,31.22,93,H,0
M-MIX-069,Mixing / Agitator Motor,300.27,318.34,529.5,82.21,148,M,0
M-MIX-070,Mixing / Agitator Motor,299.8,315.92,822.5,30.26,25,M,0
M-MIX-071,Mixing / Agitator Motor,298.12,308.38,1617.1,46.45,125,H,0
M-MIX-072,Mixing / Agitator Motor,297.42,320.66,662.4,31.54,143,H,0
M-MIX-073,Mixing / Agitator Motor,300.93,312.91,915.2,30.23,222,M,0
M-MIX-074,Mixing / Agitator Motor,302.15,319.32,1536.8,66.47,180,M,0
M-MIX-075,Mixing / Agitator Motor,300.34,321.99,1624.9,38.27,133,M,0
M-MIX-076,Mixing / Agitator Motor,297.75,323.8,1176.1,68.73,57,M,0
M-MIX-077,Mixing / Agitator Motor,298.09,312.49,1140.1,80.02,132,M,0
M-MIX-078,Mixing / Agitator Motor,297.4,318.57,1046.2,89.06,183,L,0
M-MIX-079,Mixing / Agitator Motor,297.11,321.22,753.0,65.15,113,M,0
M-MIX-080,Mixing / Agitator Motor,298.2,315.77,548.0,32.46,158,L,0
M-MIX-081,Mixing / Agitator Motor,304.0,315.98,572.6,32.7,53,L,0
M-MIX-082,Mixing / Agitator Motor,300.59,322.34,1416.7,66.33,219,M,0
M-MIX-083,Mixing / Agitator Motor,301.09,322.7,1217.3,44.79,63,L,0
M-MIX-084,Mixing / Agitator Motor,297.12,323.54,523.9,67.86,146,M,0
M-MIX-085,Mixing / Agitator Motor,301.27,322.49,1357.1,76.91,44,H,0
M-MIX-086,Mixing / Agitator Motor,297.26,310.5,1367.1,59.64,177,H,0
M-MIX-087,Mixing / Agitator Motor,300.3,323.1,1716.4,85.3,191,M,0
M-MIX-088,Mixing / Agitator Motor,305.22,320.14,1740.1,31.49,213,M,0
M-MIX-089,Mixing / Agitator Motor,298.01,311.65,1607.8,60.37,226,H,0
M-MIX-090,Mixing / Agitator Motor,300.71,313.64,1171.0,68.01,158,H,0
M-MIX-091,Mixing / Agitator Motor,297.8,308.6,1624.0,48.8,97,M,0
M-MIX-092,Mixing / Agitator Motor,304.64,308.24,654.2,71.11,222,M,0
M-MIX-093,Mixing / Agitator Motor,299.35,316.84,1767.5,61.68,98,M,0
M-MIX-094,Mixing / Agitator Motor,305.7,320.22,1393.3,43.92,137,M,0
M-MIX-095,Mixing / Agitator Motor,299.16,323.22,998.1,46.97,215,H,0
M-MIX-096,Mixing / Agitator Motor,303.71,319.1,1696.6,79.92,168,M,0
M-MIX-097,Mixing / Agitator Motor,301.46,324.06,530.2,77.66,72,H,0
M-MIX-098,Mixing / Agitator Motor,299.09,309.02,1789.6,82.19,129,L,0
M-MIX-099,Mixing / Agitator Motor,302.01,321.8,1598.2,43.97,116,M,0
M-MIX-100,Mixing / Agitator Motor,305.81,319.61,1666.9,80.77,142,L,0
M-MIX-101,Mixing / Agitator Motor,300.4,314.45,1515.3,38.07,84,M,0
M-MIX-102,Mixing / Agitator Motor,300.78,323.99,1746.1,60.15,133,L,0
M-MIX-103,Mixing / Agitator Motor,301.12,311.23,1471.1,74.27,71,L,0
M-MIX-104,Mixing / Agitator Motor,302.52,312.02,1347.7,44.02,75,L,0
M-MIX-105,Mixing / Agitator Motor,305.37,312.37,1706.5,44.33,44,H,0
M-MIX-106,Mixing / Agitator Motor,299.18,314.55,1705.8,44.53,96,L,0
M-MIX-107,Mixing / Agitator Motor,299.72,319.63,1061.7,41.79,174,H,0
M-MIX-108,Mixing / Agitator Motor,299.63,314.06,1095.7,70.79,116,M,0
M-MIX-109,Mixing / Agitator Motor,302.36,314.35,1714.2,87.35,142,H,0
M-MIX-110,Mixing / Agitator Motor,301.42,311.14,1128.2,41.31,167,H,0
M-MIX-111,Mixing / Agitator Motor,305.58,311.32,1358.9,85.02,72,L,0
M-MIX-112,Mixing / Agitator Motor,300.5,324.33,1762.8,41.28,194,H,0
M-MIX-113,Mixing / Agitator Motor,299.04,309.43,703.5,67.93,114,L,0
M-MIX-114,Mixing / Agitator Motor,299.99,324.47,564.8,33.78,167,L,0
M-MIX-115,Mixing / Agitator Motor,304.16,316.33,850.5,30.81,126,M,0
M-MIX-116,Mixing / Agitator Motor,300.1,317.83,1447.5,72.05,75,M,0
M-MIX-117,Mixing / Agitator Motor,298.34,310.07,1521.6,71.62,181,H,0
M-MIX-118,Mixing / Agitator Motor,305.23,310.26,1631.0,51.14,42,M,0
M-MIX-119,Mixing / Agitator Motor,298.63,316.34,1734.7,49.67,148,L,0
M-MIX-120,Mixing / Agitator Motor,302.67,314.16,1788.1,41.24,129,L,0
M-MIX-121,Mixing / Agitator Motor,297.01,319.93,846.4,40.18,77,L,0
M-MIX-122,Mixing / Agitator Motor,305.03,311.63,652.1,51.85,144,L,0
M-MIX-123,Mixing / Agitator Motor,305.69,320.77,1278.7,38.54,35,M,0
M-MIX-124,Mixing / Agitator Motor,301.85,322.38,919.4,32.38,108,L,0
M-MIX-125,Mixing / Agitator Motor,304.16,308.57,1637.1,58.3,96,M,0
M-MIX-126,Mixing / Agitator Motor,302.36,317.02,1353.6,64.42,50,M,0
M-MIX-127,Mixing / Agitator Motor,304.57,319.28,1082.9,40.96,21,M,0
M-MIX-128,Mixing / Agitator Motor,297.49,316.2,1568.3,47.12,198,L,0
M-MIX-129,Mixing / Agitator Motor,298.13,318.96,697.2,69.29,49,M,0
M-MIX-130,Mixing / Agitator Motor,302.1,308.86,699.3,49.22,117,L,0
M-MIX-131,Mixing / Agitator Motor,298.69,313.91,1118.5,47.75,151,M,0
M-MIX-132,Mixing / Agitator Motor,303.95,316.59,612.2,67.62,139,M,0
M-MIX-133,Mixing / Agitator Motor,297.1,311.41,1027.4,41.99,141,L,0
M-MIX-134,Mixing / Agitator Motor,304.7,319.0,1395.7,66.51,226,M,0
M-MIX-135,Mixing / Agitator Motor,299.4,310.15,1131.4,35.77,76,M,0
M-MIX-136,Mixing / Agitator Motor,305.62,324.38,1466.9,53.36,201,L,0
M-MIX-137,Mixing / Agitator Motor,305.19,318.88,762.3,35.46,212,H,0
M-MIX-138,Mixing / Agitator Motor,299.66,316.28,528.6,84.41,80,H,0
M-MIX-139,Mixing / Agitator Motor,305.94,313.29,1639.8,57.21,159,M,0
M-MIX-140,Mixing / Agitator Motor,301.53,312.38,1736.4,33.66,77,L,0
M-MIX-141,Mixing / Agitator Motor,301.32,318.2,1347.2,34.26,23,L,0
M-MIX-142,Mixing / Agitator Motor,299.44,314.47,1386.7,44.18,173,M,0
M-MIX-143,Mixing / Agitator Motor,304.71,312.74,765.0,79.9,88,M,0
M-MIX-144,Mixing / Agitator Motor,304.14,318.8,1074.2,44.99,180,H,0
M-MIX-145,Mixing / Agitator Motor,305.35,310.56,1546.4,55.45,59,M,0
M-MIX-146,Mixing / Agitator Motor,298.99,310.31,810.9,82.04,42,L,0
M-MIX-147,Mixing / Agitator Motor,297.04,319.19,1613.5,86.04,50,M,0
M-MIX-148,Mixing / Agitator Motor,297.97,313.99,1451.5,50.76,85,H,0
M-MIX-149,Mixing / Agitator Motor,297.6,309.96,1638.1,30.67,165,L,0
M-MIX-150,Mixing / Agitator Motor,302.11,320.42,1348.0,57.33,100,L,0
M-MIX-151,Mixing / Agitator Motor,305.75,319.07,756.5,56.87,124,L,0
M-MIX-152,Mixing / Agitator Motor,303.01,316.75,1384.5,31.44,183,M,0
M-MIX-153,Mixing / Agitator Motor,302.91,309.94,648.8,32.14,211,M,0
M-MIX-154,Mixing / Agitator Motor,300.26,321.39,1313.9,67.2,122,H,0
M-MIX-155,Mixing / Agitator Motor,299.33,309.85,1361.1,44.92,114,M,0
M-MIX-156,Mixing / Agitator Motor,298.29,324.29,1713.4,35.08,193,M,0
M-MIX-157,Mixing / Agitator Motor,303.96,310.57,672.0,83.45,208,M,0
M-MIX-158,Mixing / Agitator Motor,304.83,319.35,740.5,49.74,48,L,0
M-MIX-159,Mixing / Agitator Motor,305.87,317.29,1352.6,74.77,67,M,0
M-MIX-160,Mixing / Agitator Motor,300.71,318.11,1605.6,45.25,118,L,0
M-MIX-161,Mixing / Agitator Motor,297.79,316.72,687.7,62.35,181,M,0
M-MIX-162,Mixing / Agitator Motor,304.65,313.69,748.0,57.92,203,H,0
M-MIX-163,Mixing / Agitator Motor,299.95,319.1,964.9,34.25,89,L,0
M-MIX-164,Mixing / Agitator Motor,305.71,308.68,1240.1,36.32,162,H,0
M-MIX-165,Mixing / Agitator Motor,297.13,321.21,596.8,48.31,221,L,0
M-MIX-166,Mixing / Agitator Motor,298.45,317.54,1226.9,57.14,214,L,0
M-MIX-167,Mixing / Agitator Motor,303.88,312.58,1064.6,59.25,82,H,0
M-MIX-168,Mixing / Agitator Motor,298.14,311.07,764.7,44.54,73,M,0
M-MIX-169,Mixing / Agitator Motor,301.59,313.25,1679.5,63.19,185,L,0
M-MIX-170,Mixing / Agitator Motor,298.47,315.27,1063.2,51.27,21,L,0
M-MIX-171,Mixing / Agitator Motor,298.0,324.92,1504.8,64.8,52,M,0
M-MIX-172,Mixing / Agitator Motor,299.35,312.29,1578.4,52.84,114,L,0
M-MIX-173,Mixing / Agitator Motor,297.79,318.11,1251.7,55.51,194,L,0
M-MIX-174,Mixing / Agitator Motor,301.19,315.75,1152.7,73.39,160,M,0
M-MIX-175,Mixing / Agitator Motor,297.58,324.14,839.4,68.32,193,M,0
M-MIX-176,Mixing / Agitator Motor,302.72,309.83,1760.9,33.49,112,M,0
M-MIX-177,Mixing / Agitator Motor,304.11,310.06,1073.1,47.98,85,L,0
M-MIX-178,Mixing / Agitator Motor,297.05,320.73,1553.5,84.08,151,M,0
M-MIX-179,Mixing / Agitator Motor,300.85,324.49,1645.5,57.81,218,L,0
M-MIX-180,Mixing / Agitator Motor,305.11,319.61,1615.0,83.51,39,L,0
M-MIX-181,Mixing / Agitator Motor,300.0,315.48,1529.5,69.89,207,M,0
M-MIX-182,Mixing / Agitator Motor,300.36,308.54,1101.5,73.44,83,M,0
M-MIX-183,Mixing / Agitator Motor,298.97,321.14,578.7,72.32,99,H,0
M-MIX-184,Mixing / Agitator Motor,304.68,316.29,1279.1,73.92,157,L,0
M-MIX-185,Mixing / Agitator Motor,303.86,318.02,975.3,44.59,209,L,0
M-MIX-186,Mixing / Agitator Motor,300.22,309.91,789.3,70.24,56,L,0
M-MIX-187,Mixing / Agitator Motor,305.31,324.38,512.1,87.49,175,H,0
M-MIX-188,Mixing / Agitator Motor,300.74,319.9,1743.7,39.85,46,M,0
M-MIX-189,Mixing / Agitator Motor,305.71,324.51,796.3,49.16,210,L,0
M-MIX-190,Mixing / Agitator Motor,305.75,323.18,779.6,75.58,30,L,0
M-MIX-191,Mixing / Agitator Motor,302.41,324.25,1748.0,33.05,53,M,0
M-MIX-192,Mixing / Agitator Motor,304.92,321.85,1753.7,67.09,73,H,0
M-MIX-193,Mixing / Agitator Motor,299.01,319.48,1704.2,49.25,203,M,0
M-MIX-194,Mixing / Agitator Motor,299.77,316.65,1075.0,84.83,118,M,0
M-MIX-195,Mixing / Agitator Motor,304.58,324.98,1342.6,45.03,70,H,0
M-MIX-196,Mixing / Agitator Motor,297.7,323.55,625.4,59.06,166,L,0
M-MIX-197,Mixing / Agitator Motor,298.54,315.44,826.9,45.35,83,M,0
M-MIX-198,Mixing / Agitator Motor,297.15,314.95,742.9,88.03,142,L,0
M-MIX-199,Mixing / Agitator Motor,298.76,321.77,1039.2,40.66,179,L,0
M-MIX-200,Mixing / Agitator Motor,305.96,321.28,688.8,49.35,114,H,0
M-MIX-201,Mixing / Agitator Motor,304.09,316.95,1727.8,65.36,129,H,0
M-MIX-202,Mixing / Agitator Motor,298.34,322.44,1787.9,54.91,190,M,0
M-MIX-203,Mixing / Agitator Motor,305.63,312.05,1208.3,54.53,133,M,0
M-MIX-204,Mixing / Agitator Motor,301.48,318.62,605.6,74.58,168,L,0
M-MIX-205,Mixing / Agitator Motor,300.83,309.05,1099.9,38.26,155,H,0
M-MIX-206,Mixing / Agitator Motor,300.37,309.41,504.4,87.63,229,M,0
M-MIX-207,Mixing / Agitator Motor,299.15,323.49,1699.9,81.27,134,H,0
M-MIX-208,Mixing / Agitator Motor,297.8,323.24,1638.6,56.06,88,M,0
M-MIX-209,Mixing / Agitator Motor,304.26,320.44,1300.3,43.89,75,L,0
M-MIX-210,Mixing / Agitator Motor,304.22,309.97,743.5,70.83,101,M,0
M-MIX-211,Mixing / Agitator Motor,302.53,321.2,1547.4,46.81,133,H,0
M-MIX-212,Mixing / Agitator Motor,304.58,322.37,889.4,39.64,34,M,0
M-MIX-213,Mixing / Agitator Motor,297.82,319.57,1381.6,66.84,204,M,0
M-MIX-214,Mixing / Agitator Motor,305.12,308.63,646.6,54.73,144,H,0
M-MIX-215,Mixing / Agitator Motor,302.11,313.23,1653.3,62.0,143,L,0
M-MIX-216,Mixing / Agitator Motor,303.88,315.45,1119.9,68.88,62,H,0
M-MIX-217,Mixing / Agitator Motor,299.8,321.23,834.5,37.85,65,M,0
M-MIX-218,Mixing / Agitator Motor,302.53,319.7,918.5,84.05,114,M,0
M-MIX-219,Mixing / Agitator Motor,305.54,324.65,1360.0,86.69,133,M,0
M-MIX-220,Mixing / Agitator Motor,299.84,317.5,1286.5,56.38,205,M,0
M-MIX-221,Mixing / Agitator Motor,299.46,308.14,1761.7,79.46,149,L,0
M-MIX-222,Mixing / Agitator Motor,304.29,323.84,1001.9,63.29,40,L,0
M-MIX-223,Mixing / Agitator Motor,305.87,321.41,1090.4,59.79,111,M,0
M-MIX-224,Mixing / Agitator Motor,301.75,308.91,1789.5,55.44,214,L,0
M-MIX-225,Mixing / Agitator Motor,299.61,311.77,1794.4,76.33,72,H,0
M-MIX-226,Mixing / Agitator Motor,303.27,313.15,787.7,74.1,162,M,0
M-MIX-227,Mixing / Agitator Motor,305.48,319.55,1661.4,41.43,82,H,0
M-MIX-228,Mixing / Agitator Motor,299.74,324.52,1751.7,75.62,129,L,0
M-MIX-229,Mixing / Agitator Motor,301.98,308.06,1152.0,65.94,75,M,0
M-MIX-230,Mixing / Agitator Motor,299.46,318.6,689.9,73.22,108,M,0
M-MIX-231,Mixing / Agitator Motor,304.27,316.6,991.9,82.69,97,L,0
M-MIX-232,Mixing / Agitator Motor,301.54,311.54,1296.7,47.12,50,H,0
M-MIX-233,Mixing / Agitator Motor,299.18,320.52,1589.4,81.7,76,M,0
M-MIX-234,Mixing / Agitator Motor,299.07,318.59,1653.4,32.45,226,L,0
M-MIX-235,Mixing / Agitator Motor,303.85,319.75,1501.4,89.68,181,M,0
M-MIX-236,Mixing / Agitator Motor,302.53,313.73,1761.1,84.01,139,L,0
M-MIX-237,Mixing / Agitator Motor,305.19,312.14,1253.3,58.9,182,M,0
M-MIX-238,Mixing / Agitator Motor,303.38,314.85,644.4,36.43,45,H,0
M-MIX-239,Mixing / Agitator Motor,301.8,319.42,664.7,66.71,145,H,0
M-MIX-240,Mixing / Agitator Motor,300.64,320.84,521.8,38.82,229,L,0
M-MIX-241,Mixing / Agitator Motor,301.18,318.71,1600.1,80.54,88,M,0
M-MIX-242,Mixing / Agitator Motor,302.74,309.22,1729.5,55.96,97,L,0
M-MIX-243,Mixing / Agitator Motor,298.06,308.67,1390.5,53.1,180,H,0
M-MIX-244,Mixing / Agitator Motor,300.45,312.0,1461.5,43.63,116,L,0
M-MIX-245,Mixing / Agitator Motor,305.24,320.28,1058.0,64.32,164,L,0
M-MIX-246,Mixing / Agitator Motor,305.0,323.83,1553.9,38.81,177,L,0
M-MIX-247,Mixing / Agitator Motor,304.9,323.72,1161.9,69.31,22,M,0
M-MIX-248,Mixing / Agitator Motor,301.26,324.36,1672.2,77.86,31,M,0
M-MIX-249,Mixing / Agitator Motor,303.26,308.5,806.6,83.25,47,H,0
M-MIX-250,Mixing / Agitator Motor,302.23,324.09,1585.0,88.49,178,M,0
M-MIX-251,Mixing / Agitator Motor,305.52,315.25,955.1,56.89,190,L,0
M-MIX-252,Mixing / Agitator Motor,300.22,315.86,1667.8,32.82,184,M,0
M-MIX-253,Mixing / Agitator Motor,300.39,315.6,1044.3,75.4,214,M,0
M-MIX-254,Mixing / Agitator Motor,304.49,320.44,929.9,65.24,160,H,0
M-MIX-255,Mixing / Agitator Motor,300.56,324.87,1328.4,50.05,72,M,0
M-MIX-256,Mixing / Agitator Motor,300.61,311.29,675.7,51.84,147,H,0
M-MIX-257,Mixing / Agitator Motor,297.4,308.59,847.6,41.41,133,M,0
M-MIX-258,Mixing / Agitator Motor,299.92,322.17,1156.4,35.49,82,L,0
M-MIX-259,Mixing / Agitator Motor,305.79,312.33,717.4,59.74,121,M,0
M-MIX-260,Mixing / Agitator Motor,301.76,311.95,649.4,64.23,215,H,0
M-MIX-261,Mixing / Agitator Motor,303.34,315.44,882.2,81.19,115,M,0
M-MIX-262,Mixing / Agitator Motor,300.99,309.38,1273.4,55.13,38,M,0
M-MIX-263,Mixing / Agitator Motor,297.09,311.54,1515.4,32.28,155,L,0
M-MIX-264,Mixing / Agitator Motor,298.54,315.09,1248.1,57.02,150,M,0
M-MIX-265,Mixing / Agitator Motor,298.34,309.51,1467.8,44.32,197,L,0
M-MIX-266,Mixing / Agitator Motor,297.45,311.42,879.6,65.67,190,H,0
M-MIX-267,Mixing / Agitator Motor,299.25,314.4,738.4,62.72,120,M,0
M-MIX-268,Mixing / Agitator Motor,301.65,314.05,946.2,45.92,133,M,0
M-MIX-269,Mixing / Agitator Motor,298.77,308.22,696.2,32.57,110,M,0
M-MIX-270,Mixing / Agitator Motor,300.78,313.6,1199.4,73.43,120,H,0
M-MIX-271,Mixing / Agitator Motor,297.16,311.62,1052.5,32.69,88,L,0
M-MIX-272,Mixing / Agitator Motor,297.81,324.12,1613.7,79.91,201,H,0
M-MIX-273,Mixing / Agitator Motor,298.36,310.28,644.6,49.66,194,M,0
M-MIX-274,Mixing / Agitator Motor,299.2,319.49,626.0,51.62,82,L,0
M-MIX-275,Mixing / Agitator Motor,301.63,318.99,667.7,85.74,87,L,0
M-MIX-276,Mixing / Agitator Motor,305.59,316.65,1159.8,37.03,101,L,0
M-MIX-277,Mixing / Agitator Motor,298.22,323.6,1367.5,55.26,134,H,0
M-MIX-278,Mixing / Agitator Motor,298.96,312.87,1000.3,84.93,97,M,0
M-MIX-279,Mixing / Agitator Motor,298.46,320.51,1228.4,56.39,218,L,0
M-MIX-280,Mixing / Agitator Motor,302.94,323.67,1234.2,79.62,105,H,0
M-MIX-281,Mixing / Agitator Motor,305.95,310.82,827.0,39.79,90,M,0
M-MIX-282,Mixing / Agitator Motor,302.41,324.94,568.3,76.71,46,H,0
M-MIX-283,Mixing / Agitator Motor,302.75,322.85,729.2,50.5,55,L,0
M-MIX-284,Mixing / Agitator Motor,299.43,315.56,1663.2,63.17,215,L,0
M-MIX-285,Mixing / Agitator Motor,301.15,317.9,799.4,89.43,78,L,0
M-MIX-286,Mixing / Agitator Motor,299.82,313.32,635.0,63.59,71,H,0
M-MIX-287,Mixing / Agitator Motor,299.04,312.27,1155.3,53.16,35,M,0
M-MIX-288,Mixing / Agitator Motor,304.09,317.76,1766.9,35.95,192,M,0
M-MIX-289,Mixing / Agitator Motor,301.69,316.82,922.9,49.47,152,H,0
M-MIX-290,Mixing / Agitator Motor,302.3,320.32,963.2,43.04,64,H,0
M-MIX-291,Mixing / Agitator Motor,297.81,310.83,524.9,45.97,84,L,0
M-MIX-292,Mixing / Agitator Motor,305.93,311.18,776.9,59.51,51,M,0
M-MIX-293,Mixing / Agitator Motor,300.59,313.52,1569.4,79.69,227,M,0
M-MIX-294,Mixing / Agitator Motor,304.99,317.14,1268.9,83.78,217,L,0
M-MIX-295,Mixing / Agitator Motor,300.13,316.32,1299.6,79.72,158,M,0
M-MIX-296,Mixing / Agitator Motor,300.76,308.86,1701.5,35.29,141,L,0
M-MIX-297,Mixing / Agitator Motor,300.79,321.6,1545.0,33.59,106,M,0
M-MIX-298,Mixing / Agitator Motor,300.8,317.27,1272.8,39.07,106,H,0
M-MIX-299,Mixing / Agitator Motor,298.35,316.71,1245.7,38.77,178,M,0
M-MIX-300,Mixing / Agitator Motor,305.29,314.59,694.8,75.48,139,M,0
M-MIX-301,Mixing / Agitator Motor,300.2,310.56,943.1,31.76,125,L,0
M-MIX-302,Mixing / Agitator Motor,304.16,308.48,1645.6,57.14,60,L,0
M-MIX-303,Mixing / Agitator Motor,299.91,312.31,709.7,59.2,39,L,0
M-MIX-304,Mixing / Agitator Motor,301.24,315.6,502.4,79.07,123,M,0
M-MIX-305,Mixing / Agitator Motor,303.85,309.07,976.7,64.54,116,H,0
M-MIX-306,Mixing / Agitator Motor,299.69,313.1,1789.6,49.57,63,L,0
M-MIX-307,Mixing / Agitator Motor,300.79,315.55,1213.6,65.74,144,H,0
M-MIX-308,Mixing / Agitator Motor,304.37,311.31,880.0,40.41,181,M,0
M-MIX-309,Mixing / Agitator Motor,303.8,319.11,635.4,48.09,126,M,0
M-MIX-310,Mixing / Agitator Motor,298.87,322.79,1472.1,50.71,180,M,0
M-MIX-311,Mixing / Agitator Motor,297.03,314.46,877.6,43.07,72,L,0
M-MIX-312,Mixing / Agitator Motor,301.38,322.41,778.5,40.46,206,M,0
M-MIX-313,Mixing / Agitator Motor,305.06,309.07,1691.4,54.93,52,M,0
M-MIX-314,Mixing / Agitator Motor,304.17,308.81,1783.4,71.82,87,H,0
M-MIX-315,Mixing / Agitator Motor,300.53,311.75,1142.4,76.91,158,M,0
M-MIX-316,Mixing / Agitator Motor,298.07,324.27,851.5,46.67,155,L,0
M-MIX-317,Mixing / Agitator Motor,305.86,324.48,1687.9,56.12,55,M,0
M-MIX-318,Mixing / Agitator Motor,297.16,311.34,503.3,40.83,119,M,0
M-MIX-319,Mixing / Agitator Motor,300.32,322.13,1377.5,86.19,113,M,0
M-MIX-320,Mixing / Agitator Motor,298.1,319.42,1594.3,41.02,204,M,0
M-MIX-321,Mixing / Agitator Motor,298.3,318.93,1176.1,31.69,103,L,0
M-MIX-322,Mixing / Agitator Motor,302.0,312.79,1707.2,44.27,73,M,0
M-MIX-323,Mixing / Agitator Motor,305.05,316.63,1386.8,88.58,184,H,0
M-MIX-324,Mixing / Agitator Motor,304.1,320.72,802.4,49.52,169,M,0
M-MIX-325,Mixing / Agitator Motor,298.87,319.96,1644.8,34.5,113,M,0
M-MIX-326,Mixing / Agitator Motor,303.09,324.94,1387.5,67.21,227,H,0
M-MIX-327,Mixing / Agitator Motor,297.67,317.53,966.3,35.8,84,M,0
M-MIX-328,Mixing / Agitator Motor,304.93,309.6,1202.2,47.77,160,M,0
M-MIX-329,Mixing / Agitator Motor,305.34,308.64,1111.0,41.57,132,L,0
M-MIX-330,Mixing / Agitator Motor,305.2,314.77,1555.3,46.83,21,L,0
M-MIX-331,Mixing / Agitator Motor,298.07,308.3,959.9,52.76,36,L,0
M-MIX-332,Mixing / Agitator Motor,300.65,316.33,844.0,60.69,181,L,0
M-MIX-333,Mixing / Agitator Motor,305.73,315.25,1787.0,47.7,21,L,0
M-MIX-334,Mixing / Agitator Motor,298.61,308.89,1701.2,77.51,41,L,0
M-MIX-335,Mixing / Agitator Motor,304.6,323.39,1206.8,72.2,180,M,0
M-MIX-336,Mixing / Agitator Motor,302.82,317.31,1123.0,89.77,90,H,0
M-MIX-337,Mixing / Agitator Motor,303.89,311.64,1192.5,35.75,150,L,0
M-MIX-338,Mixing / Agitator Motor,303.5,311.65,1762.5,48.43,111,M,0
M-MIX-339,Mixing / Agitator Motor,305.92,309.17,1405.7,51.72,36,L,0
M-MIX-340,Mixing / Agitator Motor,302.31,320.81,812.5,75.69,193,M,0
M-MIX-341,Mixing / Agitator Motor,302.15,324.52,1600.7,56.69,159,L,0
M-MIX-342,Mixing / Agitator Motor,297.22,318.0,1779.9,86.83,194,H,0
M-MIX-343,Mixing / Agitator Motor,305.95,318.36,789.8,70.46,199,H,0
M-MIX-344,Mixing / Agitator Motor,305.25,323.64,517.5,84.02,218,H,0
M-MIX-345,Mixing / Agitator Motor,299.65,314.34,953.6,75.54,95,L,0
M-MIX-346,Mixing / Agitator Motor,305.95,313.39,1161.4,63.46,141,M,0
M-MIX-347,Mixing / Agitator Motor,298.49,308.93,638.3,84.08,78,H,0
M-MIX-348,Mixing / Agitator Motor,302.61,309.28,591.1,67.29,144,H,0
M-MIX-349,Mixing / Agitator Motor,301.14,315.41,1210.7,74.27,79,M,0
M-MIX-350,Mixing / Agitator Motor,304.13,323.68,1658.7,58.66,129,M,0
M-MIX-351,Mixing / Agitator Motor,304.82,322.28,905.0,39.77,99,M,0
M-MIX-352,Mixing / Agitator Motor,305.56,312.52,735.6,83.97,38,M,0
M-MIX-353,Mixing / Agitator Motor,300.95,318.12,926.0,59.77,61,M,0
M-MIX-354,Mixing / Agitator Motor,300.67,322.44,1040.5,56.63,144,H,0
M-MIX-355,Mixing / Agitator Motor,298.41,321.43,855.4,71.08,40,L,0
M-MIX-356,Mixing / Agitator Motor,305.89,314.35,1157.2,56.56,207,H,0
M-MIX-357,Mixing / Agitator Motor,302.88,319.09,997.1,43.16,70,L,0
M-MIX-358,Mixing / Agitator Motor,297.59,317.59,898.9,45.91,126,L,0
M-MIX-359,Mixing / Agitator Motor,302.56,321.41,1280.9,71.86,110,L,0
M-MIX-360,Mixing / Agitator Motor,301.52,317.38,1182.5,48.97,68,H,0
M-MIX-361,Mixing / Agitator Motor,303.46,312.92,1006.0,85.2,138,H,0
M-MIX-362,Mixing / Agitator Motor,304.2,312.35,1218.5,60.6,69,H,0
M-MIX-363,Mixing / Agitator Motor,298.9,309.65,858.3,89.84,104,L,0
M-MIX-364,Mixing / Agitator Motor,301.94,319.33,703.3,46.49,127,L,0
M-MIX-365,Mixing / Agitator Motor,297.39,316.62,566.3,57.41,152,L,0
M-MIX-366,Mixing / Agitator Motor,298.25,310.83,1111.1,89.88,94,M,0
M-MIX-367,Mixing / Agitator Motor,300.89,309.37,1506.4,45.19,167,M,0
M-MIX-368,Mixing / Agitator Motor,302.51,308.92,1657.0,44.63,160,L,0
M-MIX-369,Mixing / Agitator Motor,301.86,313.73,1771.3,46.71,219,H,0
M-MIX-370,Mixing / Agitator Motor,300.5,310.35,502.9,45.62,38,L,0
M-MIX-371,Mixing / Agitator Motor,303.85,308.06,790.7,70.21,103,L,0
M-MIX-372,Mixing / Agitator Motor,301.54,319.11,1276.1,68.29,68,M,0
M-MIX-373,Mixing / Agitator Motor,297.46,317.99,1097.0,75.64,63,M,0
M-MIX-374,Mixing / Agitator Motor,298.63,318.44,1602.4,75.93,218,L,0
M-MIX-375,Mixing / Agitator Motor,303.95,312.88,785.0,56.85,228,M,0
M-MIX-376,Mixing / Agitator Motor,298.79,324.05,1001.7,71.45,185,L,0
M-MIX-377,Mixing / Agitator Motor,304.39,322.22,1367.9,54.23,160,L,0
M-MIX-378,Mixing / Agitator Motor,300.16,313.04,946.8,63.08,31,L,0
M-MIX-379,Mixing / Agitator Motor,298.25,310.26,757.0,64.62,79,M,0
M-MIX-380,Mixing / Agitator Motor,305.38,322.4,1607.8,64.66,201,L,0
M-MIX-381,Mixing / Agitator Motor,305.58,309.09,537.3,40.5,215,M,0
M-MIX-382,Mixing / Agitator Motor,300.84,316.72,1578.5,85.75,173,L,0
M-MIX-383,Mixing / Agitator Motor,299.88,315.94,1650.8,77.16,163,H,0
M-MIX-384,Mixing / Agitator Motor,297.36,310.22,1255.8,62.18,217,M,0
M-MIX-385,Mixing / Agitator Motor,299.65,310.75,1604.4,57.58,157,M,0
M-MIX-386,Mixing / Agitator Motor,297.97,308.97,990.1,51.69,161,M,0
M-MIX-387,Mixing / Agitator Motor,305.72,322.59,1145.6,60.0,161,H,0
M-MIX-388,Mixing / Agitator Motor,306.0,316.82,1682.9,88.04,142,H,0
M-MIX-389,Mixing / Agitator Motor,302.16,318.16,1526.0,32.89,117,L,0
M-MIX-390,Mixing / Agitator Motor,305.92,311.25,1631.8,38.78,196,M,0
M-MIX-391,Mixing / Agitator Motor,305.64,319.82,1018.8,46.86,69,M,0
M-MIX-392,Mixing / Agitator Motor,305.06,320.83,1585.2,76.88,225,L,0
M-MIX-393,Mixing / Agitator Motor,298.89,321.46,918.7,89.75,99,M,0
M-MIX-394,Mixing / Agitator Motor,299.15,319.19,642.0,87.21,81,M,0
M-MIX-395,Mixing / Agitator Motor,297.41,312.18,1044.7,52.18,77,H,0
M-MIX-396,Mixing / Agitator Motor,299.71,321.23,1070.4,47.45,84,M,0
M-MIX-397,Mixing / Agitator Motor,299.72,318.72,1786.3,32.47,55,H,0
M-MIX-398,Mixing / Agitator Motor,301.02,308.7,1120.8,85.74,22,M,0
M-MIX-399,Mixing / Agitator Motor,303.85,310.63,600.8,67.85,22,L,0
M-MIX-400,Mixing / Agitator Motor,297.6,316.91,1462.2,44.52,41,H,0
M-MIX-F1-001,Mixing / Agitator Motor,314.84,339.18,757.5,72.97,136,L,1
M-MIX-F1-002,Mixing / Agitator Motor,311.13,341.24,1080.4,83.87,35,H,1
M-MIX-F1-003,Mixing / Agitator Motor,314.8,340.65,897.1,65.81,82,H,1
M-MIX-F1-004,Mixing / Agitator Motor,308.21,330.71,1272.3,46.75,43,L,1
M-MIX-F1-005,Mixing / Agitator Motor,308.97,338.76,1662.4,39.83,55,M,1
M-MIX-F1-006,Mixing / Agitator Motor,312.07,336.77,1221.1,86.99,28,L,1
M-MIX-F1-007,Mixing / Agitator Motor,309.86,334.86,616.1,56.74,151,H,1
M-MIX-F1-008,Mixing / Agitator Motor,310.2,334.85,635.1,75.74,149,L,1
M-MIX-F1-009,Mixing / Agitator Motor,312.67,336.59,841.3,69.31,92,L,1
M-MIX-F1-010,Mixing / Agitator Motor,315.75,341.77,968.1,52.08,159,L,1
M-MIX-F1-011,Mixing / Agitator Motor,313.63,333.63,1583.4,64.77,93,L,1
M-MIX-F1-012,Mixing / Agitator Motor,311.15,338.5,1105.7,65.56,26,M,1
M-MIX-F1-013,Mixing / Agitator Motor,312.45,336.41,1601.6,48.67,164,M,1
M-MIX-F1-014,Mixing / Agitator Motor,313.56,331.13,760.2,75.67,22,L,1
M-MIX-F1-015,Mixing / Agitator Motor,309.53,341.72,1170.7,63.87,33,M,1
M-MIX-F1-016,Mixing / Agitator Motor,309.25,336.84,1216.0,72.58,164,M,1
M-MIX-F1-017,Mixing / Agitator Motor,309.87,334.34,1601.2,38.75,122,H,1
M-MIX-F1-018,Mixing / Agitator Motor,309.97,337.69,1093.3,59.61,128,M,1
M-MIX-F1-019,Mixing / Agitator Motor,310.25,338.9,1199.8,30.88,129,M,1
M-MIX-F1-020,Mixing / Agitator Motor,308.63,339.72,1178.7,42.28,111,M,1
M-MIX-F2-001,Mixing / Agitator Motor,309.04,329.07,838.2,119.41,159,L,1
M-MIX-F2-002,Mixing / Agitator Motor,300.1,313.43,1297.3,154.77,49,M,1
M-MIX-F2-003,Mixing / Agitator Motor,301.35,317.99,863.5,142.94,151,M,1
M-MIX-F2-004,Mixing / Agitator Motor,301.58,332.33,561.7,159.13,148,M,1
M-MIX-F2-005,Mixing / Agitator Motor,300.38,332.12,1125.9,115.19,166,M,1
M-MIX-F2-006,Mixing / Agitator Motor,302.11,326.8,1240.7,133.17,43,M,1
M-MIX-F2-007,Mixing / Agitator Motor,305.5,331.79,1042.6,150.27,28,L,1
M-MIX-F2-008,Mixing / Agitator Motor,301.93,326.54,1526.0,159.92,124,L,1
M-MIX-F2-009,Mixing / Agitator Motor,309.05,330.68,1183.0,151.03,44,M,1
M-MIX-F2-010,Mixing / Agitator Motor,301.61,321.94,1241.7,121.23,22,M,1
M-MIX-F2-011,Mixing / Agitator Motor,301.87,321.67,1543.0,153.86,73,H,1
M-MIX-F2-012,Mixing / Agitator Motor,305.42,327.12,1041.7,124.95,24,M,1
M-MIX-F2-013,Mixing / Agitator Motor,303.49,330.12,1456.2,136.66,150,L,1
M-MIX-F2-014,Mixing / Agitator Motor,306.6,328.76,1518.7,132.28,21,L,1
M-MIX-F2-015,Mixing / Agitator Motor,303.89,330.07,1410.0,135.75,108,M,1
M-MIX-F2-016,Mixing / Agitator Motor,300.64,314.71,1108.8,119.53,76,H,1
M-MIX-F2-017,Mixing / Agitator Motor,306.48,332.06,1147.3,136.49,183,H,1
M-MIX-F2-018,Mixing / Agitator Motor,301.65,318.41,898.9,125.99,63,M,1
M-MIX-F2-019,Mixing / Agitator Motor,304.07,320.99,1216.0,142.59,50,L,1
M-MIX-F2-020,Mixing / Agitator Motor,303.67,315.52,686.9,159.12,135,M,1
M-MIX-F3-001,Mixing / Agitator Motor,299.75,315.83,2732.8,130.65,111,M,1
M-MIX-F3-002,Mixing / Agitator Motor,297.38,310.98,2745.2,104.78,98,M,1
M-MIX-F3-003,Mixing / Agitator Motor,299.77,319.37,2683.0,114.8,167,M,1
M-MIX-F3-004,Mixing / Agitator Motor,300.25,321.67,2824.3,127.5,125,M,1
M-MIX-F3-005,Mixing / Agitator Motor,300.14,319.12,2277.8,128.52,80,M,1
M-MIX-F3-006,Mixing / Agitator Motor,301.49,316.83,2824.2,121.56,61,H,1
M-MIX-F3-007,Mixing / Agitator Motor,304.56,323.04,2308.0,110.14,66,L,1
M-MIX-F3-008,Mixing / Agitator Motor,298.84,310.83,2323.7,125.28,165,M,1
M-MIX-F3-009,Mixing / Agitator Motor,298.22,317.96,2348.9,101.31,165,L,1
M-MIX-F3-010,Mixing / Agitator Motor,305.78,316.06,2424.6,126.71,49,M,1
M-MIX-F3-011,Mixing / Agitator Motor,299.3,324.18,2816.8,103.81,35,L,1
M-MIX-F3-012,Mixing / Agitator Motor,304.22,319.41,2336.5,116.29,118,L,1
M-MIX-F3-013,Mixing / Agitator Motor,298.52,316.76,2302.0,114.98,52,L,1
M-MIX-F3-014,Mixing / Agitator Motor,299.29,315.09,2527.0,130.19,144,H,1
M-MIX-F3-015,Mixing / Agitator Motor,297.6,317.37,2544.9,108.92,149,H,1
M-MIX-F3-016,Mixing / Agitator Motor,305.77,308.41,2266.4,110.21,103,M,1
M-MIX-F3-017,Mixing / Agitator Motor,303.63,314.08,2194.7,130.6,174,M,1
M-MIX-F3-018,Mixing / Agitator Motor,304.26,310.06,2401.9,110.71,177,M,1
M-MIX-F3-019,Mixing / Agitator Motor,297.07,314.46,2167.0,107.56,94,M,1
M-MIX-F3-020,Mixing / Agitator Motor,297.29,309.98,2655.8,124.04,86,L,1
M-MIX-F4-001,Mixing / Agitator Motor,298.47,310.07,1591.3,58.44,277,L,1
M-MIX-F4-002,Mixing / Agitator Motor,300.82,308.06,1719.4,34.06,294,M,1
M-MIX-F4-003,Mixing / Agitator Motor,301.23,317.3,1031.0,91.08,314,H,1
M-MIX-F4-004,Mixing / Agitator Motor,304.2,310.19,604.4,104.69,281,H,1
M-MIX-F4-005,Mixing / Agitator Motor,302.13,312.48,1103.6,79.85,310,H,1
M-MIX-F4-006,Mixing / Agitator Motor,298.93,309.64,626.2,103.93,315,L,1
M-MIX-F4-007,Mixing / Agitator Motor,302.79,322.42,575.9,41.96,268,L,1
M-MIX-F4-008,Mixing / Agitator Motor,301.25,316.56,798.0,81.63,311,M,1
M-MIX-F4-009,Mixing / Agitator Motor,302.57,313.64,1530.5,68.62,270,M,1
M-MIX-F4-010,Mixing / Agitator Motor,297.82,322.72,1745.5,68.81,261,M,1
M-MIX-F4-011,Mixing / Agitator Motor,301.07,312.29,550.0,99.73,304,L,1
M-MIX-F4-012,Mixing / Agitator Motor,300.96,320.81,1255.6,61.11,308,L,1
M-MIX-F4-013,Mixing / Agitator Motor,305.09,321.2,1471.8,81.77,309,M,1
M-MIX-F4-014,Mixing / Agitator Motor,298.64,321.06,1695.4,58.6,303,M,1
M-MIX-F4-015,Mixing / Agitator Motor,305.48,319.62,1240.1,91.49,305,L,1
M-MIX-F4-016,Mixing / Agitator Motor,305.11,308.9,659.8,94.95,315,M,1
M-MIX-F4-017,Mixing / Agitator Motor,297.08,313.49,997.7,90.08,248,M,1
M-MIX-F4-018,Mixing / Agitator Motor,305.05,310.63,1487.0,60.1,294,H,1
M-MIX-F4-019,Mixing / Agitator Motor,299.58,315.22,1614.4,75.26,248,L,1
M-MIX-F4-020,Mixing / Agitator Motor,297.49,323.88,775.2,69.59,250,M,1
M-MIX-F5-001,Mixing / Agitator Motor,309.49,332.28,1999.2,139.1,280,M,1
M-MIX-F5-002,Mixing / Agitator Motor,309.86,334.56,2057.8,141.27,254,M,1
M-MIX-F5-003,Mixing / Agitator Motor,310.03,334.09,2454.6,115.48,277,M,1
M-MIX-F5-004,Mixing / Agitator Motor,307.38,332.31,2432.5,116.27,264,M,1
M-MIX-F5-005,Mixing / Agitator Motor,310.09,336.07,2073.7,123.94,261,M,1
M-MIX-F5-006,Mixing / Agitator Motor,311.6,329.07,2045.9,133.2,253,L,1
M-MIX-F5-007,Mixing / Agitator Motor,311.16,331.04,2083.6,109.38,250,M,1
M-MIX-F5-008,Mixing / Agitator Motor,311.34,335.16,1981.0,138.9,243,M,1
M-MIX-F5-009,Mixing / Agitator Motor,307.76,329.5,2390.3,122.42,269,M,1
M-MIX-F5-010,Mixing / Agitator Motor,307.34,334.92,2423.0,105.18,258,M,1
M-MIX-F5-011,Mixing / Agitator Motor,310.03,333.63,2354.2,142.66,259,M,1
M-MIX-F5-012,Mixing / Agitator Motor,310.5,333.74,2188.8,128.78,272,M,1
M-MIX-F5-013,Mixing / Agitator Motor,308.03,333.05,2457.6,138.68,277,M,1
M-MIX-F5-014,Mixing / Agitator Motor,307.77,332.68,2039.9,136.6,254,L,1
M-MIX-F5-015,Mixing / Agitator Motor,311.07,336.14,2387.1,126.37,269,M,1
M-MIX-F5-016,Mixing / Agitator Motor,307.88,330.05,2078.3,141.33,248,L,1
M-MIX-F5-017,Mixing / Agitator Motor,307.92,336.8,2178.0,120.19,260,L,1
M-MIX-F5-018,Mixing / Agitator Motor,308.09,335.65,2334.8,112.42,243,L,1
M-MIX-F5-019,Mixing / Agitator Motor,308.09,336.11,2050.1,128.46,274,M,1
M-MIX-F5-020,Mixing / Agitator Motor,308.58,336.0,2395.7,124.16,270,M,1
M-ROLL-001,Rolling Mill Drive Motor,309.47,332.93,959.0,111.53,295,M,0
M-ROLL-002,Rolling Mill Drive Motor,309.53,328.0,755.1,120.29,169,L,0
M-ROLL-003,Rolling Mill Drive Motor,303.29,321.21,1712.3,89.48,187,M,0
M-ROLL-004,Rolling Mill Drive Motor,300.57,316.76,1120.2,96.1,169,M,0
M-ROLL-005,Rolling Mill Drive Motor,306.91,325.93,1117.6,95.57,111,M,0
M-ROLL-006,Rolling Mill Drive Motor,309.24,319.05,1154.7,167.88,226,L,0
M-ROLL-007,Rolling Mill Drive Motor,301.91,315.33,1054.6,97.96,187,L,0
M-ROLL-008,Rolling Mill Drive Motor,306.88,317.72,827.7,189.37,171,L,0
M-ROLL-009,Rolling Mill Drive Motor,307.36,334.87,1658.4,129.71,239,M,0
M-ROLL-010,Rolling Mill Drive Motor,302.33,319.82,1137.1,93.38,94,M,0
M-ROLL-011,Rolling Mill Drive Motor,309.54,326.55,1149.3,109.12,98,M,0
M-ROLL-012,Rolling Mill Drive Motor,308.48,322.98,1305.7,164.81,64,M,0
M-ROLL-013,Rolling Mill Drive Motor,307.3,328.69,758.7,108.54,219,M,0
M-ROLL-014,Rolling Mill Drive Motor,308.14,315.59,909.4,113.76,281,L,0
M-ROLL-015,Rolling Mill Drive Motor,308.84,323.81,1604.8,182.42,149,L,0
M-ROLL-016,Rolling Mill Drive Motor,308.51,334.48,1653.1,173.14,285,M,0
M-ROLL-017,Rolling Mill Drive Motor,307.83,319.26,1506.1,174.24,229,L,0
M-ROLL-018,Rolling Mill Drive Motor,304.13,325.9,711.7,97.53,211,M,0
M-ROLL-019,Rolling Mill Drive Motor,301.97,319.87,1078.5,165.97,202,H,0
M-ROLL-020,Rolling Mill Drive Motor,307.6,320.25,1438.9,94.8,299,H,0
M-ROLL-021,Rolling Mill Drive Motor,307.42,325.83,794.5,83.22,140,L,0
M-ROLL-022,Rolling Mill Drive Motor,300.41,329.09,1420.9,111.86,69,L,0
M-ROLL-023,Rolling Mill Drive Motor,303.0,317.23,1449.7,106.0,168,H,0
M-ROLL-024,Rolling Mill Drive Motor,309.93,323.95,1799.0,126.28,136,L,0
M-ROLL-025,Rolling Mill Drive Motor,303.29,323.64,785.9,194.66,71,L,0
M-ROLL-026,Rolling Mill Drive Motor,305.39,316.23,701.9,192.27,235,M,0
M-ROLL-027,Rolling Mill Drive Motor,304.39,319.77,1447.8,153.0,231,M,0
M-ROLL-028,Rolling Mill Drive Motor,309.87,316.34,787.7,190.03,211,M,0
M-ROLL-029,Rolling Mill Drive Motor,307.62,324.06,723.2,158.13,110,H,0
M-ROLL-030,Rolling Mill Drive Motor,302.25,324.52,754.8,185.98,189,M,0
M-ROLL-031,Rolling Mill Drive Motor,306.87,331.08,1375.3,104.3,77,L,0
M-ROLL-032,Rolling Mill Drive Motor,302.35,315.4,1407.2,98.35,297,L,0
M-ROLL-033,Rolling Mill Drive Motor,306.08,331.68,1217.6,174.62,211,H,0
M-ROLL-034,Rolling Mill Drive Motor,309.49,332.22,1748.7,167.76,153,M,0
M-ROLL-035,Rolling Mill Drive Motor,301.8,317.9,942.7,146.08,220,M,0
M-ROLL-036,Rolling Mill Drive Motor,305.49,321.83,1466.2,198.62,222,H,0
M-ROLL-037,Rolling Mill Drive Motor,304.77,330.41,1296.5,194.13,63,M,0
M-ROLL-038,Rolling Mill Drive Motor,302.21,330.35,1276.2,96.6,121,M,0
M-ROLL-039,Rolling Mill Drive Motor,309.96,322.29,872.5,139.65,127,M,0
M-ROLL-040,Rolling Mill Drive Motor,304.67,328.79,1705.7,104.06,255,L,0
M-ROLL-041,Rolling Mill Drive Motor,303.74,317.27,1604.1,164.13,103,M,0
M-ROLL-042,Rolling Mill Drive Motor,305.78,318.4,1486.4,162.79,271,M,0
M-ROLL-043,Rolling Mill Drive Motor,305.74,327.39,1001.2,171.03,215,L,0
M-ROLL-044,Rolling Mill Drive Motor,307.69,327.77,877.0,190.3,141,L,0
M-ROLL-045,Rolling Mill Drive Motor,304.02,317.92,1673.3,175.41,246,H,0
M-ROLL-046,Rolling Mill Drive Motor,308.79,326.93,1217.4,189.58,216,H,0
M-ROLL-047,Rolling Mill Drive Motor,305.2,327.73,1688.4,113.59,248,L,0
M-ROLL-048,Rolling Mill Drive Motor,301.28,315.34,1339.6,174.74,188,L,0
M-ROLL-049,Rolling Mill Drive Motor,306.22,328.07,731.0,90.63,231,L,0
M-ROLL-050,Rolling Mill Drive Motor,305.42,326.8,1375.8,92.6,216,M,0
M-ROLL-051,Rolling Mill Drive Motor,306.03,326.26,1539.3,118.23,143,M,0
M-ROLL-052,Rolling Mill Drive Motor,307.62,323.62,894.8,197.96,173,H,0
M-ROLL-053,Rolling Mill Drive Motor,306.7,329.78,1250.2,157.57,93,M,0
M-ROLL-054,Rolling Mill Drive Motor,301.62,322.74,1319.1,133.1,198,M,0
M-ROLL-055,Rolling Mill Drive Motor,303.18,317.87,977.9,104.09,226,L,0
M-ROLL-056,Rolling Mill Drive Motor,307.2,327.87,1038.6,165.32,201,H,0
M-ROLL-057,Rolling Mill Drive Motor,309.08,316.6,1253.0,141.57,259,L,0
M-ROLL-058,Rolling Mill Drive Motor,309.4,326.39,1446.9,90.62,171,L,0
M-ROLL-059,Rolling Mill Drive Motor,304.56,316.39,920.7,131.54,109,M,0
M-ROLL-060,Rolling Mill Drive Motor,303.33,321.38,800.3,185.93,223,M,0
M-ROLL-061,Rolling Mill Drive Motor,306.06,322.93,1605.6,191.6,51,H,0
M-ROLL-062,Rolling Mill Drive Motor,306.75,319.72,1702.9,160.09,142,M,0
M-ROLL-063,Rolling Mill Drive Motor,306.91,317.82,1671.8,80.57,294,H,0
M-ROLL-064,Rolling Mill Drive Motor,307.42,315.8,1174.6,155.64,67,M,0
M-ROLL-065,Rolling Mill Drive Motor,303.03,324.96,1255.0,174.23,80,H,0
M-ROLL-066,Rolling Mill Drive Motor,304.02,332.75,1640.8,147.2,272,L,0
M-ROLL-067,Rolling Mill Drive Motor,302.78,318.4,1031.3,107.25,205,M,0
M-ROLL-068,Rolling Mill Drive Motor,305.98,318.79,1571.0,132.04,168,L,0
M-ROLL-069,Rolling Mill Drive Motor,302.82,322.88,1444.1,185.65,81,L,0
M-ROLL-070,Rolling Mill Drive Motor,309.18,323.46,1015.4,161.33,111,M,0
M-ROLL-071,Rolling Mill Drive Motor,308.97,326.81,804.5,119.56,206,M,0
M-ROLL-072,Rolling Mill Drive Motor,306.6,330.23,1228.7,198.43,278,H,0
M-ROLL-073,Rolling Mill Drive Motor,302.66,321.01,902.7,117.44,156,H,0
M-ROLL-074,Rolling Mill Drive Motor,301.27,316.92,750.9,137.78,133,L,0
M-ROLL-075,Rolling Mill Drive Motor,301.03,333.52,795.2,154.31,111,L,0
M-ROLL-076,Rolling Mill Drive Motor,300.61,334.05,752.0,108.93,166,L,0
M-ROLL-077,Rolling Mill Drive Motor,309.51,323.56,1533.0,167.26,192,M,0
M-ROLL-078,Rolling Mill Drive Motor,300.38,323.83,1564.4,136.91,268,L,0
M-ROLL-079,Rolling Mill Drive Motor,308.63,317.6,968.6,83.55,295,M,0
M-ROLL-080,Rolling Mill Drive Motor,303.67,320.5,743.8,111.35,74,M,0
M-ROLL-081,Rolling Mill Drive Motor,309.67,328.97,1477.6,134.38,252,L,0
M-ROLL-082,Rolling Mill Drive Motor,309.62,316.98,1667.6,107.01,149,M,0
M-ROLL-083,Rolling Mill Drive Motor,306.75,326.96,820.0,173.94,159,H,0
M-ROLL-084,Rolling Mill Drive Motor,304.15,325.33,775.8,98.14,298,L,0
M-ROLL-085,Rolling Mill Drive Motor,301.33,326.61,1117.2,145.25,167,H,0
M-ROLL-086,Rolling Mill Drive Motor,303.15,317.51,1237.9,188.88,298,L,0
M-ROLL-087,Rolling Mill Drive Motor,309.86,315.3,1502.4,112.75,266,L,0
M-ROLL-088,Rolling Mill Drive Motor,304.24,324.47,991.6,114.66,295,L,0
M-ROLL-089,Rolling Mill Drive Motor,301.92,320.51,819.5,198.66,276,M,0
M-ROLL-090,Rolling Mill Drive Motor,306.93,329.96,924.2,192.16,181,H,0
M-ROLL-091,Rolling Mill Drive Motor,303.97,327.03,1088.1,163.9,270,L,0
M-ROLL-092,Rolling Mill Drive Motor,306.43,325.24,979.9,134.59,123,L,0
M-ROLL-093,Rolling Mill Drive Motor,309.07,318.12,1604.9,164.35,293,M,0
M-ROLL-094,Rolling Mill Drive Motor,307.22,325.36,776.3,85.61,80,M,0
M-ROLL-095,Rolling Mill Drive Motor,302.59,329.57,1487.5,196.57,127,L,0
M-ROLL-096,Rolling Mill Drive Motor,306.13,324.91,1434.6,164.33,92,L,0
M-ROLL-097,Rolling Mill Drive Motor,307.25,334.95,1703.1,162.16,228,L,0
M-ROLL-098,Rolling Mill Drive Motor,309.67,331.54,1544.1,93.36,257,M,0
M-ROLL-099,Rolling Mill Drive Motor,305.64,323.11,1080.2,117.23,263,L,0
M-ROLL-100,Rolling Mill Drive Motor,305.23,328.29,1783.0,127.7,187,M,0
M-ROLL-101,Rolling Mill Drive Motor,309.36,322.03,1784.9,116.56,77,H,0
M-ROLL-102,Rolling Mill Drive Motor,304.26,328.0,1268.5,125.15,190,L,0
M-ROLL-103,Rolling Mill Drive Motor,308.39,329.52,1747.7,150.82,51,M,0
M-ROLL-104,Rolling Mill Drive Motor,303.28,325.95,1695.4,180.57,108,M,0
M-ROLL-105,Rolling Mill Drive Motor,306.59,334.75,734.4,135.67,297,L,0
M-ROLL-106,Rolling Mill Drive Motor,303.31,315.0,1345.4,184.03,131,L,0
M-ROLL-107,Rolling Mill Drive Motor,303.33,327.2,1494.3,121.45,138,M,0
M-ROLL-108,Rolling Mill Drive Motor,308.35,317.02,1394.6,161.28,189,L,0
M-ROLL-109,Rolling Mill Drive Motor,306.02,327.69,1359.7,166.64,83,L,0
M-ROLL-110,Rolling Mill Drive Motor,300.42,327.81,1377.0,104.97,60,H,0
M-ROLL-111,Rolling Mill Drive Motor,302.72,332.64,1641.3,87.66,122,L,0
M-ROLL-112,Rolling Mill Drive Motor,302.37,334.92,982.5,168.69,154,H,0
M-ROLL-113,Rolling Mill Drive Motor,302.55,328.5,1070.8,152.5,101,M,0
M-ROLL-114,Rolling Mill Drive Motor,305.12,323.26,917.7,135.39,223,L,0
M-ROLL-115,Rolling Mill Drive Motor,307.9,318.23,1000.0,89.46,83,M,0
M-ROLL-116,Rolling Mill Drive Motor,302.0,319.27,953.8,116.08,81,M,0
M-ROLL-117,Rolling Mill Drive Motor,306.88,319.73,889.0,88.12,174,L,0
M-ROLL-118,Rolling Mill Drive Motor,300.59,325.85,1415.7,151.1,269,L,0
M-ROLL-119,Rolling Mill Drive Motor,300.57,322.22,1437.9,194.29,251,H,0
M-ROLL-120,Rolling Mill Drive Motor,302.79,330.27,1218.6,145.68,202,H,0
M-ROLL-121,Rolling Mill Drive Motor,308.56,332.26,1215.1,155.22,214,H,0
M-ROLL-122,Rolling Mill Drive Motor,301.13,315.41,1704.2,121.49,71,M,0
M-ROLL-123,Rolling Mill Drive Motor,300.76,316.71,1237.8,141.06,195,M,0
M-ROLL-124,Rolling Mill Drive Motor,306.68,323.66,1407.9,116.57,160,M,0
M-ROLL-125,Rolling Mill Drive Motor,303.29,319.77,786.3,140.71,184,M,0
M-ROLL-126,Rolling Mill Drive Motor,309.76,326.14,1677.9,148.41,97,L,0
M-ROLL-127,Rolling Mill Drive Motor,308.85,324.43,967.4,106.72,251,H,0
M-ROLL-128,Rolling Mill Drive Motor,306.38,327.8,900.7,164.59,226,M,0
M-ROLL-129,Rolling Mill Drive Motor,304.83,331.66,1275.5,154.18,153,H,0
M-ROLL-130,Rolling Mill Drive Motor,309.98,325.63,1070.1,165.65,205,M,0
M-ROLL-131,Rolling Mill Drive Motor,308.77,316.42,1366.3,137.35,129,L,0
M-ROLL-132,Rolling Mill Drive Motor,306.56,330.19,1156.1,193.09,136,M,0
M-ROLL-133,Rolling Mill Drive Motor,309.34,316.66,819.7,199.3,292,L,0
M-ROLL-134,Rolling Mill Drive Motor,304.84,325.12,982.9,131.93,157,H,0
M-ROLL-135,Rolling Mill Drive Motor,304.53,324.6,1432.4,141.97,265,M,0
M-ROLL-136,Rolling Mill Drive Motor,304.1,326.43,923.0,127.22,221,M,0
M-ROLL-137,Rolling Mill Drive Motor,309.07,327.31,869.1,138.49,241,M,0
M-ROLL-138,Rolling Mill Drive Motor,308.85,330.0,767.8,93.5,212,M,0
M-ROLL-139,Rolling Mill Drive Motor,305.88,330.84,1334.6,129.86,211,H,0
M-ROLL-140,Rolling Mill Drive Motor,307.23,328.94,1265.8,113.46,249,M,0
M-ROLL-141,Rolling Mill Drive Motor,300.59,333.37,1544.5,150.18,159,L,0
M-ROLL-142,Rolling Mill Drive Motor,307.75,325.7,1418.5,113.69,98,M,0
M-ROLL-143,Rolling Mill Drive Motor,302.93,329.79,854.1,173.31,180,M,0
M-ROLL-144,Rolling Mill Drive Motor,303.0,325.26,1049.3,131.53,234,M,0
M-ROLL-145,Rolling Mill Drive Motor,307.48,329.26,1596.6,104.2,298,M,0
M-ROLL-146,Rolling Mill Drive Motor,307.18,328.56,1322.8,199.5,104,M,0
M-ROLL-147,Rolling Mill Drive Motor,301.28,318.64,1484.3,80.58,272,M,0
M-ROLL-148,Rolling Mill Drive Motor,304.41,321.63,838.9,190.59,228,M,0
M-ROLL-149,Rolling Mill Drive Motor,300.71,321.51,903.1,174.35,229,M,0
M-ROLL-150,Rolling Mill Drive Motor,308.86,318.61,1197.2,165.27,66,M,0
M-ROLL-151,Rolling Mill Drive Motor,305.72,322.34,1228.2,152.97,142,H,0
M-ROLL-152,Rolling Mill Drive Motor,301.39,325.54,892.2,186.78,258,M,0
M-ROLL-153,Rolling Mill Drive Motor,308.31,325.66,875.0,153.71,219,H,0
M-ROLL-154,Rolling Mill Drive Motor,303.14,315.11,1048.1,120.25,207,H,0
M-ROLL-155,Rolling Mill Drive Motor,300.3,321.31,1608.2,127.9,153,M,0
M-ROLL-156,Rolling Mill Drive Motor,307.52,324.6,800.4,104.77,96,M,0
M-ROLL-157,Rolling Mill Drive Motor,300.3,320.67,1367.9,122.56,226,M,0
M-ROLL-158,Rolling Mill Drive Motor,309.79,334.31,1579.8,194.53,101,L,0
M-ROLL-159,Rolling Mill Drive Motor,303.22,329.51,1111.3,114.73,289,M,0
M-ROLL-160,Rolling Mill Drive Motor,307.59,328.49,1033.8,135.0,85,L,0
M-ROLL-161,Rolling Mill Drive Motor,309.68,329.65,1634.4,89.91,145,M,0
M-ROLL-162,Rolling Mill Drive Motor,305.65,318.67,1319.7,158.52,83,H,0
M-ROLL-163,Rolling Mill Drive Motor,300.35,330.22,1064.1,107.05,244,H,0
M-ROLL-164,Rolling Mill Drive Motor,304.27,329.9,1331.2,146.48,89,H,0
M-ROLL-165,Rolling Mill Drive Motor,305.83,315.47,1656.0,122.06,154,M,0
M-ROLL-166,Rolling Mill Drive Motor,308.77,327.85,1194.9,150.24,145,M,0
M-ROLL-167,Rolling Mill Drive Motor,303.58,323.21,1046.5,89.32,59,H,0
M-ROLL-168,Rolling Mill Drive Motor,302.52,332.81,1372.4,195.0,134,M,0
M-ROLL-169,Rolling Mill Drive Motor,307.2,326.56,1280.7,149.07,196,L,0
M-ROLL-170,Rolling Mill Drive Motor,306.68,334.15,1742.8,130.63,58,H,0
M-ROLL-171,Rolling Mill Drive Motor,301.23,316.5,1110.7,86.34,206,H,0
M-ROLL-172,Rolling Mill Drive Motor,305.14,317.06,1610.5,173.6,146,L,0
M-ROLL-173,Rolling Mill Drive Motor,301.86,331.28,1300.4,119.55,71,H,0
M-ROLL-174,Rolling Mill Drive Motor,308.63,327.14,960.8,139.5,76,H,0
M-ROLL-175,Rolling Mill Drive Motor,309.08,324.16,1097.7,193.89,149,M,0
M-ROLL-176,Rolling Mill Drive Motor,302.73,326.3,1314.3,81.94,213,L,0
M-ROLL-177,Rolling Mill Drive Motor,306.16,332.4,1004.1,103.04,224,H,0
M-ROLL-178,Rolling Mill Drive Motor,300.91,316.93,1545.2,83.45,122,H,0
M-ROLL-179,Rolling Mill Drive Motor,307.55,325.07,926.0,170.05,237,M,0
M-ROLL-180,Rolling Mill Drive Motor,302.76,326.73,1726.9,86.2,116,M,0
M-ROLL-181,Rolling Mill Drive Motor,306.32,328.02,926.9,105.93,282,L,0
M-ROLL-182,Rolling Mill Drive Motor,309.34,331.59,1142.3,94.63,207,M,0
M-ROLL-183,Rolling Mill Drive Motor,304.25,323.52,1730.2,88.26,98,M,0
M-ROLL-184,Rolling Mill Drive Motor,308.84,333.36,1314.6,84.15,140,L,0
M-ROLL-185,Rolling Mill Drive Motor,305.0,329.53,996.1,83.0,194,L,0
M-ROLL-186,Rolling Mill Drive Motor,309.9,331.93,1309.4,153.05,256,H,0
M-ROLL-187,Rolling Mill Drive Motor,309.52,325.62,1747.3,171.74,88,H,0
M-ROLL-188,Rolling Mill Drive Motor,303.54,320.28,1183.2,152.47,159,H,0
M-ROLL-189,Rolling Mill Drive Motor,309.76,323.5,1636.2,88.87,252,H,0
M-ROLL-190,Rolling Mill Drive Motor,306.79,328.24,1700.8,118.48,77,L,0
M-ROLL-191,Rolling Mill Drive Motor,303.32,319.65,1234.8,97.54,124,M,0
M-ROLL-192,Rolling Mill Drive Motor,302.77,324.01,1123.1,172.95,279,H,0
M-ROLL-193,Rolling Mill Drive Motor,308.23,333.64,1455.3,199.57,133,L,0
M-ROLL-194,Rolling Mill Drive Motor,306.74,321.47,1475.1,141.15,97,H,0
M-ROLL-195,Rolling Mill Drive Motor,307.13,329.24,1283.9,140.17,95,M,0
M-ROLL-196,Rolling Mill Drive Motor,308.71,332.09,1427.0,199.68,273,H,0
M-ROLL-197,Rolling Mill Drive Motor,303.99,317.64,1212.7,173.17,88,L,0
M-ROLL-198,Rolling Mill Drive Motor,305.69,329.98,749.7,91.26,205,L,0
M-ROLL-199,Rolling Mill Drive Motor,308.74,328.77,921.0,103.4,270,H,0
M-ROLL-200,Rolling Mill Drive Motor,306.86,325.67,1163.6,132.84,286,L,0
M-ROLL-201,Rolling Mill Drive Motor,308.65,323.13,817.7,199.74,86,M,0
M-ROLL-202,Rolling Mill Drive Motor,302.65,325.21,1035.4,187.63,292,M,0
M-ROLL-203,Rolling Mill Drive Motor,300.7,328.27,1114.3,198.32,72,H,0
M-ROLL-204,Rolling Mill Drive Motor,306.99,330.17,1218.2,113.27,127,M,0
M-ROLL-205,Rolling Mill Drive Motor,302.25,332.01,771.6,128.87,236,H,0
M-ROLL-206,Rolling Mill Drive Motor,308.78,329.13,780.7,187.4,171,M,0
M-ROLL-207,Rolling Mill Drive Motor,308.82,332.62,1149.6,108.52,114,L,0
M-ROLL-208,Rolling Mill Drive Motor,309.29,316.44,716.5,178.75,146,M,0
M-ROLL-209,Rolling Mill Drive Motor,301.88,321.93,1768.6,197.25,132,L,0
M-ROLL-210,Rolling Mill Drive Motor,303.0,332.09,933.2,179.18,138,H,0
M-ROLL-211,Rolling Mill Drive Motor,309.35,319.28,1791.0,93.03,52,L,0
M-ROLL-212,Rolling Mill Drive Motor,305.87,323.43,790.2,148.99,148,M,0
M-ROLL-213,Rolling Mill Drive Motor,306.3,327.8,1756.7,158.61,134,M,0
M-ROLL-214,Rolling Mill Drive Motor,304.77,320.19,1114.1,181.05,264,M,0
M-ROLL-215,Rolling Mill Drive Motor,305.83,323.54,1399.5,176.73,234,H,0
M-ROLL-216,Rolling Mill Drive Motor,307.31,329.4,808.9,98.03,246,M,0
M-ROLL-217,Rolling Mill Drive Motor,308.22,318.69,733.7,99.43,163,M,0
M-ROLL-218,Rolling Mill Drive Motor,308.58,329.32,1789.4,89.45,82,H,0
M-ROLL-219,Rolling Mill Drive Motor,305.38,320.34,1452.0,95.92,75,M,0
M-ROLL-220,Rolling Mill Drive Motor,303.76,331.58,1621.3,94.09,253,M,0
M-ROLL-221,Rolling Mill Drive Motor,305.04,316.9,1513.6,87.16,119,H,0
M-ROLL-222,Rolling Mill Drive Motor,305.31,327.9,1679.9,168.06,290,L,0
M-ROLL-223,Rolling Mill Drive Motor,302.98,325.95,1203.7,147.92,193,L,0
M-ROLL-224,Rolling Mill Drive Motor,300.83,329.93,858.1,83.14,179,M,0
M-ROLL-225,Rolling Mill Drive Motor,300.35,325.31,1288.0,86.3,227,M,0
M-ROLL-226,Rolling Mill Drive Motor,307.94,321.22,1225.7,187.02,251,L,0
M-ROLL-227,Rolling Mill Drive Motor,301.6,315.96,1366.3,129.28,277,M,0
M-ROLL-228,Rolling Mill Drive Motor,304.11,325.52,1576.0,112.2,285,M,0
M-ROLL-229,Rolling Mill Drive Motor,308.41,325.51,1549.2,86.17,249,M,0
M-ROLL-230,Rolling Mill Drive Motor,304.49,317.23,1515.7,95.74,98,H,0
M-ROLL-231,Rolling Mill Drive Motor,300.07,328.24,997.9,97.94,129,M,0
M-ROLL-232,Rolling Mill Drive Motor,305.03,322.34,1244.4,131.28,255,H,0
M-ROLL-233,Rolling Mill Drive Motor,308.68,319.88,1494.0,128.6,123,M,0
M-ROLL-234,Rolling Mill Drive Motor,307.69,324.0,1213.2,87.06,280,L,0
M-ROLL-235,Rolling Mill Drive Motor,303.98,330.3,1044.6,167.65,179,M,0
M-ROLL-236,Rolling Mill Drive Motor,300.57,334.31,1621.1,175.21,126,M,0
M-ROLL-237,Rolling Mill Drive Motor,305.73,331.92,1728.1,112.27,201,L,0
M-ROLL-238,Rolling Mill Drive Motor,302.26,323.15,906.2,163.87,265,L,0
M-ROLL-239,Rolling Mill Drive Motor,306.7,321.94,1427.1,183.71,206,M,0
M-ROLL-240,Rolling Mill Drive Motor,309.2,331.7,1670.7,188.38,148,L,0
M-ROLL-241,Rolling Mill Drive Motor,305.7,315.76,1399.4,136.47,118,L,0
M-ROLL-242,Rolling Mill Drive Motor,300.55,333.92,875.2,125.24,154,L,0
M-ROLL-243,Rolling Mill Drive Motor,302.16,334.72,1523.9,174.79,76,M,0
M-ROLL-244,Rolling Mill Drive Motor,309.46,320.4,859.9,138.25,282,M,0
M-ROLL-245,Rolling Mill Drive Motor,304.05,328.01,1730.6,85.89,88,H,0
M-ROLL-246,Rolling Mill Drive Motor,300.85,321.04,952.2,145.84,131,M,0
M-ROLL-247,Rolling Mill Drive Motor,309.42,318.11,1127.3,110.85,187,L,0
M-ROLL-248,Rolling Mill Drive Motor,308.17,325.31,1640.4,174.21,89,M,0
M-ROLL-249,Rolling Mill Drive Motor,306.72,334.5,1113.7,107.58,267,H,0
M-ROLL-250,Rolling Mill Drive Motor,306.97,315.68,720.9,134.19,214,H,0
M-ROLL-251,Rolling Mill Drive Motor,307.64,317.57,1287.1,117.0,238,L,0
M-ROLL-252,Rolling Mill Drive Motor,300.66,318.85,1681.9,129.87,169,H,0
M-ROLL-253,Rolling Mill Drive Motor,309.95,333.46,702.2,146.09,268,M,0
M-ROLL-254,Rolling Mill Drive Motor,304.37,322.59,731.7,174.83,164,M,0
M-ROLL-255,Rolling Mill Drive Motor,302.56,330.68,1573.1,146.35,276,H,0
M-ROLL-256,Rolling Mill Drive Motor,307.87,326.17,954.1,95.88,125,L,0
M-ROLL-257,Rolling Mill Drive Motor,307.88,327.9,799.4,194.58,126,M,0
M-ROLL-258,Rolling Mill Drive Motor,308.03,317.66,1417.4,83.88,75,L,0
M-ROLL-259,Rolling Mill Drive Motor,301.55,323.87,973.2,130.55,69,L,0
M-ROLL-260,Rolling Mill Drive Motor,300.79,331.76,1428.9,129.99,266,H,0
M-ROLL-261,Rolling Mill Drive Motor,302.65,317.74,1119.7,198.41,90,L,0
M-ROLL-262,Rolling Mill Drive Motor,306.52,315.32,1739.4,196.53,281,M,0
M-ROLL-263,Rolling Mill Drive Motor,302.2,322.83,1375.6,125.46,227,L,0
M-ROLL-264,Rolling Mill Drive Motor,302.09,323.1,1753.5,109.98,136,H,0
M-ROLL-265,Rolling Mill Drive Motor,303.32,322.42,809.8,80.17,193,M,0
M-ROLL-266,Rolling Mill Drive Motor,300.18,332.2,1342.9,100.54,266,M,0
M-ROLL-267,Rolling Mill Drive Motor,302.27,332.89,897.4,185.48,250,M,0
M-ROLL-268,Rolling Mill Drive Motor,300.34,316.65,820.5,186.9,151,H,0
M-ROLL-269,Rolling Mill Drive Motor,305.57,319.16,958.6,99.3,240,H,0
M-ROLL-270,Rolling Mill Drive Motor,304.39,316.74,1307.6,121.52,57,M,0
M-ROLL-271,Rolling Mill Drive Motor,305.71,319.95,1542.1,124.53,237,M,0
M-ROLL-272,Rolling Mill Drive Motor,308.69,325.94,904.2,178.71,245,L,0
M-ROLL-273,Rolling Mill Drive Motor,300.94,326.82,1240.8,160.5,295,M,0
M-ROLL-274,Rolling Mill Drive Motor,306.86,321.94,1028.9,120.24,59,M,0
M-ROLL-275,Rolling Mill Drive Motor,301.73,324.15,1206.9,171.83,175,M,0
M-ROLL-276,Rolling Mill Drive Motor,302.32,332.05,800.1,197.88,169,H,0
M-ROLL-277,Rolling Mill Drive Motor,303.54,315.31,883.2,120.24,188,H,0
M-ROLL-278,Rolling Mill Drive Motor,306.76,331.89,1329.6,115.63,80,H,0
M-ROLL-279,Rolling Mill Drive Motor,307.32,327.57,1223.9,92.24,101,L,0
M-ROLL-280,Rolling Mill Drive Motor,304.8,334.26,1800.0,176.08,114,M,0
M-ROLL-281,Rolling Mill Drive Motor,302.54,334.74,1068.9,164.77,289,L,0
M-ROLL-282,Rolling Mill Drive Motor,305.98,318.38,892.4,139.09,287,L,0
M-ROLL-283,Rolling Mill Drive Motor,301.66,320.75,1347.7,137.29,79,M,0
M-ROLL-284,Rolling Mill Drive Motor,309.55,334.03,1315.4,156.23,105,L,0
M-ROLL-285,Rolling Mill Drive Motor,300.52,319.41,706.5,126.28,262,L,0
M-ROLL-286,Rolling Mill Drive Motor,306.68,329.9,989.0,142.44,234,M,0
M-ROLL-287,Rolling Mill Drive Motor,300.89,329.82,941.5,91.72,169,H,0
M-ROLL-288,Rolling Mill Drive Motor,306.29,327.81,982.4,195.74,256,H,0
M-ROLL-289,Rolling Mill Drive Motor,307.49,322.06,1525.3,176.1,87,M,0
M-ROLL-290,Rolling Mill Drive Motor,308.63,321.47,788.4,83.27,77,H,0
M-ROLL-291,Rolling Mill Drive Motor,303.27,320.99,821.4,158.13,297,L,0
M-ROLL-292,Rolling Mill Drive Motor,302.53,330.4,1730.5,188.76,271,L,0
M-ROLL-293,Rolling Mill Drive Motor,302.93,316.67,1236.6,86.57,299,M,0
M-ROLL-294,Rolling Mill Drive Motor,309.58,330.46,1152.4,94.2,109,M,0
M-ROLL-295,Rolling Mill Drive Motor,308.3,334.59,845.4,98.71,60,M,0
M-ROLL-296,Rolling Mill Drive Motor,308.21,318.97,1302.7,133.57,131,M,0
M-ROLL-297,Rolling Mill Drive Motor,305.02,321.7,1457.7,113.6,210,L,0
M-ROLL-298,Rolling Mill Drive Motor,307.29,323.37,1522.3,177.11,131,L,0
M-ROLL-299,Rolling Mill Drive Motor,304.34,331.37,1024.9,192.53,193,M,0
M-ROLL-300,Rolling Mill Drive Motor,304.19,321.96,860.9,88.22,130,M,0
M-ROLL-301,Rolling Mill Drive Motor,303.62,315.28,1336.9,97.38,102,H,0
M-ROLL-302,Rolling Mill Drive Motor,305.2,316.9,982.0,134.21,91,M,0
M-ROLL-303,Rolling Mill Drive Motor,303.43,332.21,1574.4,199.14,182,M,0
M-ROLL-304,Rolling Mill Drive Motor,309.47,322.99,1311.3,125.49,186,H,0
M-ROLL-305,Rolling Mill Drive Motor,307.84,334.71,772.3,176.12,110,H,0
M-ROLL-306,Rolling Mill Drive Motor,306.93,315.88,1209.6,80.17,188,M,0
M-ROLL-307,Rolling Mill Drive Motor,309.15,329.41,838.6,122.54,282,L,0
M-ROLL-308,Rolling Mill Drive Motor,305.94,326.18,1137.9,150.22,242,H,0
M-ROLL-309,Rolling Mill Drive Motor,309.7,319.79,1192.5,82.73,187,M,0
M-ROLL-310,Rolling Mill Drive Motor,302.5,334.71,1171.0,129.72,165,H,0
M-ROLL-311,Rolling Mill Drive Motor,303.93,321.73,1211.6,182.79,98,M,0
M-ROLL-312,Rolling Mill Drive Motor,300.38,321.34,1219.9,88.91,185,M,0
M-ROLL-313,Rolling Mill Drive Motor,309.93,327.62,968.6,92.32,60,H,0
M-ROLL-314,Rolling Mill Drive Motor,306.8,332.1,872.4,128.26,138,M,0
M-ROLL-315,Rolling Mill Drive Motor,301.83,334.07,1501.4,194.61,119,M,0
M-ROLL-316,Rolling Mill Drive Motor,307.32,329.22,723.5,199.79,282,H,0
M-ROLL-317,Rolling Mill Drive Motor,305.44,321.29,1666.8,163.7,105,H,0
M-ROLL-318,Rolling Mill Drive Motor,302.92,315.76,855.4,156.34,236,M,0
M-ROLL-319,Rolling Mill Drive Motor,306.0,318.12,1048.5,165.55,141,M,0
M-ROLL-320,Rolling Mill Drive Motor,301.94,326.9,1590.5,136.33,78,L,0
M-ROLL-321,Rolling Mill Drive Motor,300.71,324.43,987.2,192.36,234,M,0
M-ROLL-322,Rolling Mill Drive Motor,306.68,325.65,862.4,165.09,173,M,0
M-ROLL-323,Rolling Mill Drive Motor,300.45,317.84,1348.3,135.13,106,M,0
M-ROLL-324,Rolling Mill Drive Motor,306.32,316.18,1177.7,142.77,127,L,0
M-ROLL-325,Rolling Mill Drive Motor,300.57,332.32,1495.6,133.55,281,L,0
M-ROLL-326,Rolling Mill Drive Motor,309.31,324.45,1198.3,143.69,66,L,0
M-ROLL-327,Rolling Mill Drive Motor,306.68,327.35,1719.1,199.24,90,L,0
M-ROLL-328,Rolling Mill Drive Motor,305.8,324.22,1775.4,182.03,224,M,0
M-ROLL-329,Rolling Mill Drive Motor,306.66,325.63,974.3,134.05,103,M,0
M-ROLL-330,Rolling Mill Drive Motor,307.2,315.73,1541.9,82.4,179,M,0
M-ROLL-331,Rolling Mill Drive Motor,307.61,330.22,1159.2,87.96,223,M,0
M-ROLL-332,Rolling Mill Drive Motor,303.33,319.7,831.7,115.42,164,M,0
M-ROLL-333,Rolling Mill Drive Motor,305.83,322.25,1711.9,139.5,155,H,0
M-ROLL-334,Rolling Mill Drive Motor,305.99,327.06,1341.6,186.51,240,L,0
M-ROLL-335,Rolling Mill Drive Motor,300.59,321.36,1050.6,158.85,162,L,0
M-ROLL-336,Rolling Mill Drive Motor,303.84,319.43,1020.0,101.9,99,M,0
M-ROLL-337,Rolling Mill Drive Motor,300.16,329.32,1139.6,82.72,142,L,0
M-ROLL-338,Rolling Mill Drive Motor,305.11,334.74,1294.0,195.54,100,M,0
M-ROLL-339,Rolling Mill Drive Motor,307.0,334.74,1607.8,146.44,71,M,0
M-ROLL-340,Rolling Mill Drive Motor,300.86,321.23,984.7,126.63,259,H,0
M-ROLL-341,Rolling Mill Drive Motor,303.06,320.22,1025.8,123.27,111,L,0
M-ROLL-342,Rolling Mill Drive Motor,304.2,317.28,1214.4,102.13,104,M,0
M-ROLL-343,Rolling Mill Drive Motor,301.25,329.42,1571.1,127.31,222,M,0
M-ROLL-344,Rolling Mill Drive Motor,301.64,322.94,1312.7,84.92,213,L,0
M-ROLL-345,Rolling Mill Drive Motor,308.6,317.06,700.1,88.79,281,L,0
M-ROLL-346,Rolling Mill Drive Motor,308.35,325.34,1279.4,115.82,260,L,0
M-ROLL-347,Rolling Mill Drive Motor,303.92,321.59,1512.2,83.14,264,M,0
M-ROLL-348,Rolling Mill Drive Motor,304.41,328.38,1410.3,111.92,285,L,0
M-ROLL-349,Rolling Mill Drive Motor,305.26,326.23,1309.7,138.29,286,M,0
M-ROLL-350,Rolling Mill Drive Motor,301.08,333.59,934.3,169.9,100,L,0
M-ROLL-351,Rolling Mill Drive Motor,307.91,333.37,1746.1,90.13,158,M,0
M-ROLL-352,Rolling Mill Drive Motor,308.02,319.83,1706.1,106.52,266,M,0
M-ROLL-353,Rolling Mill Drive Motor,305.15,322.48,813.9,121.65,156,M,0
M-ROLL-354,Rolling Mill Drive Motor,307.39,322.04,1147.3,188.73,238,H,0
M-ROLL-355,Rolling Mill Drive Motor,308.12,334.8,1733.7,180.31,207,M,0
M-ROLL-356,Rolling Mill Drive Motor,306.54,328.91,1009.7,110.64,149,M,0
M-ROLL-357,Rolling Mill Drive Motor,302.93,326.11,1689.2,115.41,291,M,0
M-ROLL-358,Rolling Mill Drive Motor,301.01,316.1,1072.5,111.05,260,L,0
M-ROLL-359,Rolling Mill Drive Motor,308.85,326.79,1179.0,112.47,195,M,0
M-ROLL-360,Rolling Mill Drive Motor,303.93,333.73,1404.0,180.5,205,M,0
M-ROLL-361,Rolling Mill Drive Motor,307.37,319.61,1356.3,128.28,87,M,0
M-ROLL-362,Rolling Mill Drive Motor,303.1,317.24,1606.2,139.83,136,M,0
M-ROLL-363,Rolling Mill Drive Motor,307.55,315.37,1301.4,137.5,273,M,0
M-ROLL-364,Rolling Mill Drive Motor,301.37,322.77,1383.2,85.51,271,H,0
M-ROLL-365,Rolling Mill Drive Motor,300.31,315.04,1452.1,134.71,75,L,0
M-ROLL-366,Rolling Mill Drive Motor,302.03,321.53,895.5,191.21,239,L,0
M-ROLL-367,Rolling Mill Drive Motor,300.44,325.45,1333.0,125.9,130,L,0
M-ROLL-368,Rolling Mill Drive Motor,300.23,327.51,1133.7,159.91,99,M,0
M-ROLL-369,Rolling Mill Drive Motor,305.87,334.6,1772.2,109.88,75,M,0
M-ROLL-370,Rolling Mill Drive Motor,304.2,330.23,1280.8,141.27,211,H,0
M-ROLL-371,Rolling Mill Drive Motor,306.77,324.77,1602.2,96.64,125,L,0
M-ROLL-372,Rolling Mill Drive Motor,305.53,333.59,1457.9,191.17,129,H,0
M-ROLL-373,Rolling Mill Drive Motor,308.02,331.09,1380.7,149.55,278,H,0
M-ROLL-374,Rolling Mill Drive Motor,306.17,316.0,855.0,132.47,255,L,0
M-ROLL-375,Rolling Mill Drive Motor,309.74,315.9,1119.5,99.05,59,M,0
M-ROLL-376,Rolling Mill Drive Motor,302.44,323.4,854.1,138.63,280,L,0
M-ROLL-377,Rolling Mill Drive Motor,308.42,331.09,1128.6,165.08,238,M,0
M-ROLL-378,Rolling Mill Drive Motor,308.6,324.15,718.0,157.21,219,M,0
M-ROLL-379,Rolling Mill Drive Motor,302.12,324.65,1140.1,196.96,256,L,0
M-ROLL-380,Rolling Mill Drive Motor,301.81,321.62,1117.7,139.12,57,M,0
M-ROLL-381,Rolling Mill Drive Motor,303.58,326.23,709.9,118.57,242,M,0
M-ROLL-382,Rolling Mill Drive Motor,307.89,328.98,1640.4,80.89,115,M,0
M-ROLL-383,Rolling Mill Drive Motor,309.41,328.6,1202.2,95.62,173,M,0
M-ROLL-384,Rolling Mill Drive Motor,307.78,323.27,1050.7,90.77,61,M,0
M-ROLL-385,Rolling Mill Drive Motor,303.47,326.11,1483.1,84.8,174,L,0
M-ROLL-386,Rolling Mill Drive Motor,304.55,325.42,1235.5,126.78,77,H,0
M-ROLL-387,Rolling Mill Drive Motor,301.79,330.85,1002.9,193.77,252,M,0
M-ROLL-388,Rolling Mill Drive Motor,307.2,315.95,1325.2,192.93,59,M,0
M-ROLL-389,Rolling Mill Drive Motor,300.52,326.39,827.8,137.51,229,H,0
M-ROLL-390,Rolling Mill Drive Motor,307.55,316.2,864.6,113.61,249,L,0
M-ROLL-391,Rolling Mill Drive Motor,302.2,316.92,1632.7,157.92,89,M,0
M-ROLL-392,Rolling Mill Drive Motor,308.72,316.39,792.1,112.83,213,H,0
M-ROLL-393,Rolling Mill Drive Motor,308.16,330.01,1317.1,93.93,297,M,0
M-ROLL-394,Rolling Mill Drive Motor,304.52,334.91,1650.3,134.76,154,H,0
M-ROLL-395,Rolling Mill Drive Motor,309.27,331.88,1041.0,170.4,240,M,0
M-ROLL-396,Rolling Mill Drive Motor,306.14,320.1,1568.9,98.46,217,M,0
M-ROLL-397,Rolling Mill Drive Motor,300.36,317.47,1420.4,108.79,207,M,0
M-ROLL-398,Rolling Mill Drive Motor,306.93,324.86,1039.4,97.5,135,M,0
M-ROLL-399,Rolling Mill Drive Motor,307.4,318.21,1430.7,101.51,105,M,0
M-ROLL-400,Rolling Mill Drive Motor,302.89,328.23,1751.4,97.87,192,L,0
M-ROLL-F1-001,Rolling Mill Drive Motor,313.41,344.77,836.0,157.04,177,M,1
M-ROLL-F1-002,Rolling Mill Drive Motor,316.34,349.7,739.5,194.9,92,H,1
M-ROLL-F1-003,Rolling Mill Drive Motor,319.53,350.8,1541.4,92.57,203,M,1
M-ROLL-F1-004,Rolling Mill Drive Motor,317.86,352.71,913.9,140.53,193,M,1
M-ROLL-F1-005,Rolling Mill Drive Motor,312.44,341.45,1362.3,114.2,76,M,1
M-ROLL-F1-006,Rolling Mill Drive Motor,313.61,340.31,867.0,185.97,52,L,1
M-ROLL-F1-007,Rolling Mill Drive Motor,318.03,347.34,929.3,185.37,140,H,1
M-ROLL-F1-008,Rolling Mill Drive Motor,315.43,342.53,1113.6,139.6,118,M,1
M-ROLL-F1-009,Rolling Mill Drive Motor,319.49,344.53,1091.3,168.6,150,M,1
M-ROLL-F1-010,Rolling Mill Drive Motor,318.51,351.58,1349.6,102.21,138,M,1
M-ROLL-F1-011,Rolling Mill Drive Motor,315.46,343.41,1219.6,133.59,89,L,1
M-ROLL-F1-012,Rolling Mill Drive Motor,319.08,349.88,1141.0,124.44,186,M,1
M-ROLL-F1-013,Rolling Mill Drive Motor,316.8,341.61,1380.1,188.22,66,M,1
M-ROLL-F1-014,Rolling Mill Drive Motor,316.07,348.92,798.6,184.74,57,L,1
M-ROLL-F1-015,Rolling Mill Drive Motor,312.22,342.0,1580.4,183.22,236,H,1
M-ROLL-F1-016,Rolling Mill Drive Motor,316.21,341.0,872.0,100.94,62,L,1
M-ROLL-F1-017,Rolling Mill Drive Motor,313.01,348.18,1388.3,103.84,239,M,1
M-ROLL-F1-018,Rolling Mill Drive Motor,319.24,352.33,1743.9,170.34,98,H,1
M-ROLL-F1-019,Rolling Mill Drive Motor,316.56,344.68,1614.1,169.4,102,H,1
M-ROLL-F1-020,Rolling Mill Drive Motor,313.9,347.37,786.9,158.99,177,H,1
M-ROLL-F2-001,Rolling Mill Drive Motor,308.75,334.78,1139.7,373.92,70,M,1
M-ROLL-F2-002,Rolling Mill Drive Motor,312.48,329.04,1090.7,336.88,176,H,1
M-ROLL-F2-003,Rolling Mill Drive Motor,306.92,327.67,1277.5,322.24,173,M,1
M-ROLL-F2-004,Rolling Mill Drive Motor,304.31,325.41,1040.7,281.45,179,M,1
M-ROLL-F2-005,Rolling Mill Drive Motor,303.81,341.99,1123.8,266.52,90,M,1
M-ROLL-F2-006,Rolling Mill Drive Motor,305.4,341.13,1155.2,368.99,69,M,1
M-ROLL-F2-007,Rolling Mill Drive Motor,312.52,326.62,824.8,309.36,232,M,1
M-ROLL-F2-008,Rolling Mill Drive Motor,309.37,336.46,736.6,307.93,64,M,1
M-ROLL-F2-009,Rolling Mill Drive Motor,311.68,336.06,1615.9,272.38,125,L,1
M-ROLL-F2-010,Rolling Mill Drive Motor,303.8,323.0,1093.4,299.88,236,M,1
M-ROLL-F2-011,Rolling Mill Drive Motor,312.19,342.09,845.2,342.99,102,H,1
M-ROLL-F2-012,Rolling Mill Drive Motor,312.37,326.6,1017.7,292.12,88,M,1
M-ROLL-F2-013,Rolling Mill Drive Motor,306.57,329.63,1543.0,294.17,55,H,1
M-ROLL-F2-014,Rolling Mill Drive Motor,310.38,334.36,1575.6,340.28,86,H,1
M-ROLL-F2-015,Rolling Mill Drive Motor,307.77,336.3,852.4,328.22,214,L,1
M-ROLL-F2-016,Rolling Mill Drive Motor,309.63,339.52,795.8,276.5,57,H,1
M-ROLL-F2-017,Rolling Mill Drive Motor,312.87,324.78,1309.1,339.9,172,M,1
M-ROLL-F2-018,Rolling Mill Drive Motor,307.32,329.92,1543.5,251.24,60,M,1
M-ROLL-F2-019,Rolling Mill Drive Motor,305.3,329.61,1618.0,350.77,216,M,1
M-ROLL-F2-020,Rolling Mill Drive Motor,304.11,338.97,1443.0,321.49,220,L,1
M-ROLL-F3-001,Rolling Mill Drive Motor,304.71,319.45,2625.4,299.16,105,M,1
M-ROLL-F3-002,Rolling Mill Drive Motor,306.94,319.28,2689.6,245.16,212,L,1
M-ROLL-F3-003,Rolling Mill Drive Motor,308.26,318.99,2191.1,288.04,123,H,1
M-ROLL-F3-004,Rolling Mill Drive Motor,300.92,325.33,2295.1,265.34,188,M,1
M-ROLL-F3-005,Rolling Mill Drive Motor,309.04,318.11,2604.6,233.06,216,L,1
M-ROLL-F3-006,Rolling Mill Drive Motor,304.0,321.11,2411.4,288.78,179,L,1
M-ROLL-F3-007,Rolling Mill Drive Motor,301.18,324.52,2768.6,291.77,122,M,1
M-ROLL-F3-008,Rolling Mill Drive Motor,309.13,315.95,2591.6,256.69,77,M,1
M-ROLL-F3-009,Rolling Mill Drive Motor,307.23,322.34,2438.7,282.55,237,L,1
M-ROLL-F3-010,Rolling Mill Drive Motor,308.46,333.79,2881.6,298.43,191,M,1
M-ROLL-F3-011,Rolling Mill Drive Motor,306.93,333.0,2774.7,280.9,91,L,1
M-ROLL-F3-012,Rolling Mill Drive Motor,304.47,318.22,2879.8,248.51,84,M,1
M-ROLL-F3-013,Rolling Mill Drive Motor,300.35,316.81,2693.4,289.3,135,M,1
M-ROLL-F3-014,Rolling Mill Drive Motor,308.1,322.14,2748.9,248.03,172,M,1
M-ROLL-F3-015,Rolling Mill Drive Motor,309.78,316.52,2614.7,242.9,164,M,1
M-ROLL-F3-016,Rolling Mill Drive Motor,303.07,320.0,2324.2,282.63,92,L,1
M-ROLL-F3-017,Rolling Mill Drive Motor,304.85,316.44,2308.9,291.43,164,H,1
M-ROLL-F3-018,Rolling Mill Drive Motor,307.04,331.47,2457.6,264.53,105,H,1
M-ROLL-F3-019,Rolling Mill Drive Motor,304.0,330.03,2572.8,252.42,119,M,1
M-ROLL-F3-020,Rolling Mill Drive Motor,303.18,327.24,2217.2,284.59,82,M,1
M-ROLL-F4-001,Rolling Mill Drive Motor,304.5,330.47,1608.8,119.04,365,H,1
M-ROLL-F4-002,Rolling Mill Drive Motor,301.24,333.61,880.8,122.68,324,M,1
M-ROLL-F4-003,Rolling Mill Drive Motor,309.2,320.28,1296.0,150.54,340,M,1
M-ROLL-F4-004,Rolling Mill Drive Motor,305.59,322.19,1635.6,96.08,321,L,1
M-ROLL-F4-005,Rolling Mill Drive Motor,307.48,331.08,1363.0,151.82,362,H,1
M-ROLL-F4-006,Rolling Mill Drive Motor,307.58,325.81,1752.4,184.9,326,M,1
M-ROLL-F4-007,Rolling Mill Drive Motor,300.58,329.91,1252.0,144.19,387,L,1
M-ROLL-F4-008,Rolling Mill Drive Motor,309.53,319.42,1501.4,231.7,357,M,1
M-ROLL-F4-009,Rolling Mill Drive Motor,308.18,332.6,1473.6,132.62,329,M,1
M-ROLL-F4-010,Rolling Mill Drive Motor,304.83,328.38,822.9,108.66,342,M,1
M-ROLL-F4-011,Rolling Mill Drive Motor,306.19,322.35,1452.4,204.86,329,L,1
M-ROLL-F4-012,Rolling Mill Drive Motor,307.87,327.54,1699.8,128.41,346,H,1
M-ROLL-F4-013,Rolling Mill Drive Motor,304.56,325.13,1377.7,97.73,317,M,1
M-ROLL-F4-014,Rolling Mill Drive Motor,301.89,330.18,1435.6,137.53,318,H,1
M-ROLL-F4-015,Rolling Mill Drive Motor,306.92,334.8,1059.1,209.9,380,H,1
M-ROLL-F4-016,Rolling Mill Drive Motor,309.16,324.32,1760.7,169.86,332,L,1
M-ROLL-F4-017,Rolling Mill Drive Motor,302.43,332.65,890.4,190.56,345,L,1
M-ROLL-F4-018,Rolling Mill Drive Motor,301.85,323.18,1403.8,236.6,337,M,1
M-ROLL-F4-019,Rolling Mill Drive Motor,304.62,320.05,1599.1,101.98,367,M,1
M-ROLL-F4-020,Rolling Mill Drive Motor,302.42,324.86,1612.9,155.71,324,H,1
M-ROLL-F5-001,Rolling Mill Drive Motor,314.89,341.64,2482.9,285.54,331,M,1
M-ROLL-F5-002,Rolling Mill Drive Motor,313.29,346.25,2227.3,239.37,339,M,1
M-ROLL-F5-003,Rolling Mill Drive Motor,314.83,346.47,2219.3,261.69,334,L,1
M-ROLL-F5-004,Rolling Mill Drive Motor,315.9,346.77,2104.0,274.72,322,M,1
M-ROLL-F5-005,Rolling Mill Drive Motor,311.16,340.28,2194.4,262.82,323,M,1
M-ROLL-F5-006,Rolling Mill Drive Motor,314.74,341.36,2361.5,263.18,350,H,1
M-ROLL-F5-007,Rolling Mill Drive Motor,311.79,344.44,2474.1,242.87,313,L,1
M-ROLL-F5-008,Rolling Mill Drive Motor,311.59,341.0,2481.9,302.26,327,L,1
M-ROLL-F5-009,Rolling Mill Drive Motor,313.84,339.58,2359.7,278.35,338,L,1
M-ROLL-F5-010,Rolling Mill Drive Motor,311.76,344.25,2227.7,254.47,344,M,1
M-ROLL-F5-011,Rolling Mill Drive Motor,315.28,346.03,2283.4,259.3,336,M,1
M-ROLL-F5-012,Rolling Mill Drive Motor,312.39,343.41,2335.3,283.15,357,M,1
M-ROLL-F5-013,Rolling Mill Drive Motor,312.86,344.34,2304.2,230.17,325,M,1
M-ROLL-F5-014,Rolling Mill Drive Motor,315.2,345.93,2133.3,239.19,320,H,1
M-ROLL-F5-015,Rolling Mill Drive Motor,312.19,340.88,2239.1,258.77,337,M,1
M-ROLL-F5-016,Rolling Mill Drive Motor,315.07,346.61,2198.1,234.45,321,H,1
M-ROLL-F5-017,Rolling Mill Drive Motor,312.72,344.16,2260.2,251.86,348,H,1
M-ROLL-F5-018,Rolling Mill Drive Motor,312.14,344.41,2086.5,291.09,358,L,1
M-ROLL-F5-019,Rolling Mill Drive Motor,311.8,343.16,2208.1,319.25,358,H,1
M-ROLL-F5-020,Rolling Mill Drive Motor,315.54,340.55,2152.5,261.81,324,L,1
M-GRIND-001,Precision Grinding Spindle,297.31,310.35,6977.5,35.22,61,L,0
M-GRIND-002,Precision Grinding Spindle,298.74,310.08,3612.4,29.14,126,L,0
M-GRIND-003,Precision Grinding Spindle,301.75,303.53,4383.1,24.3,56,M,0
M-GRIND-004,Precision Grinding Spindle,296.23,310.32,6632.3,12.47,33,M,0
M-GRIND-005,Precision Grinding Spindle,298.56,310.12,3285.8,29.1,32,L,0
M-GRIND-006,Precision Grinding Spindle,301.29,311.55,3424.7,24.64,34,M,0
M-GRIND-007,Precision Grinding Spindle,296.63,309.94,5576.0,27.15,133,M,0
M-GRIND-008,Precision Grinding Spindle,296.89,308.59,6828.3,28.03,104,L,0
M-GRIND-009,Precision Grinding Spindle,298.61,311.97,3638.6,26.11,41,M,0
M-GRIND-010,Precision Grinding Spindle,296.19,305.0,3843.2,19.6,30,L,0
M-GRIND-011,Precision Grinding Spindle,296.54,306.75,3064.2,13.15,144,L,0
M-GRIND-012,Precision Grinding Spindle,300.89,306.7,3566.1,13.24,100,L,0
M-GRIND-013,Precision Grinding Spindle,301.3,305.6,4284.1,13.03,126,M,0
M-GRIND-014,Precision Grinding Spindle,298.37,311.36,6008.9,11.58,11,L,0
M-GRIND-015,Precision Grinding Spindle,298.87,309.48,3627.3,36.16,125,L,0
M-GRIND-016,Precision Grinding Spindle,297.39,305.48,3606.9,37.9,36,H,0
M-GRIND-017,Precision Grinding Spindle,296.35,309.94,6558.1,34.33,94,L,0
M-GRIND-018,Precision Grinding Spindle,295.48,310.8,4710.9,23.65,29,H,0
M-GRIND-019,Precision Grinding Spindle,297.22,304.57,4933.4,14.42,30,L,0
M-GRIND-020,Precision Grinding Spindle,301.45,311.68,5722.0,33.13,135,M,0
M-GRIND-021,Precision Grinding Spindle,297.31,304.41,3949.1,35.21,114,M,0
M-GRIND-022,Precision Grinding Spindle,295.21,305.4,5915.6,25.37,75,M,0
M-GRIND-023,Precision Grinding Spindle,299.25,311.7,6604.5,10.91,82,M,0
M-GRIND-024,Precision Grinding Spindle,298.57,308.46,3800.1,33.45,81,L,0
M-GRIND-025,Precision Grinding Spindle,295.18,304.71,5758.5,30.86,97,L,0
M-GRIND-026,Precision Grinding Spindle,297.91,306.75,6641.9,26.15,63,L,0
M-GRIND-027,Precision Grinding Spindle,299.34,305.76,4191.7,21.87,20,L,0
M-GRIND-028,Precision Grinding Spindle,296.28,304.74,5588.2,31.73,120,M,0
M-GRIND-029,Precision Grinding Spindle,301.11,307.9,4754.4,34.31,46,L,0
M-GRIND-030,Precision Grinding Spindle,298.77,311.1,3806.5,38.08,113,M,0
M-GRIND-031,Precision Grinding Spindle,297.95,311.61,4775.7,24.96,127,M,0
M-GRIND-032,Precision Grinding Spindle,297.04,309.98,3514.3,34.69,103,M,0
M-GRIND-033,Precision Grinding Spindle,296.6,310.08,6219.8,24.49,68,M,0
M-GRIND-034,Precision Grinding Spindle,300.28,308.76,3826.5,33.83,142,H,0
M-GRIND-035,Precision Grinding Spindle,300.41,310.68,6966.0,17.13,65,L,0
M-GRIND-036,Precision Grinding Spindle,295.66,307.71,5027.0,28.2,59,L,0
M-GRIND-037,Precision Grinding Spindle,296.89,308.85,4983.7,18.0,38,L,0
M-GRIND-038,Precision Grinding Spindle,298.93,308.44,6131.6,12.44,117,H,0
M-GRIND-039,Precision Grinding Spindle,300.18,304.27,6330.0,30.43,67,M,0
M-GRIND-040,Precision Grinding Spindle,296.04,311.14,3474.1,24.16,45,L,0
M-GRIND-041,Precision Grinding Spindle,299.1,304.35,5670.3,39.75,100,M,0
M-GRIND-042,Precision Grinding Spindle,297.05,303.83,3913.0,26.61,123,L,0
M-GRIND-043,Precision Grinding Spindle,300.56,304.13,6093.8,27.45,80,M,0
M-GRIND-044,Precision Grinding Spindle,295.06,303.61,5103.4,15.21,91,M,0
M-GRIND-045,Precision Grinding Spindle,301.35,311.55,6919.1,36.97,157,L,0
M-GRIND-046,Precision Grinding Spindle,301.72,308.78,6236.9,13.96,112,L,0
M-GRIND-047,Precision Grinding Spindle,298.78,304.68,5107.6,31.21,125,M,0
M-GRIND-048,Precision Grinding Spindle,296.52,311.34,6094.5,18.12,131,M,0
M-GRIND-049,Precision Grinding Spindle,297.19,310.77,6492.9,21.95,11,H,0
M-GRIND-050,Precision Grinding Spindle,301.37,311.09,4813.4,19.12,55,L,0
M-GRIND-051,Precision Grinding Spindle,297.27,307.6,5924.0,16.28,48,M,0
M-GRIND-052,Precision Grinding Spindle,299.58,310.36,5186.8,13.99,76,H,0
M-GRIND-053,Precision Grinding Spindle,295.62,308.31,6824.8,35.13,126,L,0
M-GRIND-054,Precision Grinding Spindle,301.28,309.78,5507.5,20.94,25,M,0
M-GRIND-055,Precision Grinding Spindle,301.47,308.25,3738.0,29.47,79,L,0
M-GRIND-056,Precision Grinding Spindle,296.13,309.41,5726.4,39.51,94,L,0
M-GRIND-057,Precision Grinding Spindle,295.17,304.11,4383.8,28.58,77,M,0
M-GRIND-058,Precision Grinding Spindle,299.12,308.1,5097.8,12.72,149,M,0
M-GRIND-059,Precision Grinding Spindle,296.85,309.19,4271.6,25.18,61,L,0
M-GRIND-060,Precision Grinding Spindle,301.96,304.45,3094.3,16.58,98,H,0
M-GRIND-061,Precision Grinding Spindle,300.68,306.68,5442.1,23.67,145,H,0
M-GRIND-062,Precision Grinding Spindle,300.11,308.87,5598.1,22.42,12,M,0
M-GRIND-063,Precision Grinding Spindle,300.81,303.77,4766.5,14.88,101,L,0
M-GRIND-064,Precision Grinding Spindle,299.67,305.86,3558.9,33.83,58,H,0
M-GRIND-065,Precision Grinding Spindle,299.0,305.22,6364.8,14.3,75,M,0
M-GRIND-066,Precision Grinding Spindle,299.83,307.94,6164.0,23.76,10,M,0
M-GRIND-067,Precision Grinding Spindle,301.99,306.65,5480.9,37.15,13,M,0
M-GRIND-068,Precision Grinding Spindle,297.02,305.51,3899.4,34.68,65,H,0
M-GRIND-069,Precision Grinding Spindle,295.68,304.34,6595.7,22.82,147,L,0
M-GRIND-070,Precision Grinding Spindle,300.87,305.58,4085.3,26.8,72,M,0
M-GRIND-071,Precision Grinding Spindle,295.37,311.74,3232.7,15.36,111,H,0
M-GRIND-072,Precision Grinding Spindle,295.75,304.38,3247.7,17.54,50,M,0
M-GRIND-073,Precision Grinding Spindle,298.07,307.26,5464.2,16.93,30,L,0
M-GRIND-074,Precision Grinding Spindle,299.44,303.55,6844.2,30.79,32,L,0
M-GRIND-075,Precision Grinding Spindle,297.56,311.86,3413.1,14.8,108,H,0
M-GRIND-076,Precision Grinding Spindle,295.13,310.13,3671.1,37.56,73,L,0
M-GRIND-077,Precision Grinding Spindle,297.92,307.77,4266.1,29.74,57,M,0
M-GRIND-078,Precision Grinding Spindle,295.57,303.52,4223.9,32.09,40,M,0
M-GRIND-079,Precision Grinding Spindle,301.34,308.75,6678.9,37.34,19,L,0
M-GRIND-080,Precision Grinding Spindle,295.36,311.33,5186.9,26.0,116,L,0
M-GRIND-081,Precision Grinding Spindle,299.32,306.83,3447.6,33.68,29,L,0
M-GRIND-082,Precision Grinding Spindle,298.7,306.47,5451.9,33.17,151,M,0
M-GRIND-083,Precision Grinding Spindle,301.63,311.65,6254.5,36.44,113,H,0
M-GRIND-084,Precision Grinding Spindle,299.03,309.72,6766.8,27.11,129,L,0
M-GRIND-085,Precision Grinding Spindle,296.97,304.39,6003.6,17.01,46,M,0
M-GRIND-086,Precision Grinding Spindle,300.52,308.24,6539.9,16.34,47,M,0
M-GRIND-087,Precision Grinding Spindle,300.81,307.85,3041.5,30.31,132,M,0
M-GRIND-088,Precision Grinding Spindle,295.38,307.66,3168.6,22.48,12,M,0
M-GRIND-089,Precision Grinding Spindle,297.72,304.01,3456.6,34.81,16,M,0
M-GRIND-090,Precision Grinding Spindle,300.7,304.18,3781.5,29.24,57,M,0
M-GRIND-091,Precision Grinding Spindle,300.85,304.24,5478.6,38.27,18,H,0
M-GRIND-092,Precision Grinding Spindle,298.88,311.64,3881.9,19.92,24,M,0
M-GRIND-093,Precision Grinding Spindle,295.31,306.5,5222.0,39.25,132,L,0
M-GRIND-094,Precision Grinding Spindle,296.6,303.79,5412.3,25.63,87,H,0
M-GRIND-095,Precision Grinding Spindle,298.46,304.35,4688.5,11.86,138,H,0
M-GRIND-096,Precision Grinding Spindle,301.58,310.77,6010.4,39.48,18,M,0
M-GRIND-097,Precision Grinding Spindle,300.95,304.14,5339.1,21.82,75,L,0
M-GRIND-098,Precision Grinding Spindle,298.77,303.84,6748.9,15.56,143,L,0
M-GRIND-099,Precision Grinding Spindle,301.14,309.09,5974.2,31.0,79,M,0
M-GRIND-100,Precision Grinding Spindle,297.0,309.58,5504.1,27.55,107,L,0
M-GRIND-101,Precision Grinding Spindle,300.24,303.95,4452.1,17.92,90,H,0
M-GRIND-102,Precision Grinding Spindle,300.34,303.96,4085.6,33.48,17,M,0
M-GRIND-103,Precision Grinding Spindle,301.47,308.56,5850.6,33.77,43,M,0
M-GRIND-104,Precision Grinding Spindle,297.16,305.25,3769.8,27.56,129,L,0
M-GRIND-105,Precision Grinding Spindle,298.0,306.36,5749.2,33.41,47,M,0
M-GRIND-106,Precision Grinding Spindle,298.73,307.0,5823.2,25.13,26,H,0
M-GRIND-107,Precision Grinding Spindle,301.31,305.05,3200.3,31.94,112,M,0
M-GRIND-108,Precision Grinding Spindle,298.52,311.73,3479.3,25.3,94,H,0
M-GRIND-109,Precision Grinding Spindle,297.88,310.05,4884.4,36.26,106,L,0
M-GRIND-110,Precision Grinding Spindle,300.63,309.21,5997.5,30.86,92,M,0
M-GRIND-111,Precision Grinding Spindle,296.33,310.45,4248.5,26.07,47,M,0
M-GRIND-112,Precision Grinding Spindle,301.83,310.22,5476.4,27.03,83,M,0
M-GRIND-113,Precision Grinding Spindle,297.44,306.66,6778.3,22.77,97,L,0
M-GRIND-114,Precision Grinding Spindle,298.63,305.26,4524.0,21.27,117,M,0
M-GRIND-115,Precision Grinding Spindle,300.11,311.0,4344.3,14.06,105,M,0
M-GRIND-116,Precision Grinding Spindle,298.74,308.71,4631.0,37.74,69,M,0
M-GRIND-117,Precision Grinding Spindle,301.2,304.23,3496.8,38.07,41,H,0
M-GRIND-118,Precision Grinding Spindle,298.75,303.42,5480.1,23.59,106,M,0
M-GRIND-119,Precision Grinding Spindle,301.34,305.44,5550.3,38.35,70,H,0
M-GRIND-120,Precision Grinding Spindle,295.48,311.67,6054.8,37.57,114,M,0
M-GRIND-121,Precision Grinding Spindle,295.86,311.36,4958.5,21.9,96,H,0
M-GRIND-122,Precision Grinding Spindle,297.16,308.74,3400.5,14.06,86,M,0
M-GRIND-123,Precision Grinding Spindle,296.31,303.3,6833.5,10.82,10,M,0
M-GRIND-124,Precision Grinding Spindle,296.56,308.16,6576.8,24.43,125,L,0
M-GRIND-125,Precision Grinding Spindle,296.33,307.39,5568.3,19.96,120,L,0
M-GRIND-126,Precision Grinding Spindle,297.95,303.79,3046.3,21.08,22,L,0
M-GRIND-127,Precision Grinding Spindle,297.34,308.99,4385.5,33.88,143,L,0
M-GRIND-128,Precision Grinding Spindle,298.39,303.76,4486.8,22.73,154,M,0
M-GRIND-129,Precision Grinding Spindle,299.49,310.04,5272.8,27.95,46,H,0
M-GRIND-130,Precision Grinding Spindle,300.05,310.64,4648.0,26.47,56,M,0
M-GRIND-131,Precision Grinding Spindle,296.46,309.84,4967.6,26.41,15,M,0
M-GRIND-132,Precision Grinding Spindle,296.42,306.45,4650.9,23.46,44,L,0
M-GRIND-133,Precision Grinding Spindle,297.99,308.51,5455.8,28.21,93,L,0
M-GRIND-134,Precision Grinding Spindle,300.69,306.75,5543.4,13.08,23,M,0
M-GRIND-135,Precision Grinding Spindle,301.3,308.85,5676.9,14.73,77,M,0
M-GRIND-136,Precision Grinding Spindle,300.48,304.24,5156.8,37.34,143,L,0
M-GRIND-137,Precision Grinding Spindle,297.62,311.47,6221.2,35.53,149,L,0
M-GRIND-138,Precision Grinding Spindle,296.68,304.15,5763.5,26.9,59,M,0
M-GRIND-139,Precision Grinding Spindle,295.43,303.42,4417.2,15.82,117,L,0
M-GRIND-140,Precision Grinding Spindle,299.63,308.89,3026.4,25.37,132,M,0
M-GRIND-141,Precision Grinding Spindle,296.59,310.64,6857.5,18.37,41,M,0
M-GRIND-142,Precision Grinding Spindle,295.44,310.86,6717.2,29.0,124,M,0
M-GRIND-143,Precision Grinding Spindle,297.64,308.69,6345.3,34.3,22,M,0
M-GRIND-144,Precision Grinding Spindle,297.78,309.77,5005.5,20.49,115,M,0
M-GRIND-145,Precision Grinding Spindle,296.8,311.01,3452.2,10.54,31,H,0
M-GRIND-146,Precision Grinding Spindle,298.77,308.62,4794.4,16.13,29,M,0
M-GRIND-147,Precision Grinding Spindle,298.96,305.74,3881.8,12.42,13,H,0
M-GRIND-148,Precision Grinding Spindle,300.19,306.1,3109.7,25.24,90,M,0
M-GRIND-149,Precision Grinding Spindle,295.77,309.79,5756.3,21.84,67,H,0
M-GRIND-150,Precision Grinding Spindle,300.27,308.4,3343.2,21.34,145,M,0
M-GRIND-151,Precision Grinding Spindle,297.27,308.79,3811.9,25.71,110,L,0
M-GRIND-152,Precision Grinding Spindle,299.85,306.46,6071.2,36.95,81,H,0
M-GRIND-153,Precision Grinding Spindle,301.17,304.49,3505.3,19.23,66,L,0
M-GRIND-154,Precision Grinding Spindle,297.72,303.44,5543.8,30.14,132,M,0
M-GRIND-155,Precision Grinding Spindle,295.6,307.98,3484.0,10.51,126,M,0
M-GRIND-156,Precision Grinding Spindle,298.68,308.97,4604.1,11.53,47,H,0
M-GRIND-157,Precision Grinding Spindle,301.84,309.66,4806.2,11.9,27,L,0
M-GRIND-158,Precision Grinding Spindle,301.62,303.28,6641.6,21.42,42,H,0
M-GRIND-159,Precision Grinding Spindle,300.4,307.22,6329.7,16.78,111,H,0
M-GRIND-160,Precision Grinding Spindle,295.63,304.2,6235.6,29.67,34,M,0
M-GRIND-161,Precision Grinding Spindle,300.35,305.57,6685.1,37.44,92,M,0
M-GRIND-162,Precision Grinding Spindle,299.57,305.33,4461.3,14.08,148,L,0
M-GRIND-163,Precision Grinding Spindle,295.32,307.94,4372.3,34.46,61,M,0
M-GRIND-164,Precision Grinding Spindle,296.16,308.03,4175.5,14.95,102,M,0
M-GRIND-165,Precision Grinding Spindle,301.88,309.02,5062.8,37.38,134,M,0
M-GRIND-166,Precision Grinding Spindle,298.58,311.48,5468.5,31.41,23,L,0
M-GRIND-167,Precision Grinding Spindle,296.85,304.04,6398.7,30.74,71,M,0
M-GRIND-168,Precision Grinding Spindle,296.38,303.09,4397.4,14.45,73,L,0
M-GRIND-169,Precision Grinding Spindle,295.8,303.83,6608.4,32.35,17,H,0
M-GRIND-170,Precision Grinding Spindle,299.79,306.33,5896.7,22.13,155,M,0
M-GRIND-171,Precision Grinding Spindle,295.33,305.97,5254.4,14.26,10,H,0
M-GRIND-172,Precision Grinding Spindle,298.67,308.69,3371.6,29.95,102,L,0
M-GRIND-173,Precision Grinding Spindle,300.88,311.49,6864.4,23.22,83,M,0
M-GRIND-174,Precision Grinding Spindle,298.56,304.36,5685.7,10.75,45,M,0
M-GRIND-175,Precision Grinding Spindle,301.57,304.3,6563.1,13.73,107,M,0
M-GRIND-176,Precision Grinding Spindle,297.21,311.98,3904.2,16.08,98,L,0
M-GRIND-177,Precision Grinding Spindle,301.88,309.31,5247.5,22.27,99,M,0
M-GRIND-178,Precision Grinding Spindle,296.52,309.04,3817.7,24.7,48,M,0
M-GRIND-179,Precision Grinding Spindle,299.3,303.58,3048.1,13.92,35,H,0
M-GRIND-180,Precision Grinding Spindle,300.42,307.02,4879.7,29.33,119,H,0
M-GRIND-181,Precision Grinding Spindle,301.0,311.9,3487.2,29.53,10,H,0
M-GRIND-182,Precision Grinding Spindle,297.0,310.62,5610.0,23.37,75,M,0
M-GRIND-183,Precision Grinding Spindle,297.18,310.9,5271.5,24.52,79,L,0
M-GRIND-184,Precision Grinding Spindle,300.07,304.3,4747.9,18.65,158,M,0
M-GRIND-185,Precision Grinding Spindle,295.48,306.7,4285.4,27.99,43,H,0
M-GRIND-186,Precision Grinding Spindle,295.67,305.55,4393.3,35.03,50,H,0
M-GRIND-187,Precision Grinding Spindle,300.47,310.82,4969.2,18.55,125,H,0
M-GRIND-188,Precision Grinding Spindle,301.47,310.79,5179.3,18.33,14,L,0
M-GRIND-189,Precision Grinding Spindle,300.33,306.05,3077.1,29.18,158,L,0
M-GRIND-190,Precision Grinding Spindle,295.59,306.62,3436.7,37.36,59,L,0
M-GRIND-191,Precision Grinding Spindle,295.59,304.16,5718.0,35.3,40,M,0
M-GRIND-192,Precision Grinding Spindle,299.34,310.17,5512.8,12.86,91,L,0
M-GRIND-193,Precision Grinding Spindle,301.08,308.27,6982.8,13.15,81,L,0
M-GRIND-194,Precision Grinding Spindle,295.99,311.75,4416.2,20.5,41,M,0
M-GRIND-195,Precision Grinding Spindle,299.04,306.86,3773.5,34.27,19,L,0
M-GRIND-196,Precision Grinding Spindle,296.92,307.46,4524.3,27.12,129,L,0
M-GRIND-197,Precision Grinding Spindle,297.14,307.98,4864.0,39.97,131,M,0
M-GRIND-198,Precision Grinding Spindle,298.34,305.21,6021.0,35.36,154,M,0
M-GRIND-199,Precision Grinding Spindle,299.69,307.01,5436.5,20.46,120,H,0
M-GRIND-200,Precision Grinding Spindle,295.2,309.45,6722.7,28.97,118,L,0
M-GRIND-201,Precision Grinding Spindle,297.53,303.97,6732.4,38.16,76,M,0
M-GRIND-202,Precision Grinding Spindle,301.25,309.38,3032.9,13.23,157,H,0
M-GRIND-203,Precision Grinding Spindle,296.98,307.94,3737.4,16.96,62,M,0
M-GRIND-204,Precision Grinding Spindle,300.62,307.5,4114.5,19.39,15,H,0
M-GRIND-205,Precision Grinding Spindle,300.03,304.02,4903.2,35.27,65,M,0
M-GRIND-206,Precision Grinding Spindle,301.11,310.78,6520.5,27.16,152,L,0
M-GRIND-207,Precision Grinding Spindle,297.91,308.67,3487.2,26.54,49,M,0
M-GRIND-208,Precision Grinding Spindle,295.88,306.22,4925.6,28.01,55,L,0
M-GRIND-209,Precision Grinding Spindle,298.65,308.74,4112.6,34.42,103,L,0
M-GRIND-210,Precision Grinding Spindle,296.12,306.43,3452.1,16.47,69,L,0
M-GRIND-211,Precision Grinding Spindle,298.9,305.97,5987.6,10.59,65,M,0
M-GRIND-212,Precision Grinding Spindle,299.08,308.47,3846.0,20.11,149,L,0
M-GRIND-213,Precision Grinding Spindle,297.18,308.8,3965.2,21.06,128,M,0
M-GRIND-214,Precision Grinding Spindle,300.95,308.66,5515.7,11.02,122,L,0
M-GRIND-215,Precision Grinding Spindle,298.31,304.43,6907.9,18.7,71,H,0
M-GRIND-216,Precision Grinding Spindle,295.78,304.95,5193.9,26.73,100,M,0
M-GRIND-217,Precision Grinding Spindle,298.47,310.22,6735.6,18.09,29,M,0
M-GRIND-218,Precision Grinding Spindle,295.18,310.95,3958.8,26.48,27,M,0
M-GRIND-219,Precision Grinding Spindle,295.27,309.92,6821.7,19.21,48,M,0
M-GRIND-220,Precision Grinding Spindle,299.34,304.7,6213.2,15.96,10,M,0
M-GRIND-221,Precision Grinding Spindle,295.81,309.28,3669.9,34.52,80,M,0
M-GRIND-222,Precision Grinding Spindle,296.31,304.32,5525.2,17.66,67,M,0
M-GRIND-223,Precision Grinding Spindle,296.61,310.16,6757.7,22.96,147,L,0
M-GRIND-224,Precision Grinding Spindle,296.16,304.56,4909.6,25.78,61,M,0
M-GRIND-225,Precision Grinding Spindle,298.02,309.21,3337.6,31.32,148,L,0
M-GRIND-226,Precision Grinding Spindle,296.34,303.79,4961.5,38.69,132,M,0
M-GRIND-227,Precision Grinding Spindle,296.0,309.42,6252.0,38.05,101,M,0
M-GRIND-228,Precision Grinding Spindle,299.33,311.49,5512.5,17.73,105,L,0
M-GRIND-229,Precision Grinding Spindle,298.97,307.52,5933.5,29.83,18,L,0
M-GRIND-230,Precision Grinding Spindle,297.85,311.47,6883.2,23.46,155,M,0
M-GRIND-231,Precision Grinding Spindle,299.78,303.68,3580.0,35.94,144,M,0
M-GRIND-232,Precision Grinding Spindle,297.38,307.06,6478.5,16.33,54,L,0
M-GRIND-233,Precision Grinding Spindle,301.55,303.84,6215.1,29.35,44,L,0
M-GRIND-234,Precision Grinding Spindle,300.1,304.28,5009.0,32.75,38,M,0
M-GRIND-235,Precision Grinding Spindle,295.85,305.76,3871.8,25.15,31,M,0
M-GRIND-236,Precision Grinding Spindle,296.93,309.71,5798.7,12.85,153,L,0
M-GRIND-237,Precision Grinding Spindle,299.31,307.3,3711.7,38.86,11,M,0
M-GRIND-238,Precision Grinding Spindle,298.55,311.12,4522.8,25.56,121,H,0
M-GRIND-239,Precision Grinding Spindle,295.38,304.91,3585.7,10.19,103,L,0
M-GRIND-240,Precision Grinding Spindle,301.7,306.97,4118.9,35.92,136,M,0
M-GRIND-241,Precision Grinding Spindle,296.91,311.18,3713.6,11.31,129,M,0
M-GRIND-242,Precision Grinding Spindle,296.73,309.04,6066.9,35.34,52,H,0
M-GRIND-243,Precision Grinding Spindle,298.57,310.7,3831.3,22.63,48,H,0
M-GRIND-244,Precision Grinding Spindle,301.29,304.22,6067.1,20.4,51,L,0
M-GRIND-245,Precision Grinding Spindle,299.6,309.18,6038.6,20.23,94,M,0
M-GRIND-246,Precision Grinding Spindle,300.84,308.39,3973.6,36.99,97,M,0
M-GRIND-247,Precision Grinding Spindle,295.24,311.19,6809.1,26.88,76,M,0
M-GRIND-248,Precision Grinding Spindle,296.88,308.17,3512.4,37.58,36,L,0
M-GRIND-249,Precision Grinding Spindle,297.15,305.03,5231.5,32.95,119,M,0
M-GRIND-250,Precision Grinding Spindle,297.31,310.82,5893.0,31.38,50,L,0
M-GRIND-251,Precision Grinding Spindle,297.51,306.61,4150.2,13.64,73,H,0
M-GRIND-252,Precision Grinding Spindle,298.19,309.53,6843.0,12.36,52,M,0
M-GRIND-253,Precision Grinding Spindle,296.19,304.05,4809.3,27.42,133,L,0
M-GRIND-254,Precision Grinding Spindle,300.42,304.99,5991.9,26.11,77,L,0
M-GRIND-255,Precision Grinding Spindle,299.91,309.14,3047.0,35.95,128,M,0
M-GRIND-256,Precision Grinding Spindle,297.04,303.48,3203.4,30.06,37,L,0
M-GRIND-257,Precision Grinding Spindle,300.9,306.14,4520.3,19.82,23,H,0
M-GRIND-258,Precision Grinding Spindle,298.16,311.49,6669.0,34.3,104,L,0
M-GRIND-259,Precision Grinding Spindle,298.61,304.62,5736.7,37.62,12,M,0
M-GRIND-260,Precision Grinding Spindle,296.86,303.89,3902.0,21.52,150,L,0
M-GRIND-261,Precision Grinding Spindle,301.62,304.09,3112.2,13.3,147,H,0
M-GRIND-262,Precision Grinding Spindle,299.01,305.05,3082.5,12.54,116,H,0
M-GRIND-263,Precision Grinding Spindle,296.6,306.4,5629.0,24.08,151,M,0
M-GRIND-264,Precision Grinding Spindle,296.39,307.83,4803.6,33.61,150,L,0
M-GRIND-265,Precision Grinding Spindle,297.72,304.95,6658.0,21.58,125,L,0
M-GRIND-266,Precision Grinding Spindle,299.04,307.32,5799.5,15.82,83,M,0
M-GRIND-267,Precision Grinding Spindle,296.15,308.49,5302.8,32.84,140,M,0
M-GRIND-268,Precision Grinding Spindle,300.46,306.31,5515.2,35.51,48,M,0
M-GRIND-269,Precision Grinding Spindle,298.36,310.12,5789.0,33.09,53,L,0
M-GRIND-270,Precision Grinding Spindle,299.24,307.11,4513.4,19.95,11,H,0
M-GRIND-271,Precision Grinding Spindle,295.41,310.64,6440.4,35.39,132,M,0
M-GRIND-272,Precision Grinding Spindle,298.44,311.17,6039.1,10.05,78,H,0
M-GRIND-273,Precision Grinding Spindle,296.96,306.92,6571.6,29.63,64,M,0
M-GRIND-274,Precision Grinding Spindle,300.72,305.7,5460.1,17.87,81,H,0
M-GRIND-275,Precision Grinding Spindle,300.97,303.44,3897.4,20.01,103,L,0
M-GRIND-276,Precision Grinding Spindle,295.56,303.39,6196.0,31.36,134,M,0
M-GRIND-277,Precision Grinding Spindle,300.26,306.41,5360.7,34.16,35,M,0
M-GRIND-278,Precision Grinding Spindle,300.18,307.79,5726.6,18.79,14,H,0
M-GRIND-279,Precision Grinding Spindle,301.6,311.5,3845.1,14.42,12,M,0
M-GRIND-280,Precision Grinding Spindle,297.34,305.17,6189.5,32.48,22,M,0
M-GRIND-281,Precision Grinding Spindle,298.64,304.19,5958.1,12.58,36,H,0
M-GRIND-282,Precision Grinding Spindle,301.57,309.28,4645.1,34.67,42,L,0
M-GRIND-283,Precision Grinding Spindle,299.88,308.04,6178.6,29.34,143,L,0
M-GRIND-284,Precision Grinding Spindle,296.38,305.16,3260.4,16.61,61,H,0
M-GRIND-285,Precision Grinding Spindle,297.2,309.94,6361.3,10.27,11,H,0
M-GRIND-286,Precision Grinding Spindle,301.11,307.22,6931.6,36.62,143,H,0
M-GRIND-287,Precision Grinding Spindle,298.33,311.94,3596.2,27.23,61,M,0
M-GRIND-288,Precision Grinding Spindle,301.24,308.29,6035.1,30.2,89,L,0
M-GRIND-289,Precision Grinding Spindle,301.8,311.7,6157.8,24.62,34,H,0
M-GRIND-290,Precision Grinding Spindle,296.62,306.06,3519.4,16.74,22,M,0
M-GRIND-291,Precision Grinding Spindle,295.88,309.68,4330.6,30.16,142,H,0
M-GRIND-292,Precision Grinding Spindle,301.92,308.81,3213.5,19.42,142,M,0
M-GRIND-293,Precision Grinding Spindle,297.01,311.46,6149.0,32.07,143,L,0
M-GRIND-294,Precision Grinding Spindle,297.01,308.25,6369.1,15.43,34,H,0
M-GRIND-295,Precision Grinding Spindle,296.36,303.93,6350.5,34.55,32,L,0
M-GRIND-296,Precision Grinding Spindle,299.39,305.49,3909.5,17.52,119,M,0
M-GRIND-297,Precision Grinding Spindle,296.95,303.2,6632.9,32.58,80,L,0
M-GRIND-298,Precision Grinding Spindle,297.05,309.07,4220.6,19.44,136,L,0
M-GRIND-299,Precision Grinding Spindle,297.06,303.73,4430.3,32.8,25,M,0
M-GRIND-300,Precision Grinding Spindle,301.23,304.61,6448.8,11.54,110,L,0
M-GRIND-301,Precision Grinding Spindle,298.11,304.83,6698.9,10.6,93,M,0
M-GRIND-302,Precision Grinding Spindle,298.23,307.83,5139.0,16.11,111,H,0
M-GRIND-303,Precision Grinding Spindle,295.15,307.31,5167.6,18.25,92,M,0
M-GRIND-304,Precision Grinding Spindle,297.44,308.87,6831.7,24.72,127,M,0
M-GRIND-305,Precision Grinding Spindle,300.33,308.84,5558.8,36.79,45,M,0
M-GRIND-306,Precision Grinding Spindle,295.58,309.54,6375.5,22.18,63,M,0
M-GRIND-307,Precision Grinding Spindle,295.53,305.64,4464.9,25.56,81,M,0
M-GRIND-308,Precision Grinding Spindle,298.79,311.33,3108.4,30.41,103,L,0
M-GRIND-309,Precision Grinding Spindle,299.52,308.62,6079.2,18.03,99,M,0
M-GRIND-310,Precision Grinding Spindle,298.07,303.72,4170.5,18.4,118,L,0
M-GRIND-311,Precision Grinding Spindle,296.62,303.67,6999.8,30.74,142,H,0
M-GRIND-312,Precision Grinding Spindle,300.61,310.32,3606.0,14.84,54,M,0
M-GRIND-313,Precision Grinding Spindle,301.83,306.27,6045.2,34.15,67,M,0
M-GRIND-314,Precision Grinding Spindle,295.75,306.57,6869.2,15.06,67,L,0
M-GRIND-315,Precision Grinding Spindle,299.66,308.68,6413.0,10.87,125,L,0
M-GRIND-316,Precision Grinding Spindle,295.11,308.03,4394.4,11.52,72,M,0
M-GRIND-317,Precision Grinding Spindle,301.43,308.58,6427.0,13.65,41,L,0
M-GRIND-318,Precision Grinding Spindle,301.21,305.12,5483.9,20.88,80,L,0
M-GRIND-319,Precision Grinding Spindle,300.15,305.15,4264.0,18.69,127,M,0
M-GRIND-320,Precision Grinding Spindle,301.66,310.35,3844.8,33.58,85,M,0
M-GRIND-321,Precision Grinding Spindle,297.54,311.75,4935.8,31.59,81,M,0
M-GRIND-322,Precision Grinding Spindle,300.57,310.63,3287.6,18.37,86,M,0
M-GRIND-323,Precision Grinding Spindle,300.49,304.03,6191.2,28.54,53,M,0
M-GRIND-324,Precision Grinding Spindle,296.28,305.27,5869.1,21.28,113,M,0
M-GRIND-325,Precision Grinding Spindle,296.02,307.49,6025.9,18.93,107,H,0
M-GRIND-326,Precision Grinding Spindle,295.95,306.24,4556.8,32.83,79,H,0
M-GRIND-327,Precision Grinding Spindle,299.44,307.22,4326.6,34.07,33,L,0
M-GRIND-328,Precision Grinding Spindle,297.34,307.15,6716.9,32.84,21,M,0
M-GRIND-329,Precision Grinding Spindle,297.17,307.58,5971.9,24.89,20,M,0
M-GRIND-330,Precision Grinding Spindle,295.17,306.14,4912.1,29.34,85,H,0
M-GRIND-331,Precision Grinding Spindle,301.53,308.85,4267.9,38.98,142,H,0
M-GRIND-332,Precision Grinding Spindle,299.59,308.04,3771.2,17.0,94,M,0
M-GRIND-333,Precision Grinding Spindle,300.84,303.88,6656.1,35.22,120,M,0
M-GRIND-334,Precision Grinding Spindle,300.0,306.95,5535.0,19.38,135,H,0
M-GRIND-335,Precision Grinding Spindle,299.84,310.46,5585.7,15.76,52,M,0
M-GRIND-336,Precision Grinding Spindle,297.31,303.04,3162.7,33.03,22,L,0
M-GRIND-337,Precision Grinding Spindle,298.1,309.82,3502.0,37.8,15,H,0
M-GRIND-338,Precision Grinding Spindle,295.38,303.93,4947.3,33.65,52,L,0
M-GRIND-339,Precision Grinding Spindle,300.42,311.17,3597.4,14.07,28,M,0
M-GRIND-340,Precision Grinding Spindle,298.43,307.15,4028.2,28.66,60,M,0
M-GRIND-341,Precision Grinding Spindle,295.74,308.33,5621.1,32.74,145,L,0
M-GRIND-342,Precision Grinding Spindle,296.65,305.12,6660.3,33.7,127,L,0
M-GRIND-343,Precision Grinding Spindle,296.87,310.63,3571.5,20.5,61,M,0
M-GRIND-344,Precision Grinding Spindle,298.24,307.14,5214.3,22.46,47,M,0
M-GRIND-345,Precision Grinding Spindle,300.53,307.31,5597.9,26.06,18,M,0
M-GRIND-346,Precision Grinding Spindle,295.07,308.96,5032.6,13.8,91,L,0
M-GRIND-347,Precision Grinding Spindle,297.38,311.84,6837.5,33.56,132,M,0
M-GRIND-348,Precision Grinding Spindle,297.82,311.59,4464.8,12.91,32,L,0
M-GRIND-349,Precision Grinding Spindle,297.68,304.79,6255.1,24.66,95,H,0
M-GRIND-350,Precision Grinding Spindle,296.35,304.13,5058.2,33.27,119,M,0
M-GRIND-351,Precision Grinding Spindle,300.96,303.95,3456.2,35.48,46,L,0
M-GRIND-352,Precision Grinding Spindle,295.06,303.84,5437.2,15.47,14,M,0
M-GRIND-353,Precision Grinding Spindle,297.31,310.22,6275.3,28.43,53,M,0
M-GRIND-354,Precision Grinding Spindle,299.92,303.62,4330.0,34.67,70,M,0
M-GRIND-355,Precision Grinding Spindle,295.67,309.99,3401.9,35.85,25,L,0
M-GRIND-356,Precision Grinding Spindle,297.55,308.62,6386.2,10.31,49,L,0
M-GRIND-357,Precision Grinding Spindle,297.72,309.36,3560.0,30.35,20,L,0
M-GRIND-358,Precision Grinding Spindle,297.27,307.19,3665.0,28.84,60,M,0
M-GRIND-359,Precision Grinding Spindle,299.57,304.61,6408.0,32.18,96,H,0
M-GRIND-360,Precision Grinding Spindle,299.81,303.16,6217.6,19.11,27,H,0
M-GRIND-361,Precision Grinding Spindle,301.74,309.96,3951.5,38.9,31,L,0
M-GRIND-362,Precision Grinding Spindle,299.6,310.39,4526.8,22.06,103,M,0
M-GRIND-363,Precision Grinding Spindle,295.29,309.57,5563.8,22.71,55,M,0
M-GRIND-364,Precision Grinding Spindle,300.19,309.56,6275.7,32.87,123,M,0
M-GRIND-365,Precision Grinding Spindle,295.71,309.86,3394.5,39.46,141,M,0
M-GRIND-366,Precision Grinding Spindle,297.47,307.74,5937.2,32.69,21,L,0
M-GRIND-367,Precision Grinding Spindle,299.49,303.37,4252.6,25.32,38,H,0
M-GRIND-368,Precision Grinding Spindle,295.1,311.2,3224.4,20.98,40,L,0
M-GRIND-369,Precision Grinding Spindle,299.95,310.26,5467.2,27.75,71,M,0
M-GRIND-370,Precision Grinding Spindle,295.81,309.16,3415.6,35.85,85,M,0
M-GRIND-371,Precision Grinding Spindle,299.09,309.98,4913.9,22.83,53,H,0
M-GRIND-372,Precision Grinding Spindle,296.33,303.0,6477.7,32.95,42,H,0
M-GRIND-373,Precision Grinding Spindle,298.44,306.71,6104.0,22.09,139,H,0
M-GRIND-374,Precision Grinding Spindle,297.56,311.41,3046.9,21.72,48,M,0
M-GRIND-375,Precision Grinding Spindle,296.95,310.83,6748.6,35.47,69,L,0
M-GRIND-376,Precision Grinding Spindle,300.15,306.2,3374.8,30.01,119,H,0
M-GRIND-377,Precision Grinding Spindle,298.85,311.88,4305.0,19.06,145,H,0
M-GRIND-378,Precision Grinding Spindle,301.53,310.02,4563.4,12.51,12,M,0
M-GRIND-379,Precision Grinding Spindle,299.94,307.39,5954.6,30.12,95,L,0
M-GRIND-380,Precision Grinding Spindle,300.1,311.23,3968.6,31.41,99,L,0
M-GRIND-381,Precision Grinding Spindle,298.57,305.52,4539.4,16.56,42,M,0
M-GRIND-382,Precision Grinding Spindle,301.25,304.73,4151.5,35.59,60,L,0
M-GRIND-383,Precision Grinding Spindle,296.88,306.98,3382.4,39.77,143,L,0
M-GRIND-384,Precision Grinding Spindle,296.1,311.72,6716.6,23.07,112,L,0
M-GRIND-385,Precision Grinding Spindle,297.87,304.02,6471.1,24.29,158,M,0
M-GRIND-386,Precision Grinding Spindle,295.21,307.43,5872.2,10.78,72,H,0
M-GRIND-387,Precision Grinding Spindle,299.5,311.62,5498.3,30.85,69,M,0
M-GRIND-388,Precision Grinding Spindle,298.81,309.84,6427.6,29.89,156,L,0
M-GRIND-389,Precision Grinding Spindle,295.87,307.57,6612.9,38.32,67,L,0
M-GRIND-390,Precision Grinding Spindle,297.87,304.11,6538.4,37.96,85,H,0
M-GRIND-391,Precision Grinding Spindle,300.71,307.29,3300.1,15.68,32,M,0
M-GRIND-392,Precision Grinding Spindle,297.1,304.15,6670.6,38.7,30,M,0
M-GRIND-393,Precision Grinding Spindle,299.14,304.35,3634.4,20.1,152,L,0
M-GRIND-394,Precision Grinding Spindle,300.89,309.26,5882.7,24.09,89,M,0
M-GRIND-395,Precision Grinding Spindle,300.12,303.87,3899.5,38.89,60,M,0
M-GRIND-396,Precision Grinding Spindle,297.95,305.62,3364.7,16.24,106,M,0
M-GRIND-397,Precision Grinding Spindle,299.53,303.9,3167.5,35.85,124,M,0
M-GRIND-398,Precision Grinding Spindle,295.22,305.15,6249.3,14.34,131,M,0
M-GRIND-399,Precision Grinding Spindle,300.18,308.8,4668.0,18.76,110,L,0
M-GRIND-400,Precision Grinding Spindle,295.31,306.42,4402.9,26.78,27,L,0
M-GRIND-F1-001,Precision Grinding Spindle,308.39,329.01,6267.8,15.75,25,L,1
M-GRIND-F1-002,Precision Grinding Spindle,308.29,317.26,6736.9,24.19,45,M,1
M-GRIND-F1-003,Precision Grinding Spindle,310.58,318.43,4435.7,19.57,109,L,1
M-GRIND-F1-004,Precision Grinding Spindle,307.2,325.64,4577.8,27.14,126,M,1
M-GRIND-F1-005,Precision Grinding Spindle,311.91,326.71,3482.9,33.88,29,M,1
M-GRIND-F1-006,Precision Grinding Spindle,308.91,328.6,3841.7,36.28,120,H,1
M-GRIND-F1-007,Precision Grinding Spindle,311.08,320.37,3324.0,38.76,56,M,1
M-GRIND-F1-008,Precision Grinding Spindle,308.42,319.77,5678.3,11.38,33,L,1
M-GRIND-F1-009,Precision Grinding Spindle,311.63,323.27,3676.3,22.65,113,H,1
M-GRIND-F1-010,Precision Grinding Spindle,305.02,328.64,4661.5,12.5,26,L,1
M-GRIND-F1-011,Precision Grinding Spindle,307.92,319.12,6576.2,35.36,12,M,1
M-GRIND-F1-012,Precision Grinding Spindle,305.95,323.93,4117.1,19.48,81,M,1
M-GRIND-F1-013,Precision Grinding Spindle,307.16,318.4,6877.7,15.24,84,H,1
M-GRIND-F1-014,Precision Grinding Spindle,309.51,318.23,3918.0,29.41,43,M,1
M-GRIND-F1-015,Precision Grinding Spindle,305.0,319.63,5935.1,11.05,23,M,1
M-GRIND-F1-016,Precision Grinding Spindle,304.16,318.24,4125.6,12.79,112,H,1
M-GRIND-F1-017,Precision Grinding Spindle,310.89,327.7,3403.0,10.76,15,M,1
M-GRIND-F1-018,Precision Grinding Spindle,309.36,325.07,5165.9,15.24,109,M,1
M-GRIND-F1-019,Precision Grinding Spindle,311.89,322.0,4052.0,36.83,76,L,1
M-GRIND-F1-020,Precision Grinding Spindle,307.27,328.53,6670.9,23.1,38,M,1
M-GRIND-F2-001,Precision Grinding Spindle,305.55,316.34,6148.9,58.94,117,H,1
M-GRIND-F2-002,Precision Grinding Spindle,299.59,314.42,5155.3,57.65,119,L,1
M-GRIND-F2-003,Precision Grinding Spindle,303.99,308.72,3258.4,62.95,100,H,1
M-GRIND-F2-004,Precision Grinding Spindle,302.41,314.92,5395.8,61.32,91,H,1
M-GRIND-F2-005,Precision Grinding Spindle,298.15,320.55,4086.9,75.62,15,M,1
M-GRIND-F2-006,Precision Grinding Spindle,299.25,321.94,6267.1,56.12,41,L,1
M-GRIND-F2-007,Precision Grinding Spindle,304.9,316.96,5853.5,51.65,85,L,1
M-GRIND-F2-008,Precision Grinding Spindle,297.9,318.67,6116.1,73.35,38,M,1
M-GRIND-F2-009,Precision Grinding Spindle,301.0,309.38,6148.0,54.2,99,M,1
M-GRIND-F2-010,Precision Grinding Spindle,301.74,307.71,3676.5,61.55,89,L,1
M-GRIND-F2-011,Precision Grinding Spindle,296.3,309.29,5408.3,71.14,37,M,1
M-GRIND-F2-012,Precision Grinding Spindle,296.88,309.25,3026.5,65.34,116,H,1
M-GRIND-F2-013,Precision Grinding Spindle,303.51,315.6,6101.7,70.75,110,M,1
M-GRIND-F2-014,Precision Grinding Spindle,304.11,312.26,3689.8,73.73,96,H,1
M-GRIND-F2-015,Precision Grinding Spindle,304.67,312.23,3984.3,66.21,77,M,1
M-GRIND-F2-016,Precision Grinding Spindle,298.55,321.4,6135.4,50.11,49,H,1
M-GRIND-F2-017,Precision Grinding Spindle,304.5,320.3,4710.4,71.83,92,M,1
M-GRIND-F2-018,Precision Grinding Spindle,299.64,310.99,3856.1,64.61,29,H,1
M-GRIND-F2-019,Precision Grinding Spindle,296.1,316.2,6281.3,73.12,93,L,1
M-GRIND-F2-020,Precision Grinding Spindle,300.17,311.47,4216.5,52.12,84,H,1
M-GRIND-F3-001,Precision Grinding Spindle,300.34,304.71,9198.4,59.32,22,M,1
M-GRIND-F3-002,Precision Grinding Spindle,295.44,303.81,10617.3,54.09,32,L,1
M-GRIND-F3-003,Precision Grinding Spindle,299.92,305.71,9269.4,56.07,96,H,1
M-GRIND-F3-004,Precision Grinding Spindle,297.44,304.95,9429.5,48.6,125,L,1
M-GRIND-F3-005,Precision Grinding Spindle,300.46,305.5,8401.8,44.93,75,M,1
M-GRIND-F3-006,Precision Grinding Spindle,296.35,303.45,11465.6,53.6,22,L,1
M-GRIND-F3-007,Precision Grinding Spindle,300.29,305.6,9059.5,57.02,48,L,1
M-GRIND-F3-008,Precision Grinding Spindle,295.31,307.49,9028.6,54.75,127,M,1
M-GRIND-F3-009,Precision Grinding Spindle,295.7,305.86,11520.3,56.25,37,L,1
M-GRIND-F3-010,Precision Grinding Spindle,299.36,304.51,10403.1,51.22,106,M,1
M-GRIND-F3-011,Precision Grinding Spindle,301.12,310.31,10761.1,48.14,124,M,1
M-GRIND-F3-012,Precision Grinding Spindle,301.35,304.94,11841.8,57.06,122,M,1
M-GRIND-F3-013,Precision Grinding Spindle,298.01,303.88,8879.4,48.54,122,M,1
M-GRIND-F3-014,Precision Grinding Spindle,297.2,311.59,10989.1,58.51,119,L,1
M-GRIND-F3-015,Precision Grinding Spindle,296.7,311.97,9537.8,54.75,109,H,1
M-GRIND-F3-016,Precision Grinding Spindle,299.26,306.38,9255.0,44.19,112,H,1
M-GRIND-F3-017,Precision Grinding Spindle,301.15,308.41,10573.7,57.26,70,M,1
M-GRIND-F3-018,Precision Grinding Spindle,295.97,308.13,10336.1,48.7,80,M,1
M-GRIND-F3-019,Precision Grinding Spindle,300.64,308.04,11667.9,52.29,114,M,1
M-GRIND-F3-020,Precision Grinding Spindle,298.91,306.3,9800.6,58.93,36,H,1
M-GRIND-F4-001,Precision Grinding Spindle,300.81,308.19,4138.6,27.0,214,M,1
M-GRIND-F4-002,Precision Grinding Spindle,300.75,306.55,5706.0,41.89,238,M,1
M-GRIND-F4-003,Precision Grinding Spindle,297.45,308.35,6543.1,40.25,218,L,1
M-GRIND-F4-004,Precision Grinding Spindle,298.07,310.58,6273.7,44.6,249,M,1
M-GRIND-F4-005,Precision Grinding Spindle,296.37,307.15,6415.5,41.94,200,H,1
M-GRIND-F4-006,Precision Grinding Spindle,298.57,307.27,3343.1,40.41,196,M,1
M-GRIND-F4-007,Precision Grinding Spindle,295.71,310.75,5957.1,25.37,222,H,1
M-GRIND-F4-008,Precision Grinding Spindle,301.9,310.16,6155.8,16.68,176,M,1
M-GRIND-F4-009,Precision Grinding Spindle,296.01,310.02,4664.3,23.53,180,L,1
M-GRIND-F4-010,Precision Grinding Spindle,301.69,304.18,4331.2,25.46,197,L,1
M-GRIND-F4-011,Precision Grinding Spindle,300.05,311.6,6498.0,38.92,227,L,1
M-GRIND-F4-012,Precision Grinding Spindle,299.79,304.7,5592.5,30.06,248,M,1
M-GRIND-F4-013,Precision Grinding Spindle,295.27,305.38,6669.5,46.61,229,H,1
M-GRIND-F4-014,Precision Grinding Spindle,295.16,307.32,6998.7,43.16,244,M,1
M-GRIND-F4-015,Precision Grinding Spindle,301.01,305.88,3109.5,44.98,191,L,1
M-GRIND-F4-016,Precision Grinding Spindle,299.61,304.42,3783.1,23.18,231,H,1
M-GRIND-F4-017,Precision Grinding Spindle,297.85,308.99,3685.9,15.42,204,M,1
M-GRIND-F4-018,Precision Grinding Spindle,299.54,311.73,3017.9,44.39,207,M,1
M-GRIND-F4-019,Precision Grinding Spindle,300.96,308.16,3389.2,16.2,234,M,1
M-GRIND-F4-020,Precision Grinding Spindle,298.98,306.85,4214.6,40.12,229,M,1
M-GRIND-F5-001,Precision Grinding Spindle,304.86,317.81,8783.4,60.71,198,L,1
M-GRIND-F5-002,Precision Grinding Spindle,303.08,323.99,9152.0,60.99,186,M,1
M-GRIND-F5-003,Precision Grinding Spindle,306.98,322.09,8401.5,51.84,203,L,1
M-GRIND-F5-004,Precision Grinding Spindle,305.19,318.82,9578.8,58.3,189,H,1
M-GRIND-F5-005,Precision Grinding Spindle,306.61,318.82,7848.2,57.02,186,M,1
M-GRIND-F5-006,Precision Grinding Spindle,305.4,321.74,8280.3,47.46,191,H,1
M-GRIND-F5-007,Precision Grinding Spindle,306.49,323.67,9083.4,50.96,179,M,1
M-GRIND-F5-008,Precision Grinding Spindle,304.11,318.51,7904.4,62.12,214,M,1
M-GRIND-F5-009,Precision Grinding Spindle,303.31,322.43,7829.8,47.92,186,M,1
M-GRIND-F5-010,Precision Grinding Spindle,304.77,317.32,7935.5,61.47,188,M,1
M-GRIND-F5-011,Precision Grinding Spindle,305.43,316.29,8960.6,50.47,199,M,1
M-GRIND-F5-012,Precision Grinding Spindle,307.05,317.84,8673.3,63.31,206,L,1
M-GRIND-F5-013,Precision Grinding Spindle,307.64,320.89,8254.3,59.62,204,M,1
M-GRIND-F5-014,Precision Grinding Spindle,306.49,320.91,8790.7,53.49,172,L,1
M-GRIND-F5-015,Precision Grinding Spindle,307.33,320.75,8262.6,46.51,170,H,1
M-GRIND-F5-016,Precision Grinding Spindle,304.8,317.51,8256.6,58.59,217,M,1
M-GRIND-F5-017,Precision Grinding Spindle,305.33,323.93,9656.5,52.34,185,M,1
M-GRIND-F5-018,Precision Grinding Spindle,303.78,319.68,8416.4,59.41,181,L,1
M-GRIND-F5-019,Precision Grinding Spindle,304.44,320.74,9040.7,58.09,178,M,1
M-GRIND-F5-020,Precision Grinding Spindle,304.23,320.61,7859.1,55.33,174,M,1
M-PRESS-001,Hydraulic Press Drive,304.87,316.19,752.3,125.43,200,M,0
M-PRESS-002,Hydraulic Press Drive,300.99,319.6,1368.7,89.25,180,L,0
M-PRESS-003,Hydraulic Press Drive,302.62,314.75,1100.2,72.83,112,M,0
M-PRESS-004,Hydraulic Press Drive,300.25,312.7,1163.4,155.96,118,H,0
M-PRESS-005,Hydraulic Press Drive,305.19,318.07,1151.3,128.31,238,H,0
M-PRESS-006,Hydraulic Press Drive,299.69,315.12,942.2,153.31,238,L,0
M-PRESS-007,Hydraulic Press Drive,300.23,320.95,845.1,153.81,79,H,0
M-PRESS-008,Hydraulic Press Drive,306.42,320.75,1239.3,84.21,233,M,0
M-PRESS-009,Hydraulic Press Drive,304.52,318.74,1188.4,107.4,60,M,0
M-PRESS-010,Hydraulic Press Drive,305.48,312.3,701.6,132.69,92,H,0
M-PRESS-011,Hydraulic Press Drive,306.89,312.41,809.7,108.56,139,M,0
M-PRESS-012,Hydraulic Press Drive,307.13,319.88,823.5,102.19,145,H,0
M-PRESS-013,Hydraulic Press Drive,307.27,313.35,1127.8,140.0,220,H,0
M-PRESS-014,Hydraulic Press Drive,303.37,311.26,1224.3,113.78,66,L,0
M-PRESS-015,Hydraulic Press Drive,301.31,311.72,915.0,91.17,248,M,0
M-PRESS-016,Hydraulic Press Drive,303.72,324.23,854.3,102.23,67,L,0
M-PRESS-017,Hydraulic Press Drive,306.01,313.32,799.4,152.34,153,M,0
M-PRESS-018,Hydraulic Press Drive,304.48,321.43,1345.4,142.2,244,L,0
M-PRESS-019,Hydraulic Press Drive,298.46,311.76,1296.4,72.49,212,L,0
M-PRESS-020,Hydraulic Press Drive,302.15,315.32,675.0,74.4,201,H,0
M-PRESS-021,Hydraulic Press Drive,307.45,314.45,1214.8,75.37,153,M,0
M-PRESS-022,Hydraulic Press Drive,298.3,319.84,1348.8,70.97,92,L,0
M-PRESS-023,Hydraulic Press Drive,306.71,312.86,563.6,70.78,79,H,0
M-PRESS-024,Hydraulic Press Drive,301.59,316.6,931.9,82.81,136,H,0
M-PRESS-025,Hydraulic Press Drive,300.39,315.54,606.5,143.26,76,L,0
M-PRESS-026,Hydraulic Press Drive,302.74,317.2,1080.7,73.98,48,M,0
M-PRESS-027,Hydraulic Press Drive,302.17,316.45,1109.2,70.06,250,H,0
M-PRESS-028,Hydraulic Press Drive,300.49,323.58,504.9,159.22,38,H,0
M-PRESS-029,Hydraulic Press Drive,300.4,316.58,966.6,79.42,46,H,0
M-PRESS-030,Hydraulic Press Drive,300.57,323.82,850.9,138.76,73,H,0
M-PRESS-031,Hydraulic Press Drive,303.54,322.33,1308.6,119.16,97,H,0
M-PRESS-032,Hydraulic Press Drive,304.68,314.21,1259.6,124.46,227,M,0
M-PRESS-033,Hydraulic Press Drive,305.72,314.41,952.8,71.75,169,M,0
M-PRESS-034,Hydraulic Press Drive,305.55,320.93,1064.9,75.1,237,H,0
M-PRESS-035,Hydraulic Press Drive,306.03,317.19,1236.2,111.86,178,M,0
M-PRESS-036,Hydraulic Press Drive,305.44,313.81,1147.4,87.4,196,M,0
M-PRESS-037,Hydraulic Press Drive,300.79,322.17,1232.3,132.23,242,H,0
M-PRESS-038,Hydraulic Press Drive,300.69,314.41,774.8,99.52,190,M,0
M-PRESS-039,Hydraulic Press Drive,300.86,318.56,674.0,102.84,43,L,0
M-PRESS-040,Hydraulic Press Drive,301.17,322.75,977.0,90.54,74,M,0
M-PRESS-041,Hydraulic Press Drive,307.65,312.75,603.9,104.84,120,L,0
M-PRESS-042,Hydraulic Press Drive,302.69,310.94,1328.6,103.59,183,M,0
M-PRESS-043,Hydraulic Press Drive,298.56,310.05,579.2,156.09,212,H,0
M-PRESS-044,Hydraulic Press Drive,304.15,319.18,500.5,108.62,193,H,0
M-PRESS-045,Hydraulic Press Drive,306.51,319.9,506.2,146.94,34,L,0
M-PRESS-046,Hydraulic Press Drive,301.34,320.48,1208.7,95.31,111,M,0
M-PRESS-047,Hydraulic Press Drive,303.83,314.38,1393.2,136.33,93,M,0
M-PRESS-048,Hydraulic Press Drive,302.35,322.9,796.1,86.91,40,L,0
M-PRESS-049,Hydraulic Press Drive,301.59,313.31,942.6,96.25,83,M,0
M-PRESS-050,Hydraulic Press Drive,298.75,317.63,848.7,117.93,103,M,0
M-PRESS-051,Hydraulic Press Drive,298.82,315.64,713.7,109.43,121,M,0
M-PRESS-052,Hydraulic Press Drive,304.29,316.2,663.5,122.37,252,H,0
M-PRESS-053,Hydraulic Press Drive,298.69,313.97,871.6,97.56,221,M,0
M-PRESS-054,Hydraulic Press Drive,300.46,324.25,612.6,81.06,86,H,0
M-PRESS-055,Hydraulic Press Drive,305.52,314.69,1156.9,138.65,84,M,0
M-PRESS-056,Hydraulic Press Drive,303.2,323.07,523.1,98.51,232,M,0
M-PRESS-057,Hydraulic Press Drive,299.37,318.64,775.3,112.06,218,M,0
M-PRESS-058,Hydraulic Press Drive,303.16,314.17,1213.6,136.58,83,M,0
M-PRESS-059,Hydraulic Press Drive,305.89,315.37,863.2,102.8,67,M,0
M-PRESS-060,Hydraulic Press Drive,306.03,317.37,912.4,84.07,70,H,0
M-PRESS-061,Hydraulic Press Drive,298.14,317.32,868.3,94.78,257,M,0
M-PRESS-062,Hydraulic Press Drive,305.89,313.16,722.3,121.16,30,H,0
M-PRESS-063,Hydraulic Press Drive,299.42,313.35,975.1,131.76,101,M,0
M-PRESS-064,Hydraulic Press Drive,306.23,312.44,1110.5,153.82,83,H,0
M-PRESS-065,Hydraulic Press Drive,307.8,314.06,748.1,113.54,83,L,0
M-PRESS-066,Hydraulic Press Drive,298.43,316.77,993.5,112.03,149,L,0
M-PRESS-067,Hydraulic Press Drive,306.77,314.63,996.3,70.03,124,H,0
M-PRESS-068,Hydraulic Press Drive,305.11,313.32,1174.0,98.18,242,M,0
M-PRESS-069,Hydraulic Press Drive,306.4,319.42,1379.7,136.85,197,M,0
M-PRESS-070,Hydraulic Press Drive,303.05,314.35,517.4,133.95,84,M,0
M-PRESS-071,Hydraulic Press Drive,300.85,312.99,560.4,100.41,48,M,0
M-PRESS-072,Hydraulic Press Drive,298.2,324.1,1369.8,97.42,89,H,0
M-PRESS-073,Hydraulic Press Drive,307.05,318.8,1049.1,150.63,239,L,0
M-PRESS-074,Hydraulic Press Drive,305.73,323.16,1288.4,103.18,253,L,0
M-PRESS-075,Hydraulic Press Drive,301.7,316.63,1118.4,102.5,220,H,0
M-PRESS-076,Hydraulic Press Drive,307.08,314.52,637.4,147.22,85,L,0
M-PRESS-077,Hydraulic Press Drive,300.96,324.01,697.2,76.27,245,H,0
M-PRESS-078,Hydraulic Press Drive,307.44,322.36,573.7,110.06,46,M,0
M-PRESS-079,Hydraulic Press Drive,301.52,318.99,1378.3,85.28,105,M,0
M-PRESS-080,Hydraulic Press Drive,299.71,320.66,863.3,155.46,174,M,0
M-PRESS-081,Hydraulic Press Drive,305.19,322.58,1220.4,93.65,125,M,0
M-PRESS-082,Hydraulic Press Drive,301.88,314.66,1177.5,71.1,97,H,0
M-PRESS-083,Hydraulic Press Drive,299.29,314.15,1185.9,157.25,148,M,0
M-PRESS-084,Hydraulic Press Drive,306.29,311.01,583.9,101.08,133,L,0
M-PRESS-085,Hydraulic Press Drive,307.25,317.97,946.1,89.17,133,L,0
M-PRESS-086,Hydraulic Press Drive,301.93,313.16,803.6,116.31,167,M,0
M-PRESS-087,Hydraulic Press Drive,305.59,318.77,1098.5,147.66,229,M,0
M-PRESS-088,Hydraulic Press Drive,304.23,320.75,631.3,145.85,71,L,0
M-PRESS-089,Hydraulic Press Drive,299.61,321.13,633.3,104.09,63,M,0
M-PRESS-090,Hydraulic Press Drive,307.85,311.62,865.8,130.92,51,H,0
M-PRESS-091,Hydraulic Press Drive,299.43,319.67,1318.4,144.34,256,M,0
M-PRESS-092,Hydraulic Press Drive,307.61,314.57,879.4,105.64,40,L,0
M-PRESS-093,Hydraulic Press Drive,298.25,320.95,866.4,70.56,96,M,0
M-PRESS-094,Hydraulic Press Drive,307.65,319.92,989.2,81.43,119,H,0
M-PRESS-095,Hydraulic Press Drive,305.62,312.44,1035.0,132.95,114,M,0
M-PRESS-096,Hydraulic Press Drive,305.64,312.76,1040.8,136.05,112,H,0
M-PRESS-097,Hydraulic Press Drive,300.86,324.0,821.7,79.69,49,H,0
M-PRESS-098,Hydraulic Press Drive,299.28,317.43,812.8,145.73,232,M,0
M-PRESS-099,Hydraulic Press Drive,306.89,316.76,1077.8,84.63,42,H,0
M-PRESS-100,Hydraulic Press Drive,300.52,321.26,656.2,81.76,243,M,0
M-PRESS-101,Hydraulic Press Drive,302.73,311.42,1266.6,79.74,170,M,0
M-PRESS-102,Hydraulic Press Drive,302.0,323.67,545.6,143.63,157,M,0
M-PRESS-103,Hydraulic Press Drive,307.87,318.74,1217.3,83.82,216,L,0
M-PRESS-104,Hydraulic Press Drive,307.68,324.04,692.6,111.84,239,M,0
M-PRESS-105,Hydraulic Press Drive,302.64,311.63,816.6,129.87,208,M,0
M-PRESS-106,Hydraulic Press Drive,298.56,319.5,1329.4,114.68,243,M,0
M-PRESS-107,Hydraulic Press Drive,306.86,321.8,1365.6,141.19,103,L,0
M-PRESS-108,Hydraulic Press Drive,304.7,312.43,541.4,102.93,210,M,0
M-PRESS-109,Hydraulic Press Drive,303.27,310.06,892.0,84.2,134,L,0
M-PRESS-110,Hydraulic Press Drive,306.8,314.66,1034.2,115.19,59,L,0
M-PRESS-111,Hydraulic Press Drive,302.25,317.58,1082.8,87.24,81,H,0
M-PRESS-112,Hydraulic Press Drive,301.84,313.0,1333.8,134.29,236,L,0
M-PRESS-113,Hydraulic Press Drive,305.03,313.64,1053.8,86.77,60,M,0
M-PRESS-114,Hydraulic Press Drive,304.25,312.35,817.2,75.97,194,L,0
M-PRESS-115,Hydraulic Press Drive,305.4,322.66,928.7,78.6,197,M,0
M-PRESS-116,Hydraulic Press Drive,301.88,320.55,1314.3,113.76,251,M,0
M-PRESS-117,Hydraulic Press Drive,299.23,317.78,1274.6,118.42,201,M,0
M-PRESS-118,Hydraulic Press Drive,303.46,314.27,681.1,95.1,131,L,0
M-PRESS-119,Hydraulic Press Drive,306.29,312.45,997.6,107.44,161,M,0
M-PRESS-120,Hydraulic Press Drive,300.8,323.79,1341.9,79.48,191,H,0
M-PRESS-121,Hydraulic Press Drive,298.47,324.37,1125.4,99.21,184,L,0
M-PRESS-122,Hydraulic Press Drive,306.71,310.31,1236.4,146.79,166,M,0
M-PRESS-123,Hydraulic Press Drive,299.11,313.59,941.4,147.86,214,M,0
M-PRESS-124,Hydraulic Press Drive,305.86,321.49,1021.1,89.83,110,H,0
M-PRESS-125,Hydraulic Press Drive,298.07,311.21,1183.7,73.01,121,L,0
M-PRESS-126,Hydraulic Press Drive,305.95,321.26,747.2,127.76,144,M,0
M-PRESS-127,Hydraulic Press Drive,302.36,317.96,1389.6,99.64,79,M,0
M-PRESS-128,Hydraulic Press Drive,303.24,311.28,1225.4,107.98,125,M,0
M-PRESS-129,Hydraulic Press Drive,305.73,324.79,656.2,101.1,68,L,0
M-PRESS-130,Hydraulic Press Drive,303.48,322.79,1386.7,119.52,57,M,0
M-PRESS-131,Hydraulic Press Drive,298.36,322.74,516.1,123.3,54,H,0
M-PRESS-132,Hydraulic Press Drive,300.56,318.28,567.6,125.34,184,L,0
M-PRESS-133,Hydraulic Press Drive,307.0,318.5,1214.0,102.73,164,M,0
M-PRESS-134,Hydraulic Press Drive,301.37,320.91,767.0,104.25,114,L,0
M-PRESS-135,Hydraulic Press Drive,299.7,315.72,1299.1,71.38,248,L,0
M-PRESS-136,Hydraulic Press Drive,302.18,319.8,1392.0,119.95,52,L,0
M-PRESS-137,Hydraulic Press Drive,299.34,313.86,1286.2,93.04,201,M,0
M-PRESS-138,Hydraulic Press Drive,305.6,313.49,877.6,98.63,87,M,0
M-PRESS-139,Hydraulic Press Drive,301.23,324.33,979.9,111.58,145,L,0
M-PRESS-140,Hydraulic Press Drive,304.54,320.55,782.3,112.44,72,M,0
M-PRESS-141,Hydraulic Press Drive,301.44,321.22,691.8,106.32,138,H,0
M-PRESS-142,Hydraulic Press Drive,298.7,314.76,990.4,128.74,127,M,0
M-PRESS-143,Hydraulic Press Drive,303.43,317.68,581.3,106.45,76,M,0
M-PRESS-144,Hydraulic Press Drive,305.58,318.69,699.6,88.7,38,M,0
M-PRESS-145,Hydraulic Press Drive,302.33,313.55,1187.8,104.78,183,M,0
M-PRESS-146,Hydraulic Press Drive,304.05,323.62,514.3,76.12,196,M,0
M-PRESS-147,Hydraulic Press Drive,307.87,313.25,665.1,122.94,94,M,0
M-PRESS-148,Hydraulic Press Drive,307.21,310.39,978.1,100.14,109,M,0
M-PRESS-149,Hydraulic Press Drive,299.35,310.52,1388.9,129.43,208,H,0
M-PRESS-150,Hydraulic Press Drive,298.15,319.0,1151.4,105.54,119,M,0
M-PRESS-151,Hydraulic Press Drive,299.53,321.31,693.7,99.2,184,H,0
M-PRESS-152,Hydraulic Press Drive,305.66,323.49,546.5,123.25,123,H,0
M-PRESS-153,Hydraulic Press Drive,304.82,319.18,1078.4,143.21,95,M,0
M-PRESS-154,Hydraulic Press Drive,305.43,312.53,1361.4,100.6,194,L,0
M-PRESS-155,Hydraulic Press Drive,303.04,311.93,748.1,91.08,149,M,0
M-PRESS-156,Hydraulic Press Drive,303.47,314.32,500.9,102.69,169,L,0
M-PRESS-157,Hydraulic Press Drive,298.28,313.87,1386.9,93.56,208,M,0
M-PRESS-158,Hydraulic Press Drive,299.22,319.65,1369.7,149.81,188,M,0
M-PRESS-159,Hydraulic Press Drive,301.19,315.35,811.6,152.99,78,M,0
M-PRESS-160,Hydraulic Press Drive,302.32,316.13,503.8,94.39,144,L,0
M-PRESS-161,Hydraulic Press Drive,303.69,315.77,1098.6,129.93,87,H,0
M-PRESS-162,Hydraulic Press Drive,306.03,317.95,658.9,93.59,206,M,0
M-PRESS-163,Hydraulic Press Drive,307.45,316.97,547.0,133.04,88,M,0
M-PRESS-164,Hydraulic Press Drive,299.97,314.63,1246.5,121.9,55,M,0
M-PRESS-165,Hydraulic Press Drive,304.34,323.27,1273.7,75.66,229,H,0
M-PRESS-166,Hydraulic Press Drive,299.54,311.67,663.5,142.29,187,M,0
M-PRESS-167,Hydraulic Press Drive,307.22,315.88,503.0,127.58,229,L,0
M-PRESS-168,Hydraulic Press Drive,301.64,322.33,1264.3,83.0,175,H,0
M-PRESS-169,Hydraulic Press Drive,302.47,323.19,1210.5,121.33,216,H,0
M-PRESS-170,Hydraulic Press Drive,299.95,313.13,1198.4,150.19,159,L,0
M-PRESS-171,Hydraulic Press Drive,305.28,318.46,1050.4,146.46,50,H,0
M-PRESS-172,Hydraulic Press Drive,300.66,323.42,1350.5,102.06,242,M,0
M-PRESS-173,Hydraulic Press Drive,302.73,322.49,991.5,110.9,33,H,0
M-PRESS-174,Hydraulic Press Drive,304.28,311.1,1163.3,126.01,135,L,0
M-PRESS-175,Hydraulic Press Drive,307.93,313.7,1001.4,145.86,33,M,0
M-PRESS-176,Hydraulic Press Drive,303.21,318.28,577.7,106.67,149,M,0
M-PRESS-177,Hydraulic Press Drive,305.01,321.57,914.2,108.31,192,M,0
M-PRESS-178,Hydraulic Press Drive,306.7,317.22,1016.9,81.59,222,M,0
M-PRESS-179,Hydraulic Press Drive,305.19,316.44,500.9,106.04,63,M,0
M-PRESS-180,Hydraulic Press Drive,301.21,313.04,611.4,135.57,203,M,0
M-PRESS-181,Hydraulic Press Drive,302.95,316.96,819.7,94.99,72,L,0
M-PRESS-182,Hydraulic Press Drive,306.33,316.26,1149.1,114.85,49,L,0
M-PRESS-183,Hydraulic Press Drive,300.19,320.6,974.7,132.15,138,L,0
M-PRESS-184,Hydraulic Press Drive,298.33,310.61,1306.7,137.47,220,M,0
M-PRESS-185,Hydraulic Press Drive,302.6,318.01,719.3,136.02,220,L,0
M-PRESS-186,Hydraulic Press Drive,303.17,316.22,1247.8,137.74,229,M,0
M-PRESS-187,Hydraulic Press Drive,306.83,311.34,1111.6,77.99,202,M,0
M-PRESS-188,Hydraulic Press Drive,298.16,318.99,631.7,82.82,64,M,0
M-PRESS-189,Hydraulic Press Drive,299.16,311.88,730.6,70.08,93,M,0
M-PRESS-190,Hydraulic Press Drive,304.02,324.54,607.7,147.9,119,M,0
M-PRESS-191,Hydraulic Press Drive,301.49,311.87,930.7,140.86,231,L,0
M-PRESS-192,Hydraulic Press Drive,305.85,319.35,947.8,148.74,200,H,0
M-PRESS-193,Hydraulic Press Drive,304.83,316.47,1036.2,150.85,180,L,0
M-PRESS-194,Hydraulic Press Drive,306.66,311.93,510.5,104.6,229,M,0
M-PRESS-195,Hydraulic Press Drive,304.91,317.14,1171.5,84.85,84,M,0
M-PRESS-196,Hydraulic Press Drive,303.48,314.34,1230.6,101.21,181,L,0
M-PRESS-197,Hydraulic Press Drive,304.07,313.63,1247.4,71.13,89,M,0
M-PRESS-198,Hydraulic Press Drive,299.96,319.06,1002.2,106.58,97,M,0
M-PRESS-199,Hydraulic Press Drive,300.91,313.32,816.1,124.21,179,M,0
M-PRESS-200,Hydraulic Press Drive,307.47,313.93,1140.9,77.33,182,M,0
M-PRESS-201,Hydraulic Press Drive,303.69,312.76,890.2,138.97,206,M,0
M-PRESS-202,Hydraulic Press Drive,301.53,310.06,581.0,81.41,97,L,0
M-PRESS-203,Hydraulic Press Drive,303.1,321.89,1179.4,122.84,144,L,0
M-PRESS-204,Hydraulic Press Drive,303.69,317.24,1282.2,76.43,180,H,0
M-PRESS-205,Hydraulic Press Drive,306.2,321.89,953.2,129.49,207,M,0
M-PRESS-206,Hydraulic Press Drive,307.06,316.56,1302.8,122.45,128,H,0
M-PRESS-207,Hydraulic Press Drive,300.96,323.02,885.8,107.93,142,M,0
M-PRESS-208,Hydraulic Press Drive,302.92,315.64,1318.5,120.76,221,M,0
M-PRESS-209,Hydraulic Press Drive,300.13,323.01,578.5,110.38,85,M,0
M-PRESS-210,Hydraulic Press Drive,301.0,320.84,1343.2,133.82,111,M,0
M-PRESS-211,Hydraulic Press Drive,306.89,314.05,606.4,81.77,143,L,0
M-PRESS-212,Hydraulic Press Drive,304.57,316.81,1156.4,127.06,174,M,0
M-PRESS-213,Hydraulic Press Drive,301.13,315.17,1227.4,139.76,88,H,0
M-PRESS-214,Hydraulic Press Drive,305.68,316.15,697.8,80.53,32,M,0
M-PRESS-215,Hydraulic Press Drive,301.4,320.45,1379.0,88.61,85,M,0
M-PRESS-216,Hydraulic Press Drive,302.66,320.47,816.8,79.38,197,L,0
M-PRESS-217,Hydraulic Press Drive,300.48,312.05,975.0,88.75,116,L,0
M-PRESS-218,Hydraulic Press Drive,300.2,322.09,1106.6,89.78,151,M,0
M-PRESS-219,Hydraulic Press Drive,300.0,312.17,978.1,132.45,136,H,0
M-PRESS-220,Hydraulic Press Drive,307.25,320.42,1059.1,127.93,121,L,0
M-PRESS-221,Hydraulic Press Drive,299.33,321.09,878.8,149.3,194,M,0
M-PRESS-222,Hydraulic Press Drive,307.38,323.69,547.1,87.33,185,L,0
M-PRESS-223,Hydraulic Press Drive,302.3,310.57,1079.0,87.52,157,M,0
M-PRESS-224,Hydraulic Press Drive,303.58,323.99,937.2,73.11,163,M,0
M-PRESS-225,Hydraulic Press Drive,305.78,317.05,1167.2,151.79,113,L,0
M-PRESS-226,Hydraulic Press Drive,299.5,319.66,531.3,89.18,175,H,0
M-PRESS-227,Hydraulic Press Drive,299.02,314.37,1018.1,71.44,140,M,0
M-PRESS-228,Hydraulic Press Drive,302.03,311.01,1049.8,124.53,146,M,0
M-PRESS-229,Hydraulic Press Drive,300.08,320.18,645.3,105.34,45,L,0
M-PRESS-230,Hydraulic Press Drive,303.38,324.57,1348.1,159.87,53,M,0
M-PRESS-231,Hydraulic Press Drive,302.08,317.99,777.9,74.33,192,L,0
M-PRESS-232,Hydraulic Press Drive,303.32,314.94,1344.5,102.82,240,L,0
M-PRESS-233,Hydraulic Press Drive,303.29,320.15,1130.3,127.7,66,M,0
M-PRESS-234,Hydraulic Press Drive,298.03,320.65,999.4,93.38,214,M,0
M-PRESS-235,Hydraulic Press Drive,302.86,310.42,861.2,85.06,93,M,0
M-PRESS-236,Hydraulic Press Drive,298.46,316.91,970.3,121.4,136,L,0
M-PRESS-237,Hydraulic Press Drive,298.38,319.21,1279.5,73.69,144,M,0
M-PRESS-238,Hydraulic Press Drive,299.91,313.79,1207.0,121.07,102,L,0
M-PRESS-239,Hydraulic Press Drive,305.47,315.18,939.8,129.81,108,M,0
M-PRESS-240,Hydraulic Press Drive,300.51,314.38,779.6,154.24,221,M,0
M-PRESS-241,Hydraulic Press Drive,303.64,310.84,1084.6,99.53,170,L,0
M-PRESS-242,Hydraulic Press Drive,298.45,319.11,1007.8,88.61,178,M,0
M-PRESS-243,Hydraulic Press Drive,305.67,311.66,899.2,159.81,188,M,0
M-PRESS-244,Hydraulic Press Drive,301.18,311.41,1354.5,79.49,258,H,0
M-PRESS-245,Hydraulic Press Drive,299.71,314.63,961.1,141.14,253,M,0
M-PRESS-246,Hydraulic Press Drive,298.2,319.25,1139.7,105.77,72,M,0
M-PRESS-247,Hydraulic Press Drive,304.56,317.41,1169.1,89.64,223,H,0
M-PRESS-248,Hydraulic Press Drive,301.3,318.87,1163.2,93.96,248,L,0
M-PRESS-249,Hydraulic Press Drive,300.18,320.89,1126.7,137.74,240,L,0
M-PRESS-250,Hydraulic Press Drive,301.52,321.86,1126.3,121.68,111,L,0
M-PRESS-251,Hydraulic Press Drive,303.13,319.42,873.8,140.27,108,L,0
M-PRESS-252,Hydraulic Press Drive,299.08,320.63,929.2,132.89,152,H,0
M-PRESS-253,Hydraulic Press Drive,302.77,324.47,1179.4,97.02,247,L,0
M-PRESS-254,Hydraulic Press Drive,301.64,319.05,884.0,78.7,215,H,0
M-PRESS-255,Hydraulic Press Drive,302.58,320.54,1339.0,75.65,120,M,0
M-PRESS-256,Hydraulic Press Drive,305.79,323.81,500.4,126.5,31,L,0
M-PRESS-257,Hydraulic Press Drive,299.5,323.42,639.6,138.79,96,M,0
M-PRESS-258,Hydraulic Press Drive,304.08,313.1,768.8,79.68,31,M,0
M-PRESS-259,Hydraulic Press Drive,303.16,320.7,1214.2,76.28,92,L,0
M-PRESS-260,Hydraulic Press Drive,302.81,312.73,853.0,94.3,41,L,0
M-PRESS-261,Hydraulic Press Drive,300.92,324.18,1299.3,134.46,105,M,0
M-PRESS-262,Hydraulic Press Drive,302.75,315.32,1311.0,81.11,196,M,0
M-PRESS-263,Hydraulic Press Drive,306.06,318.14,1066.6,156.65,51,H,0
M-PRESS-264,Hydraulic Press Drive,301.94,317.09,679.9,77.44,35,L,0
M-PRESS-265,Hydraulic Press Drive,302.85,322.65,824.8,133.31,142,M,0
M-PRESS-266,Hydraulic Press Drive,301.7,311.22,1352.6,145.25,101,L,0
M-PRESS-267,Hydraulic Press Drive,301.0,316.64,1179.6,97.81,104,M,0
M-PRESS-268,Hydraulic Press Drive,302.68,311.85,515.7,152.72,111,H,0
M-PRESS-269,Hydraulic Press Drive,305.59,314.43,663.5,156.63,241,H,0
M-PRESS-270,Hydraulic Press Drive,306.99,323.36,1070.9,117.68,80,H,0
M-PRESS-271,Hydraulic Press Drive,304.06,322.33,1119.8,86.27,96,M,0
M-PRESS-272,Hydraulic Press Drive,304.25,311.08,1052.6,136.27,71,M,0
M-PRESS-273,Hydraulic Press Drive,300.59,324.1,866.3,117.75,196,M,0
M-PRESS-274,Hydraulic Press Drive,299.06,319.81,1100.5,93.45,38,M,0
M-PRESS-275,Hydraulic Press Drive,305.03,310.39,1123.9,154.5,71,M,0
M-PRESS-276,Hydraulic Press Drive,304.97,313.45,1176.4,148.13,217,M,0
M-PRESS-277,Hydraulic Press Drive,306.04,316.2,739.8,85.12,239,M,0
M-PRESS-278,Hydraulic Press Drive,306.66,312.39,1190.3,79.9,34,L,0
M-PRESS-279,Hydraulic Press Drive,298.74,316.92,1290.5,143.74,138,M,0
M-PRESS-280,Hydraulic Press Drive,304.3,311.65,756.4,97.09,116,M,0
M-PRESS-281,Hydraulic Press Drive,300.51,315.32,841.3,113.85,69,L,0
M-PRESS-282,Hydraulic Press Drive,306.61,313.72,611.0,135.01,242,H,0
M-PRESS-283,Hydraulic Press Drive,298.14,312.75,1116.3,156.83,202,M,0
M-PRESS-284,Hydraulic Press Drive,305.01,313.46,1119.7,98.93,81,M,0
M-PRESS-285,Hydraulic Press Drive,304.68,321.51,1023.6,75.75,38,M,0
M-PRESS-286,Hydraulic Press Drive,300.86,316.07,568.4,135.26,193,M,0
M-PRESS-287,Hydraulic Press Drive,303.63,311.51,873.7,147.18,181,H,0
M-PRESS-288,Hydraulic Press Drive,306.48,320.21,907.8,132.29,69,M,0
M-PRESS-289,Hydraulic Press Drive,304.18,323.92,560.2,103.73,245,M,0
M-PRESS-290,Hydraulic Press Drive,306.13,310.02,523.3,99.49,206,H,0
M-PRESS-291,Hydraulic Press Drive,301.83,311.97,701.2,115.27,103,M,0
M-PRESS-292,Hydraulic Press Drive,301.93,320.52,607.5,113.16,93,M,0
M-PRESS-293,Hydraulic Press Drive,306.22,323.95,718.7,126.7,185,L,0
M-PRESS-294,Hydraulic Press Drive,306.99,317.02,1384.3,157.37,146,M,0
M-PRESS-295,Hydraulic Press Drive,304.68,315.61,1095.8,116.29,38,L,0
M-PRESS-296,Hydraulic Press Drive,307.4,310.39,1210.3,104.72,164,M,0
M-PRESS-297,Hydraulic Press Drive,303.51,317.43,1268.0,131.52,124,M,0
M-PRESS-298,Hydraulic Press Drive,307.65,311.2,849.3,148.34,199,L,0
M-PRESS-299,Hydraulic Press Drive,298.4,322.94,1212.6,143.35,167,H,0
M-PRESS-300,Hydraulic Press Drive,303.39,316.12,974.3,136.63,167,M,0
M-PRESS-301,Hydraulic Press Drive,304.0,311.25,504.8,106.14,204,L,0
M-PRESS-302,Hydraulic Press Drive,303.5,323.02,613.3,156.77,242,M,0
M-PRESS-303,Hydraulic Press Drive,298.59,316.81,661.3,126.56,73,M,0
M-PRESS-304,Hydraulic Press Drive,300.06,312.73,723.1,72.63,194,M,0
M-PRESS-305,Hydraulic Press Drive,304.98,319.8,559.5,98.08,160,L,0
M-PRESS-306,Hydraulic Press Drive,302.01,317.57,1175.1,142.3,242,M,0
M-PRESS-307,Hydraulic Press Drive,299.94,321.47,613.0,107.65,174,M,0
M-PRESS-308,Hydraulic Press Drive,305.33,312.9,1383.5,86.06,52,M,0
M-PRESS-309,Hydraulic Press Drive,307.1,318.39,1035.9,118.46,39,M,0
M-PRESS-310,Hydraulic Press Drive,301.58,324.04,668.1,97.19,146,M,0
M-PRESS-311,Hydraulic Press Drive,302.0,314.72,632.5,143.88,133,M,0
M-PRESS-312,Hydraulic Press Drive,303.47,318.63,1134.4,126.64,92,M,0
M-PRESS-313,Hydraulic Press Drive,300.45,318.83,888.7,73.55,198,M,0
M-PRESS-314,Hydraulic Press Drive,307.2,314.21,1397.0,111.67,36,H,0
M-PRESS-315,Hydraulic Press Drive,298.82,310.84,741.0,99.21,55,M,0
M-PRESS-316,Hydraulic Press Drive,301.65,319.54,676.3,152.26,148,M,0
M-PRESS-317,Hydraulic Press Drive,298.4,318.39,831.3,153.18,233,M,0
M-PRESS-318,Hydraulic Press Drive,305.68,319.67,515.3,133.28,70,M,0
M-PRESS-319,Hydraulic Press Drive,298.11,314.66,965.2,99.99,189,M,0
M-PRESS-320,Hydraulic Press Drive,307.6,315.37,1149.7,145.23,88,L,0
M-PRESS-321,Hydraulic Press Drive,301.93,311.93,503.3,136.94,72,H,0
M-PRESS-322,Hydraulic Press Drive,302.97,315.2,1122.6,79.66,60,M,0
M-PRESS-323,Hydraulic Press Drive,303.2,322.36,1027.1,151.23,80,M,0
M-PRESS-324,Hydraulic Press Drive,304.55,320.89,1389.8,112.12,114,L,0
M-PRESS-325,Hydraulic Press Drive,299.77,310.56,899.2,92.25,121,L,0
M-PRESS-326,Hydraulic Press Drive,301.48,320.62,725.4,97.31,85,M,0
M-PRESS-327,Hydraulic Press Drive,300.26,320.78,1112.2,107.91,35,H,0
M-PRESS-328,Hydraulic Press Drive,303.33,322.59,1039.0,109.21,232,H,0
M-PRESS-329,Hydraulic Press Drive,301.59,318.48,762.5,159.79,134,H,0
M-PRESS-330,Hydraulic Press Drive,299.76,317.99,995.1,158.57,167,M,0
M-PRESS-331,Hydraulic Press Drive,300.14,311.6,1041.8,147.84,165,M,0
M-PRESS-332,Hydraulic Press Drive,303.78,317.03,627.7,136.71,152,M,0
M-PRESS-333,Hydraulic Press Drive,303.6,313.62,885.2,126.02,82,L,0
M-PRESS-334,Hydraulic Press Drive,303.21,322.93,1262.5,114.51,74,L,0
M-PRESS-335,Hydraulic Press Drive,302.19,318.92,596.5,126.84,115,M,0
M-PRESS-336,Hydraulic Press Drive,307.8,316.49,1110.2,126.5,53,L,0
M-PRESS-337,Hydraulic Press Drive,301.23,321.98,1046.9,98.54,111,L,0
M-PRESS-338,Hydraulic Press Drive,303.5,320.03,642.5,140.83,103,M,0
M-PRESS-339,Hydraulic Press Drive,299.15,314.82,1084.0,94.68,232,M,0
M-PRESS-340,Hydraulic Press Drive,306.7,315.93,530.6,121.85,108,M,0
M-PRESS-341,Hydraulic Press Drive,304.81,320.51,524.8,139.24,143,M,0
M-PRESS-342,Hydraulic Press Drive,300.98,316.31,1139.3,139.9,119,M,0
M-PRESS-343,Hydraulic Press Drive,300.58,322.48,1048.8,139.77,139,M,0
M-PRESS-344,Hydraulic Press Drive,302.29,315.72,799.4,89.1,204,H,0
M-PRESS-345,Hydraulic Press Drive,306.88,312.63,1381.9,158.96,121,L,0
M-PRESS-346,Hydraulic Press Drive,306.69,311.24,1352.6,73.83,71,M,0
M-PRESS-347,Hydraulic Press Drive,298.81,312.43,1358.1,159.52,213,M,0
M-PRESS-348,Hydraulic Press Drive,307.0,311.68,1348.6,101.64,228,M,0
M-PRESS-349,Hydraulic Press Drive,307.6,322.97,1299.1,126.86,221,L,0
M-PRESS-350,Hydraulic Press Drive,299.62,319.73,633.4,148.25,45,L,0
M-PRESS-351,Hydraulic Press Drive,302.01,312.56,1342.1,74.09,138,L,0
M-PRESS-352,Hydraulic Press Drive,301.17,317.93,1130.4,155.68,53,H,0
M-PRESS-353,Hydraulic Press Drive,303.09,316.28,869.7,96.73,158,L,0
M-PRESS-354,Hydraulic Press Drive,299.61,313.23,1103.7,75.06,184,M,0
M-PRESS-355,Hydraulic Press Drive,301.58,316.08,814.6,145.71,247,M,0
M-PRESS-356,Hydraulic Press Drive,303.82,311.06,1141.9,122.57,41,H,0
M-PRESS-357,Hydraulic Press Drive,300.02,312.56,1092.8,153.56,205,M,0
M-PRESS-358,Hydraulic Press Drive,302.04,315.8,1041.1,102.33,82,M,0
M-PRESS-359,Hydraulic Press Drive,301.91,310.21,520.0,94.67,147,M,0
M-PRESS-360,Hydraulic Press Drive,298.24,313.35,586.8,155.38,101,H,0
M-PRESS-361,Hydraulic Press Drive,304.61,313.49,1010.1,83.57,256,L,0
M-PRESS-362,Hydraulic Press Drive,304.56,320.61,883.3,156.6,127,M,0
M-PRESS-363,Hydraulic Press Drive,299.15,313.12,1015.0,92.06,180,M,0
M-PRESS-364,Hydraulic Press Drive,306.87,318.38,1060.3,120.09,233,H,0
M-PRESS-365,Hydraulic Press Drive,298.67,320.53,1191.2,109.02,111,M,0
M-PRESS-366,Hydraulic Press Drive,300.34,323.68,765.6,128.33,211,H,0
M-PRESS-367,Hydraulic Press Drive,298.34,315.0,1126.4,93.47,30,M,0
M-PRESS-368,Hydraulic Press Drive,298.9,313.29,799.9,81.53,192,M,0
M-PRESS-369,Hydraulic Press Drive,304.61,318.99,1308.2,77.91,79,L,0
M-PRESS-370,Hydraulic Press Drive,306.22,312.88,597.0,147.06,70,L,0
M-PRESS-371,Hydraulic Press Drive,307.61,313.31,1256.3,108.14,211,M,0
M-PRESS-372,Hydraulic Press Drive,298.7,320.69,635.6,153.43,126,H,0
M-PRESS-373,Hydraulic Press Drive,300.28,322.94,789.0,147.07,69,M,0
M-PRESS-374,Hydraulic Press Drive,306.78,310.73,773.8,151.89,167,L,0
M-PRESS-375,Hydraulic Press Drive,306.42,317.85,1260.8,127.49,187,H,0
M-PRESS-376,Hydraulic Press Drive,307.39,321.94,728.8,122.2,116,M,0
M-PRESS-377,Hydraulic Press Drive,307.94,310.69,1357.3,76.52,135,M,0
M-PRESS-378,Hydraulic Press Drive,300.69,318.5,1250.6,96.46,46,M,0
M-PRESS-379,Hydraulic Press Drive,305.52,324.32,643.6,151.12,140,M,0
M-PRESS-380,Hydraulic Press Drive,307.63,313.58,1160.1,140.64,129,M,0
M-PRESS-381,Hydraulic Press Drive,303.72,312.88,1183.9,153.52,142,L,0
M-PRESS-382,Hydraulic Press Drive,302.28,317.2,1106.5,86.72,237,L,0
M-PRESS-383,Hydraulic Press Drive,306.72,319.14,1295.4,131.2,147,L,0
M-PRESS-384,Hydraulic Press Drive,302.4,317.51,652.6,155.29,80,M,0
M-PRESS-385,Hydraulic Press Drive,299.01,316.8,746.3,136.67,100,L,0
M-PRESS-386,Hydraulic Press Drive,299.96,313.45,1225.6,103.4,55,L,0
M-PRESS-387,Hydraulic Press Drive,299.77,312.25,822.5,78.61,65,L,0
M-PRESS-388,Hydraulic Press Drive,299.72,311.67,1292.0,109.94,66,M,0
M-PRESS-389,Hydraulic Press Drive,298.42,316.41,1031.3,156.14,105,L,0
M-PRESS-390,Hydraulic Press Drive,299.33,316.5,700.8,114.32,125,L,0
M-PRESS-391,Hydraulic Press Drive,307.17,318.73,658.9,120.13,212,H,0
M-PRESS-392,Hydraulic Press Drive,302.34,310.64,719.6,78.29,250,H,0
M-PRESS-393,Hydraulic Press Drive,299.5,324.58,964.4,138.22,105,M,0
M-PRESS-394,Hydraulic Press Drive,298.07,316.13,999.6,116.3,123,L,0
M-PRESS-395,Hydraulic Press Drive,303.02,319.54,666.2,147.54,113,M,0
M-PRESS-396,Hydraulic Press Drive,301.52,323.38,1310.7,90.19,203,H,0
M-PRESS-397,Hydraulic Press Drive,298.3,322.55,618.1,83.93,169,L,0
M-PRESS-398,Hydraulic Press Drive,299.9,311.71,569.6,72.24,56,L,0
M-PRESS-399,Hydraulic Press Drive,298.95,318.96,1328.9,126.5,37,M,0
M-PRESS-400,Hydraulic Press Drive,307.03,314.84,782.3,92.4,146,M,0
M-PRESS-F1-001,Hydraulic Press Drive,315.79,338.38,860.7,135.03,47,L,1
M-PRESS-F1-002,Hydraulic Press Drive,314.82,338.19,558.2,125.63,117,M,1
M-PRESS-F1-003,Hydraulic Press Drive,312.57,330.1,880.4,106.08,105,M,1
M-PRESS-F1-004,Hydraulic Press Drive,312.4,333.5,948.0,123.31,130,L,1
M-PRESS-F1-005,Hydraulic Press Drive,316.15,330.68,1007.1,107.6,94,L,1
M-PRESS-F1-006,Hydraulic Press Drive,313.65,339.35,1370.4,83.59,39,M,1
M-PRESS-F1-007,Hydraulic Press Drive,310.36,331.52,1392.5,156.42,153,L,1
M-PRESS-F1-008,Hydraulic Press Drive,311.12,337.74,639.0,104.05,91,M,1
M-PRESS-F1-009,Hydraulic Press Drive,310.64,331.35,1048.9,127.25,90,H,1
M-PRESS-F1-010,Hydraulic Press Drive,317.09,330.69,1145.6,82.6,143,M,1
M-PRESS-F1-011,Hydraulic Press Drive,316.43,335.14,519.6,142.99,109,L,1
M-PRESS-F1-012,Hydraulic Press Drive,316.21,336.48,1399.5,111.59,153,M,1
M-PRESS-F1-013,Hydraulic Press Drive,314.14,337.61,1218.7,121.45,110,M,1
M-PRESS-F1-014,Hydraulic Press Drive,310.28,331.42,612.9,108.32,185,M,1
M-PRESS-F1-015,Hydraulic Press Drive,317.78,330.52,1149.8,98.28,34,L,1
M-PRESS-F1-016,Hydraulic Press Drive,311.3,332.78,806.4,140.95,141,M,1
M-PRESS-F1-017,Hydraulic Press Drive,311.35,331.42,634.8,148.13,194,L,1
M-PRESS-F1-018,Hydraulic Press Drive,316.68,341.54,1234.5,156.23,180,M,1
M-PRESS-F1-019,Hydraulic Press Drive,312.59,337.59,1047.4,121.74,155,M,1
M-PRESS-F1-020,Hydraulic Press Drive,310.7,333.71,1300.9,123.1,88,L,1
M-PRESS-F2-001,Hydraulic Press Drive,302.24,322.59,710.0,290.62,159,M,1
M-PRESS-F2-002,Hydraulic Press Drive,311.12,333.48,1040.8,292.77,158,M,1
M-PRESS-F2-003,Hydraulic Press Drive,304.47,319.74,545.8,283.29,51,M,1
M-PRESS-F2-004,Hydraulic Press Drive,302.05,323.55,739.4,286.29,204,L,1
M-PRESS-F2-005,Hydraulic Press Drive,307.09,334.56,804.5,254.34,75,L,1
M-PRESS-F2-006,Hydraulic Press Drive,301.34,326.82,1107.6,261.92,44,M,1
M-PRESS-F2-007,Hydraulic Press Drive,308.97,317.94,1060.1,291.37,205,M,1
M-PRESS-F2-008,Hydraulic Press Drive,299.33,322.8,1001.8,292.7,196,L,1
M-PRESS-F2-009,Hydraulic Press Drive,307.55,328.33,501.8,237.83,191,M,1
M-PRESS-F2-010,Hydraulic Press Drive,305.08,316.19,687.2,257.71,189,H,1
M-PRESS-F2-011,Hydraulic Press Drive,301.0,327.76,723.6,217.65,61,M,1
M-PRESS-F2-012,Hydraulic Press Drive,306.59,332.99,902.7,271.89,62,L,1
M-PRESS-F2-013,Hydraulic Press Drive,307.43,318.54,1008.7,222.0,135,M,1
M-PRESS-F2-014,Hydraulic Press Drive,308.01,333.09,1220.4,284.26,186,H,1
M-PRESS-F2-015,Hydraulic Press Drive,303.71,314.83,670.9,239.7,184,M,1
M-PRESS-F2-016,Hydraulic Press Drive,307.44,321.62,958.2,284.82,83,L,1
M-PRESS-F2-017,Hydraulic Press Drive,301.77,333.31,521.5,256.45,205,M,1
M-PRESS-F2-018,Hydraulic Press Drive,306.21,328.33,719.9,205.61,74,H,1
M-PRESS-F2-019,Hydraulic Press Drive,311.01,331.9,741.5,286.95,67,H,1
M-PRESS-F2-020,Hydraulic Press Drive,308.98,320.87,549.2,274.88,206,M,1
M-PRESS-F3-001,Hydraulic Press Drive,300.64,315.59,2134.1,220.89,187,L,1
M-PRESS-F3-002,Hydraulic Press Drive,306.61,319.73,1994.9,219.48,148,M,1
M-PRESS-F3-003,Hydraulic Press Drive,303.08,313.12,2309.4,196.69,173,M,1
M-PRESS-F3-004,Hydraulic Press Drive,305.64,313.31,2214.6,187.49,117,H,1
M-PRESS-F3-005,Hydraulic Press Drive,303.28,322.31,2208.9,179.25,117,L,1
M-PRESS-F3-006,Hydraulic Press Drive,304.5,310.89,1907.9,211.62,60,M,1
M-PRESS-F3-007,Hydraulic Press Drive,304.35,313.04,2065.3,227.95,96,M,1
M-PRESS-F3-008,Hydraulic Press Drive,305.01,311.06,2262.9,236.38,201,M,1
M-PRESS-F3-009,Hydraulic Press Drive,304.23,322.86,1836.4,177.77,98,L,1
M-PRESS-F3-010,Hydraulic Press Drive,303.05,317.95,2164.0,212.77,39,M,1
M-PRESS-F3-011,Hydraulic Press Drive,304.48,319.62,2189.8,209.27,190,M,1
M-PRESS-F3-012,Hydraulic Press Drive,303.18,321.7,2263.3,217.5,52,M,1
M-PRESS-F3-013,Hydraulic Press Drive,298.2,314.43,2079.2,227.53,134,H,1
M-PRESS-F3-014,Hydraulic Press Drive,300.59,318.67,2176.3,231.45,202,L,1
M-PRESS-F3-015,Hydraulic Press Drive,302.67,321.2,1848.4,180.09,39,M,1
M-PRESS-F3-016,Hydraulic Press Drive,298.38,322.75,2022.9,227.9,197,L,1
M-PRESS-F3-017,Hydraulic Press Drive,307.37,320.75,1989.4,214.27,175,L,1
M-PRESS-F3-018,Hydraulic Press Drive,307.56,320.96,2058.0,237.98,200,M,1
M-PRESS-F3-019,Hydraulic Press Drive,304.49,322.14,1983.2,229.08,49,M,1
M-PRESS-F3-020,Hydraulic Press Drive,302.83,320.27,1761.5,182.61,190,M,1
M-PRESS-F4-001,Hydraulic Press Drive,301.27,321.65,873.4,172.79,305,L,1
M-PRESS-F4-002,Hydraulic Press Drive,303.25,324.04,794.7,118.71,347,L,1
M-PRESS-F4-003,Hydraulic Press Drive,305.73,314.44,978.8,113.06,294,M,1
M-PRESS-F4-004,Hydraulic Press Drive,307.88,313.22,718.3,104.96,334,M,1
M-PRESS-F4-005,Hydraulic Press Drive,301.85,322.66,767.7,122.11,280,H,1
M-PRESS-F4-006,Hydraulic Press Drive,299.37,315.2,971.7,77.09,289,H,1
M-PRESS-F4-007,Hydraulic Press Drive,300.53,312.49,675.6,190.15,319,L,1
M-PRESS-F4-008,Hydraulic Press Drive,306.19,320.02,1133.7,149.71,323,L,1
M-PRESS-F4-009,Hydraulic Press Drive,299.86,314.12,583.9,173.29,308,L,1
M-PRESS-F4-010,Hydraulic Press Drive,302.12,316.64,903.5,147.44,332,M,1
M-PRESS-F4-011,Hydraulic Press Drive,304.3,313.06,998.6,139.86,341,L,1
M-PRESS-F4-012,Hydraulic Press Drive,302.87,310.37,1260.2,77.07,310,H,1
M-PRESS-F4-013,Hydraulic Press Drive,301.53,319.55,834.1,183.59,323,M,1
M-PRESS-F4-014,Hydraulic Press Drive,301.74,310.58,1164.4,159.37,314,M,1
M-PRESS-F4-015,Hydraulic Press Drive,303.38,321.2,1141.5,152.68,342,M,1
M-PRESS-F4-016,Hydraulic Press Drive,298.15,319.27,1051.3,85.01,307,M,1
M-PRESS-F4-017,Hydraulic Press Drive,305.05,323.4,1257.2,90.4,320,M,1
M-PRESS-F4-018,Hydraulic Press Drive,301.04,312.76,679.6,97.42,335,H,1
M-PRESS-F4-019,Hydraulic Press Drive,300.64,313.27,1141.6,95.22,276,M,1
M-PRESS-F4-020,Hydraulic Press Drive,301.05,315.97,1178.4,78.42,277,M,1
M-PRESS-F5-001,Hydraulic Press Drive,313.45,330.35,1958.8,242.01,292,L,1
M-PRESS-F5-002,Hydraulic Press Drive,311.59,333.53,1783.9,230.71,273,M,1
M-PRESS-F5-003,Hydraulic Press Drive,312.58,331.49,1951.0,194.4,315,M,1
M-PRESS-F5-004,Hydraulic Press Drive,312.32,336.01,1889.3,208.87,305,H,1
M-PRESS-F5-005,Hydraulic Press Drive,311.32,336.5,1655.1,187.6,299,M,1
M-PRESS-F5-006,Hydraulic Press Drive,310.9,333.66,1801.1,215.49,295,L,1
M-PRESS-F5-007,Hydraulic Press Drive,313.79,334.66,1607.8,209.92,314,M,1
M-PRESS-F5-008,Hydraulic Press Drive,313.78,332.91,1901.9,186.55,291,L,1
M-PRESS-F5-009,Hydraulic Press Drive,313.32,333.88,1612.8,247.78,298,H,1
M-PRESS-F5-010,Hydraulic Press Drive,311.32,334.59,1729.4,246.7,291,M,1
M-PRESS-F5-011,Hydraulic Press Drive,310.06,333.1,1633.6,200.21,283,H,1
M-PRESS-F5-012,Hydraulic Press Drive,309.82,332.39,1595.0,193.6,318,M,1
M-PRESS-F5-013,Hydraulic Press Drive,311.02,331.14,1755.2,226.92,290,M,1
M-PRESS-F5-014,Hydraulic Press Drive,312.5,336.6,1908.7,192.54,302,H,1
M-PRESS-F5-015,Hydraulic Press Drive,312.17,332.71,1746.3,226.34,307,L,1
M-PRESS-F5-016,Hydraulic Press Drive,309.22,334.89,1888.5,188.91,286,L,1
M-PRESS-F5-017,Hydraulic Press Drive,311.47,334.56,1751.0,254.43,316,M,1
M-PRESS-F5-018,Hydraulic Press Drive,310.93,332.45,1583.8,213.09,308,L,1
M-PRESS-F5-019,Hydraulic Press Drive,313.43,329.12,1871.3,220.19,280,M,1
M-PRESS-F5-020,Hydraulic Press Drive,313.22,332.47,1956.0,228.4,294,M,1
M-PACK-001,Packaging Machine Motor,295.09,309.49,1866.2,30.5,101,L,0
M-PACK-002,Packaging Machine Motor,297.53,308.95,2019.9,21.29,167,L,0
M-PACK-003,Packaging Machine Motor,295.43,311.79,2394.8,38.81,82,L,0
M-PACK-004,Packaging Machine Motor,296.0,308.83,1255.6,28.18,167,L,0
M-PACK-005,Packaging Machine Motor,301.26,307.18,2401.4,26.05,16,M,0
M-PACK-006,Packaging Machine Motor,297.9,305.38,2402.0,34.12,169,M,0
M-PACK-007,Packaging Machine Motor,295.51,304.27,2350.8,16.16,114,M,0
M-PACK-008,Packaging Machine Motor,300.5,306.56,1055.8,36.93,62,M,0
M-PACK-009,Packaging Machine Motor,301.19,310.33,1522.9,37.43,167,M,0
M-PACK-010,Packaging Machine Motor,300.63,311.79,2265.5,25.55,178,H,0
M-PACK-011,Packaging Machine Motor,302.89,306.21,1660.7,41.51,51,M,0
M-PACK-012,Packaging Machine Motor,300.14,310.35,1011.2,28.51,93,M,0
M-PACK-013,Packaging Machine Motor,299.37,305.39,1485.4,36.4,158,M,0
M-PACK-014,Packaging Machine Motor,295.6,310.11,2346.4,30.13,93,L,0
M-PACK-015,Packaging Machine Motor,300.09,311.25,1969.7,21.63,58,M,0
M-PACK-016,Packaging Machine Motor,298.65,307.64,1033.7,41.53,160,M,0
M-PACK-017,Packaging Machine Motor,300.61,305.6,1755.7,28.17,121,M,0
M-PACK-018,Packaging Machine Motor,298.99,306.66,1072.6,42.51,12,M,0
M-PACK-019,Packaging Machine Motor,298.58,306.87,1827.9,28.85,53,H,0
M-PACK-020,Packaging Machine Motor,296.1,308.38,2268.9,18.02,125,L,0
M-PACK-021,Packaging Machine Motor,297.21,310.01,2030.0,36.23,161,M,0
M-PACK-022,Packaging Machine Motor,296.95,308.89,1093.8,25.02,160,M,0
M-PACK-023,Packaging Machine Motor,298.49,306.39,1375.6,22.1,150,L,0
M-PACK-024,Packaging Machine Motor,299.28,304.72,2126.6,41.31,168,M,0
M-PACK-025,Packaging Machine Motor,299.06,309.58,1019.4,34.66,130,L,0
M-PACK-026,Packaging Machine Motor,299.5,310.3,1958.2,18.47,162,M,0
M-PACK-027,Packaging Machine Motor,300.82,307.09,2378.9,30.08,125,L,0
M-PACK-028,Packaging Machine Motor,302.33,309.8,1248.6,43.52,177,H,0
M-PACK-029,Packaging Machine Motor,298.6,308.93,1138.1,20.69,101,L,0
M-PACK-030,Packaging Machine Motor,295.22,312.21,2347.9,40.72,74,M,0
M-PACK-031,Packaging Machine Motor,298.23,312.53,1782.0,17.42,56,M,0
M-PACK-032,Packaging Machine Motor,302.63,309.12,2044.1,17.66,159,M,0
M-PACK-033,Packaging Machine Motor,302.37,308.01,2024.6,29.13,34,M,0
M-PACK-034,Packaging Machine Motor,295.54,307.96,1974.0,22.31,93,M,0
M-PACK-035,Packaging Machine Motor,299.27,305.66,1801.0,25.93,58,M,0
M-PACK-036,Packaging Machine Motor,296.18,312.11,2402.3,34.82,61,M,0
M-PACK-037,Packaging Machine Motor,299.81,307.52,1430.9,20.05,46,M,0
M-PACK-038,Packaging Machine Motor,302.09,307.46,1182.8,15.38,79,M,0
M-PACK-039,Packaging Machine Motor,297.58,306.18,1996.2,34.16,165,M,0
M-PACK-040,Packaging Machine Motor,296.32,310.76,1271.9,31.76,23,H,0
M-PACK-041,Packaging Machine Motor,298.71,304.94,1460.0,25.17,140,M,0
M-PACK-042,Packaging Machine Motor,298.95,310.95,1307.3,39.15,151,L,0
M-PACK-043,Packaging Machine Motor,298.55,307.34,2053.0,16.74,16,M,0
M-PACK-044,Packaging Machine Motor,300.84,305.05,1953.3,23.09,120,M,0
M-PACK-045,Packaging Machine Motor,295.92,306.23,1329.6,19.94,89,L,0
M-PACK-046,Packaging Machine Motor,300.26,311.52,2471.6,31.22,50,L,0
M-PACK-047,Packaging Machine Motor,300.59,312.63,1976.5,38.25,161,L,0
M-PACK-048,Packaging Machine Motor,299.5,308.25,2235.1,38.16,72,M,0
M-PACK-049,Packaging Machine Motor,300.08,304.26,1371.4,22.51,160,M,0
M-PACK-050,Packaging Machine Motor,299.36,311.48,1389.5,18.71,171,L,0
M-PACK-051,Packaging Machine Motor,296.42,311.38,2180.7,40.13,56,M,0
M-PACK-052,Packaging Machine Motor,300.55,307.52,1105.0,19.09,111,M,0
M-PACK-053,Packaging Machine Motor,295.04,310.9,1625.1,24.41,131,M,0
M-PACK-054,Packaging Machine Motor,300.56,304.12,1014.1,31.8,176,M,0
M-PACK-055,Packaging Machine Motor,300.46,305.55,1467.3,17.34,159,M,0
M-PACK-056,Packaging Machine Motor,296.84,310.58,1299.2,22.21,27,L,0
M-PACK-057,Packaging Machine Motor,296.98,312.96,1264.2,15.62,162,M,0
M-PACK-058,Packaging Machine Motor,297.81,308.62,1391.1,34.04,114,H,0
M-PACK-059,Packaging Machine Motor,302.29,308.14,1292.7,24.22,157,M,0
M-PACK-060,Packaging Machine Motor,299.5,312.53,1977.6,35.27,52,M,0
M-PACK-061,Packaging Machine Motor,298.15,312.2,1194.3,23.57,21,M,0
M-PACK-062,Packaging Machine Motor,296.19,311.61,2387.6,35.08,27,M,0
M-PACK-063,Packaging Machine Motor,302.72,305.23,1834.7,25.59,179,M,0
M-PACK-064,Packaging Machine Motor,295.38,310.32,1490.1,34.73,27,M,0
M-PACK-065,Packaging Machine Motor,298.0,308.83,2280.2,44.18,138,L,0
M-PACK-066,Packaging Machine Motor,299.23,304.88,2000.6,19.43,51,L,0
M-PACK-067,Packaging Machine Motor,300.26,306.83,2158.1,43.18,102,M,0
M-PACK-068,Packaging Machine Motor,297.17,312.74,1410.6,41.62,167,L,0
M-PACK-069,Packaging Machine Motor,301.49,308.12,2379.3,37.28,65,H,0
M-PACK-070,Packaging Machine Motor,299.33,311.57,2291.0,40.05,46,M,0
M-PACK-071,Packaging Machine Motor,299.91,310.01,1501.9,35.78,110,M,0
M-PACK-072,Packaging Machine Motor,300.3,309.43,1250.3,41.23,50,L,0
M-PACK-073,Packaging Machine Motor,296.41,309.95,2343.5,15.29,176,H,0
M-PACK-074,Packaging Machine Motor,295.09,311.72,2063.1,18.17,169,M,0
M-PACK-075,Packaging Machine Motor,295.89,311.74,1721.4,23.34,150,L,0
M-PACK-076,Packaging Machine Motor,299.98,312.09,2291.9,21.8,159,M,0
M-PACK-077,Packaging Machine Motor,298.45,312.75,2139.8,24.64,120,M,0
M-PACK-078,Packaging Machine Motor,295.93,311.99,2232.8,38.33,105,M,0
M-PACK-079,Packaging Machine Motor,302.07,307.18,1030.2,44.45,156,M,0
M-PACK-080,Packaging Machine Motor,295.1,306.05,1678.1,33.84,130,L,0
M-PACK-081,Packaging Machine Motor,299.45,309.91,2216.9,36.6,172,L,0
M-PACK-082,Packaging Machine Motor,296.35,312.53,1306.3,44.74,129,M,0
M-PACK-083,Packaging Machine Motor,297.59,305.2,1189.3,41.0,83,M,0
M-PACK-084,Packaging Machine Motor,302.45,306.3,2145.9,29.11,46,L,0
M-PACK-085,Packaging Machine Motor,300.44,304.85,1812.6,40.55,21,M,0
M-PACK-086,Packaging Machine Motor,301.44,311.73,2163.0,24.17,96,L,0
M-PACK-087,Packaging Machine Motor,296.22,309.35,2080.6,40.5,28,M,0
M-PACK-088,Packaging Machine Motor,299.33,310.31,2095.1,22.6,12,M,0
M-PACK-089,Packaging Machine Motor,302.27,311.18,1933.7,44.33,83,M,0
M-PACK-090,Packaging Machine Motor,295.1,312.51,1875.0,26.72,17,M,0
M-PACK-091,Packaging Machine Motor,295.03,306.92,2427.2,19.63,102,H,0
M-PACK-092,Packaging Machine Motor,301.27,309.06,1303.4,40.99,143,L,0
M-PACK-093,Packaging Machine Motor,295.01,308.11,2499.8,39.34,151,M,0
M-PACK-094,Packaging Machine Motor,300.7,311.25,1138.4,35.78,148,H,0
M-PACK-095,Packaging Machine Motor,297.38,306.92,2281.9,38.41,121,L,0
M-PACK-096,Packaging Machine Motor,298.63,311.87,1351.3,36.14,51,H,0
M-PACK-097,Packaging Machine Motor,297.27,308.44,2265.2,30.27,40,L,0
M-PACK-098,Packaging Machine Motor,297.16,312.87,2404.5,31.27,25,M,0
M-PACK-099,Packaging Machine Motor,301.77,308.01,1358.6,39.08,102,H,0
M-PACK-100,Packaging Machine Motor,302.6,312.53,1550.6,16.92,117,M,0
M-PACK-101,Packaging Machine Motor,295.53,312.03,2497.2,25.51,136,H,0
M-PACK-102,Packaging Machine Motor,297.96,304.98,1083.0,32.66,146,M,0
M-PACK-103,Packaging Machine Motor,299.19,306.44,2104.6,25.83,21,H,0
M-PACK-104,Packaging Machine Motor,296.03,307.92,1097.8,39.19,164,M,0
M-PACK-105,Packaging Machine Motor,298.88,308.67,2477.5,16.97,123,M,0
M-PACK-106,Packaging Machine Motor,299.01,305.95,1240.4,22.31,22,M,0
M-PACK-107,Packaging Machine Motor,300.52,309.86,1831.7,15.01,31,L,0
M-PACK-108,Packaging Machine Motor,297.17,312.21,2311.8,19.65,162,M,0
M-PACK-109,Packaging Machine Motor,300.04,311.67,1607.6,37.06,123,L,0
M-PACK-110,Packaging Machine Motor,300.28,304.72,1439.1,43.2,47,M,0
M-PACK-111,Packaging Machine Motor,297.86,304.78,1271.8,23.6,88,L,0
M-PACK-112,Packaging Machine Motor,299.12,309.87,1638.9,41.1,122,H,0
M-PACK-113,Packaging Machine Motor,298.82,311.45,2100.5,42.16,48,L,0
M-PACK-114,Packaging Machine Motor,297.28,304.45,1743.5,18.31,125,L,0
M-PACK-115,Packaging Machine Motor,302.37,309.46,1802.9,44.82,108,L,0
M-PACK-116,Packaging Machine Motor,302.33,306.61,1020.6,28.18,156,L,0
M-PACK-117,Packaging Machine Motor,299.83,305.41,1161.4,43.64,81,M,0
M-PACK-118,Packaging Machine Motor,302.25,311.83,1850.4,29.64,134,M,0
M-PACK-119,Packaging Machine Motor,300.0,304.21,2236.5,44.94,172,M,0
M-PACK-120,Packaging Machine Motor,299.25,306.13,1454.5,28.72,137,H,0
M-PACK-121,Packaging Machine Motor,298.15,309.01,1322.8,17.35,101,M,0
M-PACK-122,Packaging Machine Motor,300.13,307.21,1356.0,21.61,16,H,0
M-PACK-123,Packaging Machine Motor,301.55,304.03,1065.8,18.81,81,M,0
M-PACK-124,Packaging Machine Motor,296.42,305.0,2408.3,42.34,141,M,0
M-PACK-125,Packaging Machine Motor,297.59,309.99,1437.5,30.92,120,M,0
M-PACK-126,Packaging Machine Motor,298.31,307.13,2166.6,37.17,128,M,0
M-PACK-127,Packaging Machine Motor,301.21,312.62,2033.5,27.24,145,M,0
M-PACK-128,Packaging Machine Motor,302.02,310.42,2154.9,35.02,25,M,0
M-PACK-129,Packaging Machine Motor,295.45,308.03,2074.6,27.64,10,M,0
M-PACK-130,Packaging Machine Motor,295.54,311.03,2175.6,39.19,15,H,0
M-PACK-131,Packaging Machine Motor,302.23,305.11,2005.1,38.86,86,M,0
M-PACK-132,Packaging Machine Motor,296.82,312.31,1452.7,21.53,99,H,0
M-PACK-133,Packaging Machine Motor,300.49,308.64,1221.7,17.02,33,H,0
M-PACK-134,Packaging Machine Motor,297.5,311.5,1085.9,18.84,61,M,0
M-PACK-135,Packaging Machine Motor,301.1,312.29,1618.1,18.18,46,M,0
M-PACK-136,Packaging Machine Motor,301.29,310.18,1313.5,40.16,156,L,0
M-PACK-137,Packaging Machine Motor,297.2,305.2,1155.9,27.0,82,L,0
M-PACK-138,Packaging Machine Motor,297.14,309.64,2182.3,23.07,55,M,0
M-PACK-139,Packaging Machine Motor,300.81,312.64,2274.9,39.66,127,H,0
M-PACK-140,Packaging Machine Motor,301.47,312.42,1586.1,24.41,98,L,0
M-PACK-141,Packaging Machine Motor,295.41,310.38,2222.0,38.66,106,L,0
M-PACK-142,Packaging Machine Motor,296.08,306.21,1460.4,15.26,73,H,0
M-PACK-143,Packaging Machine Motor,300.8,307.73,2056.7,23.81,32,H,0
M-PACK-144,Packaging Machine Motor,296.63,305.04,1330.8,32.37,53,M,0
M-PACK-145,Packaging Machine Motor,295.42,312.03,1207.2,25.46,74,L,0
M-PACK-146,Packaging Machine Motor,298.87,307.45,2043.8,32.91,23,M,0
M-PACK-147,Packaging Machine Motor,302.83,308.35,1636.3,19.5,152,H,0
M-PACK-148,Packaging Machine Motor,295.84,307.95,1655.0,44.44,31,M,0
M-PACK-149,Packaging Machine Motor,296.61,310.32,1587.5,34.45,67,M,0
M-PACK-150,Packaging Machine Motor,298.75,307.37,1806.3,26.51,147,M,0
M-PACK-151,Packaging Machine Motor,302.23,306.01,1168.2,26.43,41,M,0
M-PACK-152,Packaging Machine Motor,296.66,311.81,1851.9,29.93,143,H,0
M-PACK-153,Packaging Machine Motor,301.86,308.35,1204.6,39.58,88,M,0
M-PACK-154,Packaging Machine Motor,302.15,312.02,2339.2,27.51,137,M,0
M-PACK-155,Packaging Machine Motor,301.65,307.08,1695.9,41.74,146,L,0
M-PACK-156,Packaging Machine Motor,297.91,305.36,2365.6,29.79,161,L,0
M-PACK-157,Packaging Machine Motor,302.0,309.89,2218.6,18.61,174,H,0
M-PACK-158,Packaging Machine Motor,295.2,308.78,2067.9,36.49,67,L,0
M-PACK-159,Packaging Machine Motor,301.74,309.49,1579.0,33.41,156,L,0
M-PACK-160,Packaging Machine Motor,295.25,305.1,1006.8,29.77,84,M,0
M-PACK-161,Packaging Machine Motor,300.47,307.29,1312.9,26.84,11,L,0
M-PACK-162,Packaging Machine Motor,298.07,309.61,1487.1,33.44,101,M,0
M-PACK-163,Packaging Machine Motor,300.0,304.99,1721.6,36.6,103,L,0
M-PACK-164,Packaging Machine Motor,297.19,304.44,1084.0,23.06,79,M,0
M-PACK-165,Packaging Machine Motor,301.06,311.56,2040.5,28.9,54,M,0
M-PACK-166,Packaging Machine Motor,297.19,309.62,2227.3,30.55,17,L,0
M-PACK-167,Packaging Machine Motor,297.35,312.23,2219.6,27.39,19,L,0
M-PACK-168,Packaging Machine Motor,300.27,306.25,1800.3,34.06,48,H,0
M-PACK-169,Packaging Machine Motor,297.14,304.43,1105.0,19.7,36,M,0
M-PACK-170,Packaging Machine Motor,302.5,309.18,1633.8,31.91,10,L,0
M-PACK-171,Packaging Machine Motor,299.26,308.06,2412.4,36.91,67,L,0
M-PACK-172,Packaging Machine Motor,301.82,312.59,1144.3,43.66,102,M,0
M-PACK-173,Packaging Machine Motor,296.7,305.26,1119.1,27.67,47,H,0
M-PACK-174,Packaging Machine Motor,302.64,310.6,1776.8,37.3,113,H,0
M-PACK-175,Packaging Machine Motor,300.07,310.13,1356.2,24.6,75,M,0
M-PACK-176,Packaging Machine Motor,296.01,310.69,1519.0,35.75,168,L,0
M-PACK-177,Packaging Machine Motor,300.9,305.74,2098.1,34.07,141,L,0
M-PACK-178,Packaging Machine Motor,297.49,309.8,1412.7,25.39,98,M,0
M-PACK-179,Packaging Machine Motor,299.81,310.83,1907.5,44.09,135,L,0
M-PACK-180,Packaging Machine Motor,300.95,308.57,1616.5,37.07,126,M,0
M-PACK-181,Packaging Machine Motor,300.77,311.85,1341.6,31.95,112,M,0
M-PACK-182,Packaging Machine Motor,302.9,311.07,1481.9,25.75,132,H,0
M-PACK-183,Packaging Machine Motor,298.71,307.09,2281.0,38.74,66,L,0
M-PACK-184,Packaging Machine Motor,302.31,308.97,1238.9,38.11,64,M,0
M-PACK-185,Packaging Machine Motor,295.36,308.5,1570.4,35.58,16,M,0
M-PACK-186,Packaging Machine Motor,301.18,304.12,2124.9,18.91,128,M,0
M-PACK-187,Packaging Machine Motor,299.42,307.04,1368.2,17.13,156,M,0
M-PACK-188,Packaging Machine Motor,302.86,311.65,2304.4,32.94,23,L,0
M-PACK-189,Packaging Machine Motor,295.94,308.65,2285.3,29.17,38,M,0
M-PACK-190,Packaging Machine Motor,302.91,313.0,2066.3,41.64,17,M,0
M-PACK-191,Packaging Machine Motor,297.95,304.11,1565.4,17.79,97,H,0
M-PACK-192,Packaging Machine Motor,297.16,311.8,1319.6,16.95,52,L,0
M-PACK-193,Packaging Machine Motor,299.7,309.27,1000.9,29.16,55,M,0
M-PACK-194,Packaging Machine Motor,299.79,311.87,1272.5,38.05,18,M,0
M-PACK-195,Packaging Machine Motor,296.75,312.24,1267.0,32.36,38,M,0
M-PACK-196,Packaging Machine Motor,298.31,304.37,2238.8,38.4,57,M,0
M-PACK-197,Packaging Machine Motor,297.9,310.92,2038.7,17.71,153,H,0
M-PACK-198,Packaging Machine Motor,296.39,310.6,1274.9,18.67,67,L,0
M-PACK-199,Packaging Machine Motor,296.41,307.05,1429.4,25.68,131,M,0
M-PACK-200,Packaging Machine Motor,301.08,309.76,1541.6,27.97,129,M,0
M-PACK-201,Packaging Machine Motor,301.95,312.4,2076.6,44.68,111,H,0
M-PACK-202,Packaging Machine Motor,299.04,306.07,1500.6,29.7,60,M,0
M-PACK-203,Packaging Machine Motor,298.22,306.58,1254.3,37.97,77,L,0
M-PACK-204,Packaging Machine Motor,302.06,310.76,1595.0,36.64,36,M,0
M-PACK-205,Packaging Machine Motor,298.25,309.9,2132.2,31.88,119,M,0
M-PACK-206,Packaging Machine Motor,299.74,308.14,1642.1,27.31,62,M,0
M-PACK-207,Packaging Machine Motor,300.6,309.02,1044.9,16.46,106,L,0
M-PACK-208,Packaging Machine Motor,295.35,308.56,2276.7,15.13,56,L,0
M-PACK-209,Packaging Machine Motor,295.65,309.46,1761.1,19.55,17,M,0
M-PACK-210,Packaging Machine Motor,300.88,305.6,2037.0,31.39,70,M,0
M-PACK-211,Packaging Machine Motor,296.54,308.11,1824.0,28.76,77,L,0
M-PACK-212,Packaging Machine Motor,300.25,309.76,2337.7,44.81,106,M,0
M-PACK-213,Packaging Machine Motor,301.23,305.28,1769.4,30.74,177,L,0
M-PACK-214,Packaging Machine Motor,301.39,308.26,1820.8,24.59,151,L,0
M-PACK-215,Packaging Machine Motor,301.17,305.25,1598.0,31.12,31,M,0
M-PACK-216,Packaging Machine Motor,295.7,312.63,2126.9,33.62,44,M,0
M-PACK-217,Packaging Machine Motor,296.16,308.83,2230.8,15.57,27,M,0
M-PACK-218,Packaging Machine Motor,300.71,312.05,2129.5,30.75,27,L,0
M-PACK-219,Packaging Machine Motor,295.85,307.13,1462.0,25.78,66,L,0
M-PACK-220,Packaging Machine Motor,296.37,311.61,2287.4,29.73,28,M,0
M-PACK-221,Packaging Machine Motor,301.57,306.61,2256.6,35.31,177,L,0
M-PACK-222,Packaging Machine Motor,296.61,308.04,1155.3,17.09,130,L,0
M-PACK-223,Packaging Machine Motor,302.79,306.43,1302.7,31.81,44,M,0
M-PACK-224,Packaging Machine Motor,301.7,311.29,2342.6,29.47,105,L,0
M-PACK-225,Packaging Machine Motor,296.91,311.41,1026.3,38.93,141,M,0
M-PACK-226,Packaging Machine Motor,300.82,305.93,1864.3,36.02,131,L,0
M-PACK-227,Packaging Machine Motor,296.46,308.33,2320.2,31.85,158,M,0
M-PACK-228,Packaging Machine Motor,301.36,311.83,2269.7,41.14,47,M,0
M-PACK-229,Packaging Machine Motor,296.4,305.62,1731.7,43.8,110,L,0
M-PACK-230,Packaging Machine Motor,302.5,304.78,1243.1,23.73,114,H,0
M-PACK-231,Packaging Machine Motor,301.29,304.57,1237.6,26.45,104,L,0
M-PACK-232,Packaging Machine Motor,302.71,311.96,1160.6,33.94,85,H,0
M-PACK-233,Packaging Machine Motor,299.44,307.21,1518.7,17.83,176,L,0
M-PACK-234,Packaging Machine Motor,297.24,312.26,2422.1,39.31,122,M,0
M-PACK-235,Packaging Machine Motor,298.47,308.1,2423.1,37.8,59,M,0
M-PACK-236,Packaging Machine Motor,299.75,311.31,1143.0,36.04,66,H,0
M-PACK-237,Packaging Machine Motor,300.85,306.98,2095.2,19.87,177,L,0
M-PACK-238,Packaging Machine Motor,297.31,310.66,1203.7,34.6,20,M,0
M-PACK-239,Packaging Machine Motor,302.83,305.09,1896.1,17.12,123,M,0
M-PACK-240,Packaging Machine Motor,297.48,307.04,1307.7,43.25,163,L,0
M-PACK-241,Packaging Machine Motor,295.85,306.1,1918.3,44.11,112,M,0
M-PACK-242,Packaging Machine Motor,301.54,305.22,2322.6,44.24,174,H,0
M-PACK-243,Packaging Machine Motor,299.4,309.26,1292.4,31.4,119,M,0
M-PACK-244,Packaging Machine Motor,297.53,304.54,2435.2,39.11,139,H,0
M-PACK-245,Packaging Machine Motor,299.99,305.63,1992.6,33.63,154,M,0
M-PACK-246,Packaging Machine Motor,295.22,312.23,2363.0,28.68,23,M,0
M-PACK-247,Packaging Machine Motor,299.19,311.4,2075.7,17.12,129,H,0
M-PACK-248,Packaging Machine Motor,295.72,307.59,1116.0,39.88,88,M,0
M-PACK-249,Packaging Machine Motor,299.61,312.8,2373.7,40.47,75,H,0
M-PACK-250,Packaging Machine Motor,299.73,307.96,1338.3,17.93,84,M,0
M-PACK-251,Packaging Machine Motor,300.0,310.97,1699.8,24.65,101,L,0
M-PACK-252,Packaging Machine Motor,295.36,308.76,1493.9,18.16,83,M,0
M-PACK-253,Packaging Machine Motor,299.23,304.26,1868.7,21.96,68,M,0
M-PACK-254,Packaging Machine Motor,301.87,304.43,1522.0,26.84,115,L,0
M-PACK-255,Packaging Machine Motor,300.82,310.77,1288.6,42.35,80,H,0
M-PACK-256,Packaging Machine Motor,300.34,309.44,1188.9,43.8,105,M,0
M-PACK-257,Packaging Machine Motor,298.18,305.89,2429.2,36.06,106,M,0
M-PACK-258,Packaging Machine Motor,301.72,309.72,1171.9,35.92,106,L,0
M-PACK-259,Packaging Machine Motor,300.87,307.1,1203.1,29.47,125,H,0
M-PACK-260,Packaging Machine Motor,300.2,311.43,1235.6,36.17,21,H,0
M-PACK-261,Packaging Machine Motor,295.26,309.68,2460.0,38.14,53,H,0
M-PACK-262,Packaging Machine Motor,299.93,304.03,2188.9,22.29,60,M,0
M-PACK-263,Packaging Machine Motor,301.11,306.39,1426.7,31.23,88,L,0
M-PACK-264,Packaging Machine Motor,297.11,304.83,1811.5,20.54,80,H,0
M-PACK-265,Packaging Machine Motor,302.05,306.95,2162.3,43.46,169,M,0
M-PACK-266,Packaging Machine Motor,302.87,309.9,1192.7,41.65,89,H,0
M-PACK-267,Packaging Machine Motor,301.33,309.62,2323.2,39.82,64,M,0
M-PACK-268,Packaging Machine Motor,300.87,309.16,1104.8,20.45,35,M,0
M-PACK-269,Packaging Machine Motor,295.69,305.87,1818.1,18.99,52,L,0
M-PACK-270,Packaging Machine Motor,300.58,306.76,2316.0,22.51,110,M,0
M-PACK-271,Packaging Machine Motor,301.02,307.34,1373.3,33.23,136,M,0
M-PACK-272,Packaging Machine Motor,300.73,307.8,2193.2,32.55,43,L,0
M-PACK-273,Packaging Machine Motor,301.69,312.68,1853.5,35.27,156,H,0
M-PACK-274,Packaging Machine Motor,302.3,306.44,1085.6,22.13,109,H,0
M-PACK-275,Packaging Machine Motor,295.01,309.75,1680.1,40.33,53,M,0
M-PACK-276,Packaging Machine Motor,295.62,308.85,1548.9,25.19,87,L,0
M-PACK-277,Packaging Machine Motor,295.84,308.71,1294.7,21.37,53,M,0
M-PACK-278,Packaging Machine Motor,298.96,311.84,2338.2,32.6,57,L,0
M-PACK-279,Packaging Machine Motor,301.34,311.18,1024.6,37.62,154,M,0
M-PACK-280,Packaging Machine Motor,301.01,310.99,1759.9,39.41,144,L,0
M-PACK-281,Packaging Machine Motor,302.37,308.77,1047.2,15.57,169,M,0
M-PACK-282,Packaging Machine Motor,298.02,308.23,1398.7,32.71,143,M,0
M-PACK-283,Packaging Machine Motor,300.94,310.05,1788.4,24.76,158,M,0
M-PACK-284,Packaging Machine Motor,298.0,309.77,2380.5,30.24,132,M,0
M-PACK-285,Packaging Machine Motor,296.75,305.12,1204.5,15.64,103,H,0
M-PACK-286,Packaging Machine Motor,301.93,312.85,1743.8,28.49,69,M,0
M-PACK-287,Packaging Machine Motor,299.86,307.09,1514.7,34.34,104,L,0
M-PACK-288,Packaging Machine Motor,302.53,311.02,1456.5,37.77,86,L,0
M-PACK-289,Packaging Machine Motor,302.09,306.25,1358.0,27.98,18,M,0
M-PACK-290,Packaging Machine Motor,301.0,307.11,1697.9,32.71,22,L,0
M-PACK-291,Packaging Machine Motor,299.21,309.62,2085.7,35.27,26,L,0
M-PACK-292,Packaging Machine Motor,299.88,310.43,1392.3,21.64,150,M,0
M-PACK-293,Packaging Machine Motor,299.6,308.96,1877.8,17.09,61,H,0
M-PACK-294,Packaging Machine Motor,298.84,312.12,1583.8,38.47,58,L,0
M-PACK-295,Packaging Machine Motor,298.36,307.2,2046.2,30.38,67,H,0
M-PACK-296,Packaging Machine Motor,296.33,310.95,2381.1,20.07,106,H,0
M-PACK-297,Packaging Machine Motor,297.33,308.04,2103.8,16.32,142,M,0
M-PACK-298,Packaging Machine Motor,301.08,309.63,1509.4,36.71,50,M,0
M-PACK-299,Packaging Machine Motor,295.49,307.54,1146.6,27.59,11,H,0
M-PACK-300,Packaging Machine Motor,302.46,311.16,1354.2,36.55,123,H,0
M-PACK-301,Packaging Machine Motor,297.97,312.22,2108.1,37.81,105,M,0
M-PACK-302,Packaging Machine Motor,299.07,310.67,2099.1,15.93,117,M,0
M-PACK-303,Packaging Machine Motor,295.54,307.69,2348.2,43.6,142,H,0
M-PACK-304,Packaging Machine Motor,298.0,305.64,1978.2,38.19,160,L,0
M-PACK-305,Packaging Machine Motor,295.79,305.13,2364.5,40.31,88,M,0
M-PACK-306,Packaging Machine Motor,299.42,309.37,1381.3,27.11,115,M,0
M-PACK-307,Packaging Machine Motor,302.99,306.55,1828.6,31.62,86,M,0
M-PACK-308,Packaging Machine Motor,299.52,304.82,1580.4,21.73,31,L,0
M-PACK-309,Packaging Machine Motor,300.6,305.52,2424.1,21.48,50,H,0
M-PACK-310,Packaging Machine Motor,300.82,309.14,1087.4,15.76,100,M,0
M-PACK-311,Packaging Machine Motor,301.58,308.3,2014.8,37.01,114,M,0
M-PACK-312,Packaging Machine Motor,296.06,309.83,2153.0,20.69,94,M,0
M-PACK-313,Packaging Machine Motor,296.65,306.21,1356.5,27.57,76,M,0
M-PACK-314,Packaging Machine Motor,295.75,309.23,1032.8,22.72,95,M,0
M-PACK-315,Packaging Machine Motor,301.17,304.32,1806.2,25.63,128,M,0
M-PACK-316,Packaging Machine Motor,300.95,309.42,2184.5,44.53,164,M,0
M-PACK-317,Packaging Machine Motor,302.15,305.38,1064.6,30.99,175,L,0
M-PACK-318,Packaging Machine Motor,297.44,310.02,1059.9,29.12,50,H,0
M-PACK-319,Packaging Machine Motor,297.0,310.5,1826.8,15.7,79,L,0
M-PACK-320,Packaging Machine Motor,302.64,311.87,1002.3,21.56,45,M,0
M-PACK-321,Packaging Machine Motor,300.17,305.38,2373.5,38.31,81,M,0
M-PACK-322,Packaging Machine Motor,299.33,309.24,2290.2,21.0,126,H,0
M-PACK-323,Packaging Machine Motor,298.67,309.72,1018.8,18.24,25,M,0
M-PACK-324,Packaging Machine Motor,299.98,312.96,1381.1,19.08,80,H,0
M-PACK-325,Packaging Machine Motor,295.2,309.08,2319.4,40.83,27,H,0
M-PACK-326,Packaging Machine Motor,298.93,307.31,2054.6,29.85,13,M,0
M-PACK-327,Packaging Machine Motor,302.21,308.6,2196.9,27.07,125,H,0
M-PACK-328,Packaging Machine Motor,300.89,311.08,1135.2,20.5,88,M,0
M-PACK-329,Packaging Machine Motor,300.1,310.01,2071.6,30.17,107,H,0
M-PACK-330,Packaging Machine Motor,296.33,308.49,2118.4,39.27,133,M,0
M-PACK-331,Packaging Machine Motor,297.25,308.0,1013.9,32.94,22,H,0
M-PACK-332,Packaging Machine Motor,300.01,304.12,1860.3,34.15,144,H,0
M-PACK-333,Packaging Machine Motor,295.02,310.9,1435.1,41.62,41,M,0
M-PACK-334,Packaging Machine Motor,295.88,307.62,2323.1,33.25,127,M,0
M-PACK-335,Packaging Machine Motor,302.38,309.61,1158.8,15.47,12,H,0
M-PACK-336,Packaging Machine Motor,302.29,307.23,1447.3,27.5,79,M,0
M-PACK-337,Packaging Machine Motor,295.73,304.98,1898.8,26.91,163,M,0
M-PACK-338,Packaging Machine Motor,299.03,312.35,1752.5,30.06,71,L,0
M-PACK-339,Packaging Machine Motor,298.14,309.29,1671.1,30.86,150,M,0
M-PACK-340,Packaging Machine Motor,296.84,309.13,2406.3,35.8,62,L,0
M-PACK-341,Packaging Machine Motor,297.74,312.85,1288.0,44.99,22,L,0
M-PACK-342,Packaging Machine Motor,300.92,310.12,2166.4,29.15,19,M,0
M-PACK-343,Packaging Machine Motor,300.14,309.82,1292.8,22.59,92,L,0
M-PACK-344,Packaging Machine Motor,301.82,304.78,2388.4,42.83,11,M,0
M-PACK-345,Packaging Machine Motor,299.7,308.98,1923.7,30.1,59,H,0
M-PACK-346,Packaging Machine Motor,296.67,310.66,1361.6,39.89,78,M,0
M-PACK-347,Packaging Machine Motor,301.95,305.93,1284.4,44.56,101,H,0
M-PACK-348,Packaging Machine Motor,296.33,311.75,1899.8,18.45,160,M,0
M-PACK-349,Packaging Machine Motor,302.91,306.54,1793.2,20.19,84,H,0
M-PACK-350,Packaging Machine Motor,297.46,306.43,1424.6,44.09,16,M,0
M-PACK-351,Packaging Machine Motor,300.03,309.95,2131.8,37.83,172,L,0
M-PACK-352,Packaging Machine Motor,301.59,308.79,1986.5,29.34,56,M,0
M-PACK-353,Packaging Machine Motor,297.88,307.07,1799.7,22.43,97,L,0
M-PACK-354,Packaging Machine Motor,298.25,306.0,1520.3,41.31,170,L,0
M-PACK-355,Packaging Machine Motor,297.3,307.49,2462.4,24.72,33,M,0
M-PACK-356,Packaging Machine Motor,302.71,307.74,2400.8,18.12,140,H,0
M-PACK-357,Packaging Machine Motor,296.58,309.54,1651.7,35.0,175,H,0
M-PACK-358,Packaging Machine Motor,296.53,309.76,2344.8,38.93,89,L,0
M-PACK-359,Packaging Machine Motor,296.66,304.12,1855.0,39.4,83,M,0
M-PACK-360,Packaging Machine Motor,298.38,308.63,2326.5,29.34,11,L,0
M-PACK-361,Packaging Machine Motor,299.94,310.57,2351.6,23.59,95,M,0
M-PACK-362,Packaging Machine Motor,297.76,311.61,2046.3,37.0,147,M,0
M-PACK-363,Packaging Machine Motor,300.97,310.96,2263.6,29.66,95,H,0
M-PACK-364,Packaging Machine Motor,301.82,308.8,1891.7,18.64,112,H,0
M-PACK-365,Packaging Machine Motor,302.39,311.77,1291.5,32.81,112,L,0
M-PACK-366,Packaging Machine Motor,301.06,312.94,1526.3,18.74,107,L,0
M-PACK-367,Packaging Machine Motor,297.29,306.13,2203.7,37.61,44,L,0
M-PACK-368,Packaging Machine Motor,296.08,304.98,1526.7,41.6,128,M,0
M-PACK-369,Packaging Machine Motor,296.26,310.42,1898.7,44.63,140,H,0
M-PACK-370,Packaging Machine Motor,300.83,306.32,2442.8,15.58,50,M,0
M-PACK-371,Packaging Machine Motor,295.63,307.1,1745.9,28.41,88,L,0
M-PACK-372,Packaging Machine Motor,299.04,312.47,1221.6,23.41,121,M,0
M-PACK-373,Packaging Machine Motor,297.78,312.11,1807.8,25.04,142,H,0
M-PACK-374,Packaging Machine Motor,299.51,304.9,1265.3,16.87,163,H,0
M-PACK-375,Packaging Machine Motor,299.13,306.02,1575.4,29.81,86,L,0
M-PACK-376,Packaging Machine Motor,302.3,306.7,1036.8,41.82,176,M,0
M-PACK-377,Packaging Machine Motor,298.65,305.3,1713.3,24.1,179,H,0
M-PACK-378,Packaging Machine Motor,298.03,309.55,1517.7,29.23,175,M,0
M-PACK-379,Packaging Machine Motor,302.28,304.39,1179.7,43.34,31,L,0
M-PACK-380,Packaging Machine Motor,298.57,307.66,1988.8,36.83,168,M,0
M-PACK-381,Packaging Machine Motor,300.58,307.08,2076.4,19.26,87,H,0
M-PACK-382,Packaging Machine Motor,297.69,310.44,1350.0,35.55,94,H,0
M-PACK-383,Packaging Machine Motor,298.09,311.82,2483.9,26.07,19,H,0
M-PACK-384,Packaging Machine Motor,301.31,309.9,1427.5,26.74,147,M,0
M-PACK-385,Packaging Machine Motor,301.05,306.66,2087.2,28.99,102,M,0
M-PACK-386,Packaging Machine Motor,298.6,308.2,1398.6,44.57,163,M,0
M-PACK-387,Packaging Machine Motor,295.28,305.52,2280.9,42.92,37,L,0
M-PACK-388,Packaging Machine Motor,299.98,306.73,1654.1,35.32,27,H,0
M-PACK-389,Packaging Machine Motor,295.27,312.12,1860.8,30.7,130,L,0
M-PACK-390,Packaging Machine Motor,296.38,305.2,1442.2,42.12,79,L,0
M-PACK-391,Packaging Machine Motor,296.62,308.44,1191.2,27.39,54,M,0
M-PACK-392,Packaging Machine Motor,301.24,312.45,1425.8,37.29,160,H,0
M-PACK-393,Packaging Machine Motor,299.69,309.51,1408.6,15.68,53,M,0
M-PACK-394,Packaging Machine Motor,296.57,306.59,2061.9,26.95,21,M,0
M-PACK-395,Packaging Machine Motor,303.0,306.35,1397.9,20.1,56,M,0
M-PACK-396,Packaging Machine Motor,302.72,309.47,1614.8,26.69,14,H,0
M-PACK-397,Packaging Machine Motor,301.38,308.41,1049.8,23.58,70,L,0
M-PACK-398,Packaging Machine Motor,298.48,311.1,1950.6,15.99,174,H,0
M-PACK-399,Packaging Machine Motor,297.2,311.28,1284.8,27.03,157,M,0
M-PACK-400,Packaging Machine Motor,297.42,309.8,2218.9,27.12,107,L,0
M-PACK-F1-001,Packaging Machine Motor,312.72,324.62,1144.2,36.02,45,M,1
M-PACK-F1-002,Packaging Machine Motor,307.81,327.34,1551.0,43.24,28,H,1
M-PACK-F1-003,Packaging Machine Motor,311.25,323.22,1698.4,43.01,89,M,1
M-PACK-F1-004,Packaging Machine Motor,305.16,326.72,1582.5,28.81,118,M,1
M-PACK-F1-005,Packaging Machine Motor,312.89,328.36,2092.9,32.66,65,H,1
M-PACK-F1-006,Packaging Machine Motor,305.15,318.61,2438.3,24.7,103,M,1
M-PACK-F1-007,Packaging Machine Motor,309.57,325.53,1453.4,41.6,133,M,1
M-PACK-F1-008,Packaging Machine Motor,311.91,318.78,1150.6,31.77,123,M,1
M-PACK-F1-009,Packaging Machine Motor,309.38,318.13,2479.9,38.01,58,L,1
M-PACK-F1-010,Packaging Machine Motor,305.74,324.03,1088.3,25.05,39,M,1
M-PACK-F1-011,Packaging Machine Motor,312.58,323.55,1487.3,34.22,101,L,1
M-PACK-F1-012,Packaging Machine Motor,309.37,327.78,1573.2,20.13,67,M,1
M-PACK-F1-013,Packaging Machine Motor,308.36,327.04,1608.9,43.62,141,M,1
M-PACK-F1-014,Packaging Machine Motor,309.47,323.3,1533.4,44.56,15,M,1
M-PACK-F1-015,Packaging Machine Motor,306.21,327.44,1291.7,41.54,60,L,1
M-PACK-F1-016,Packaging Machine Motor,312.89,328.03,1934.7,19.5,135,L,1
M-PACK-F1-017,Packaging Machine Motor,307.3,324.09,1101.5,34.77,26,M,1
M-PACK-F1-018,Packaging Machine Motor,310.37,322.22,2423.0,38.37,76,L,1
M-PACK-F1-019,Packaging Machine Motor,311.85,327.0,1229.4,29.91,125,M,1
M-PACK-F1-020,Packaging Machine Motor,309.36,330.42,1024.8,15.36,129,H,1
M-PACK-F2-001,Packaging Machine Motor,299.66,321.86,1863.9,75.21,98,M,1
M-PACK-F2-002,Packaging Machine Motor,301.84,317.45,1382.1,79.51,53,H,1
M-PACK-F2-003,Packaging Machine Motor,298.22,314.13,2135.1,68.41,22,H,1
M-PACK-F2-004,Packaging Machine Motor,301.99,310.66,1079.9,77.16,115,L,1
M-PACK-F2-005,Packaging Machine Motor,305.28,313.69,1918.1,73.32,13,M,1
M-PACK-F2-006,Packaging Machine Motor,296.58,309.25,1070.0,84.36,123,M,1
M-PACK-F2-007,Packaging Machine Motor,298.73,309.09,1539.0,73.81,116,H,1
M-PACK-F2-008,Packaging Machine Motor,300.6,322.65,1150.9,67.96,46,H,1
M-PACK-F2-009,Packaging Machine Motor,305.23,318.46,1514.4,67.05,120,H,1
M-PACK-F2-010,Packaging Machine Motor,297.62,321.6,2021.5,78.92,93,M,1
M-PACK-F2-011,Packaging Machine Motor,306.28,315.38,1350.8,66.94,12,M,1
M-PACK-F2-012,Packaging Machine Motor,298.07,310.03,1040.2,62.89,23,H,1
M-PACK-F2-013,Packaging Machine Motor,297.51,311.04,1520.0,73.32,53,H,1
M-PACK-F2-014,Packaging Machine Motor,306.34,315.72,1927.4,76.56,48,M,1
M-PACK-F2-015,Packaging Machine Motor,302.62,313.28,1838.5,79.38,58,H,1
M-PACK-F2-016,Packaging Machine Motor,299.84,309.75,1194.5,66.95,37,L,1
M-PACK-F2-017,Packaging Machine Motor,303.18,315.78,1012.2,59.28,115,M,1
M-PACK-F2-018,Packaging Machine Motor,296.5,320.38,1378.3,67.55,140,H,1
M-PACK-F2-019,Packaging Machine Motor,303.93,322.23,1079.8,81.58,65,L,1
M-PACK-F2-020,Packaging Machine Motor,299.39,322.74,1808.8,74.59,117,M,1
M-PACK-F3-001,Packaging Machine Motor,297.07,306.37,3413.3,60.61,122,M,1
M-PACK-F3-002,Packaging Machine Motor,298.23,311.14,3362.1,61.9,24,H,1
M-PACK-F3-003,Packaging Machine Motor,300.15,304.74,3193.8,60.74,68,M,1
M-PACK-F3-004,Packaging Machine Motor,302.82,309.69,3738.6,56.34,94,H,1
M-PACK-F3-005,Packaging Machine Motor,299.46,304.62,3275.2,59.64,99,M,1
M-PACK-F3-006,Packaging Machine Motor,298.35,308.48,3948.8,49.82,69,H,1
M-PACK-F3-007,Packaging Machine Motor,297.55,308.68,3099.9,58.23,133,M,1
M-PACK-F3-008,Packaging Machine Motor,301.26,309.22,4120.4,52.14,70,M,1
M-PACK-F3-009,Packaging Machine Motor,301.99,306.77,3001.4,67.04,13,H,1
M-PACK-F3-010,Packaging Machine Motor,298.38,308.47,4043.1,57.56,83,H,1
M-PACK-F3-011,Packaging Machine Motor,299.55,307.14,3123.4,66.54,20,M,1
M-PACK-F3-012,Packaging Machine Motor,302.27,305.61,3296.4,57.18,49,L,1
M-PACK-F3-013,Packaging Machine Motor,297.71,312.87,4073.5,65.62,18,H,1
M-PACK-F3-014,Packaging Machine Motor,296.35,310.05,3014.9,64.02,83,M,1
M-PACK-F3-015,Packaging Machine Motor,299.3,308.82,3247.4,54.6,75,M,1
M-PACK-F3-016,Packaging Machine Motor,297.18,311.26,4013.2,54.43,85,M,1
M-PACK-F3-017,Packaging Machine Motor,296.53,311.25,4239.4,59.68,132,M,1
M-PACK-F3-018,Packaging Machine Motor,299.53,308.32,3294.6,51.02,69,M,1
M-PACK-F3-019,Packaging Machine Motor,299.08,310.26,3240.1,55.88,65,H,1
M-PACK-F3-020,Packaging Machine Motor,302.25,310.13,3114.8,62.33,83,M,1
M-PACK-F4-001,Packaging Machine Motor,302.92,309.56,2345.1,50.76,202,H,1
M-PACK-F4-002,Packaging Machine Motor,298.48,310.92,2236.3,46.03,228,L,1
M-PACK-F4-003,Packaging Machine Motor,300.75,306.82,1253.1,39.8,245,M,1
M-PACK-F4-004,Packaging Machine Motor,296.71,306.49,2062.7,52.6,265,M,1
M-PACK-F4-005,Packaging Machine Motor,302.09,304.27,2291.7,34.36,253,H,1
M-PACK-F4-006,Packaging Machine Motor,301.95,309.35,1360.3,29.53,210,M,1
M-PACK-F4-007,Packaging Machine Motor,297.64,308.81,2222.2,53.34,213,H,1
M-PACK-F4-008,Packaging Machine Motor,298.17,305.29,2251.4,35.29,241,H,1
M-PACK-F4-009,Packaging Machine Motor,301.0,312.76,1723.6,52.59,197,H,1
M-PACK-F4-010,Packaging Machine Motor,302.68,310.3,1283.0,30.15,233,L,1
M-PACK-F4-011,Packaging Machine Motor,301.74,304.74,1984.9,34.38,239,M,1
M-PACK-F4-012,Packaging Machine Motor,298.61,305.85,1708.5,23.61,198,M,1
M-PACK-F4-013,Packaging Machine Motor,295.2,309.06,1108.6,32.91,268,H,1
M-PACK-F4-014,Packaging Machine Motor,297.93,310.06,1238.4,37.53,214,M,1
M-PACK-F4-015,Packaging Machine Motor,302.16,305.83,1564.8,22.86,216,M,1
M-PACK-F4-016,Packaging Machine Motor,297.61,309.77,2113.9,35.65,240,L,1
M-PACK-F4-017,Packaging Machine Motor,303.0,308.11,2404.7,34.89,253,M,1
M-PACK-F4-018,Packaging Machine Motor,302.07,308.04,2043.7,33.99,259,L,1
M-PACK-F4-019,Packaging Machine Motor,296.95,308.27,1121.9,21.79,264,M,1
M-PACK-F4-020,Packaging Machine Motor,298.16,310.04,1840.2,27.33,211,M,1
M-PACK-F5-001,Packaging Machine Motor,304.94,318.11,2988.8,69.19,191,L,1
M-PACK-F5-002,Packaging Machine Motor,307.1,317.32,3201.5,60.38,232,L,1
M-PACK-F5-003,Packaging Machine Motor,305.43,323.27,2982.4,57.74,199,M,1
M-PACK-F5-004,Packaging Machine Motor,305.31,320.72,3359.1,67.79,232,H,1
M-PACK-F5-005,Packaging Machine Motor,306.93,324.32,2781.5,67.84,202,M,1
M-PACK-F5-006,Packaging Machine Motor,307.59,324.4,3131.6,68.93,192,M,1
M-PACK-F5-007,Packaging Machine Motor,306.2,321.31,3111.0,71.35,193,M,1
M-PACK-F5-008,Packaging Machine Motor,308.84,320.56,3178.4,53.39,204,H,1
M-PACK-F5-009,Packaging Machine Motor,304.69,322.07,3322.7,69.37,202,M,1
M-PACK-F5-010,Packaging Machine Motor,306.85,317.67,3355.0,61.54,238,H,1
M-PACK-F5-011,Packaging Machine Motor,304.67,319.79,2905.1,65.86,237,H,1
M-PACK-F5-012,Packaging Machine Motor,305.21,318.9,3131.8,60.9,226,L,1
M-PACK-F5-013,Packaging Machine Motor,306.86,321.73,3381.7,59.79,190,M,1
M-PACK-F5-014,Packaging Machine Motor,304.18,320.15,3018.4,53.75,227,M,1
M-PACK-F5-015,Packaging Machine Motor,305.13,323.07,3250.9,55.63,239,H,1
M-PACK-F5-016,Packaging Machine Motor,307.86,324.75,3294.1,65.23,235,M,1
M-PACK-F5-017,Packaging Machine Motor,305.39,322.13,3411.6,64.25,238,M,1
M-PACK-F5-018,Packaging Machine Motor,308.13,324.42,3070.3,71.23,200,L,1
M-PACK-F5-019,Packaging Machine Motor,308.51,317.53,3141.0,62.46,192,H,1
M-PACK-F5-020,Packaging Machine Motor,304.03,321.2,3097.9,70.79,207,M,1
M-TEXT-001,Textile Spinning Motor,296.06,311.64,5697.1,27.42,82,M,0
M-TEXT-002,Textile Spinning Motor,298.63,309.02,3455.9,27.07,155,L,0
M-TEXT-003,Textile Spinning Motor,300.66,305.1,3423.6,48.33,202,H,0
M-TEXT-004,Textile Spinning Motor,303.27,314.65,3636.0,39.54,131,M,0
M-TEXT-005,Textile Spinning Motor,297.23,308.67,5747.3,43.39,86,M,0
M-TEXT-006,Textile Spinning Motor,299.25,309.66,5164.2,34.01,56,M,0
M-TEXT-007,Textile Spinning Motor,300.54,311.93,4278.4,36.71,177,M,0
M-TEXT-008,Textile Spinning Motor,303.82,307.36,5718.9,23.67,126,M,0
M-TEXT-009,Textile Spinning Motor,298.98,314.63,3453.1,38.62,180,H,0
M-TEXT-010,Textile Spinning Motor,303.79,310.47,5700.7,38.24,149,M,0
M-TEXT-011,Textile Spinning Motor,302.16,305.3,4445.4,16.12,81,H,0
M-TEXT-012,Textile Spinning Motor,303.29,311.28,4839.8,44.79,166,H,0
M-TEXT-013,Textile Spinning Motor,300.94,314.78,3249.4,36.69,132,M,0
M-TEXT-014,Textile Spinning Motor,303.64,308.56,2827.9,48.69,165,M,0
M-TEXT-015,Textile Spinning Motor,298.24,314.28,3457.4,33.8,62,L,0
M-TEXT-016,Textile Spinning Motor,302.16,310.68,5110.4,47.07,212,L,0
M-TEXT-017,Textile Spinning Motor,302.79,308.98,3871.4,43.29,171,L,0
M-TEXT-018,Textile Spinning Motor,297.06,311.91,4766.8,42.95,24,L,0
M-TEXT-019,Textile Spinning Motor,298.61,311.87,4658.0,30.41,169,L,0
M-TEXT-020,Textile Spinning Motor,298.59,312.48,3600.9,44.6,107,M,0
M-TEXT-021,Textile Spinning Motor,302.18,309.96,3433.3,49.84,144,M,0
M-TEXT-022,Textile Spinning Motor,301.17,313.83,3143.6,17.07,97,M,0
M-TEXT-023,Textile Spinning Motor,298.29,311.89,2758.7,42.67,163,M,0
M-TEXT-024,Textile Spinning Motor,298.39,313.07,5206.7,43.48,84,L,0
M-TEXT-025,Textile Spinning Motor,301.72,305.65,4172.1,38.26,53,L,0
M-TEXT-026,Textile Spinning Motor,302.03,305.81,5696.2,29.15,110,L,0
M-TEXT-027,Textile Spinning Motor,301.15,309.38,3408.7,33.09,135,M,0
M-TEXT-028,Textile Spinning Motor,300.84,311.17,4165.1,34.67,77,H,0
M-TEXT-029,Textile Spinning Motor,300.86,305.47,2728.2,23.66,58,M,0
M-TEXT-030,Textile Spinning Motor,298.97,306.17,3362.8,15.16,90,L,0
M-TEXT-031,Textile Spinning Motor,298.13,311.43,2843.9,15.43,119,M,0
M-TEXT-032,Textile Spinning Motor,297.53,307.87,2607.3,42.92,80,M,0
M-TEXT-033,Textile Spinning Motor,302.44,305.39,3495.8,24.2,72,H,0
M-TEXT-034,Textile Spinning Motor,303.48,313.64,3950.7,30.59,124,M,0
M-TEXT-035,Textile Spinning Motor,302.23,309.88,3160.9,19.09,203,H,0
M-TEXT-036,Textile Spinning Motor,303.18,311.9,3916.5,21.55,82,M,0
M-TEXT-037,Textile Spinning Motor,301.25,311.91,4065.5,28.09,173,L,0
M-TEXT-038,Textile Spinning Motor,303.32,310.52,2776.6,17.57,100,L,0
M-TEXT-039,Textile Spinning Motor,299.98,311.27,5451.6,16.41,204,M,0
M-TEXT-040,Textile Spinning Motor,296.37,313.35,5769.5,41.9,180,L,0
M-TEXT-041,Textile Spinning Motor,300.18,311.8,3502.6,23.74,141,L,0
M-TEXT-042,Textile Spinning Motor,299.18,309.0,5839.8,33.15,217,L,0
M-TEXT-043,Textile Spinning Motor,301.12,305.09,3535.7,29.62,150,M,0
M-TEXT-044,Textile Spinning Motor,302.62,311.63,3715.1,42.46,80,H,0
M-TEXT-045,Textile Spinning Motor,297.38,305.03,5413.2,36.95,134,M,0
M-TEXT-046,Textile Spinning Motor,301.23,310.65,5448.4,30.43,180,L,0
M-TEXT-047,Textile Spinning Motor,297.6,309.54,5422.3,44.08,24,M,0
M-TEXT-048,Textile Spinning Motor,299.39,305.47,3412.2,24.04,62,M,0
M-TEXT-049,Textile Spinning Motor,302.5,307.44,4537.2,34.52,183,M,0
M-TEXT-050,Textile Spinning Motor,297.79,313.92,5415.3,36.75,38,H,0
M-TEXT-051,Textile Spinning Motor,297.46,306.97,2976.9,24.18,87,L,0
M-TEXT-052,Textile Spinning Motor,301.68,306.04,5919.9,41.32,52,H,0
M-TEXT-053,Textile Spinning Motor,296.7,312.32,3327.0,17.55,104,L,0
M-TEXT-054,Textile Spinning Motor,298.44,309.83,3174.4,30.02,91,M,0
M-TEXT-055,Textile Spinning Motor,299.73,305.92,2826.8,24.12,43,M,0
M-TEXT-056,Textile Spinning Motor,296.2,308.51,3246.9,46.23,191,M,0
M-TEXT-057,Textile Spinning Motor,299.8,314.56,4334.3,44.7,185,L,0
M-TEXT-058,Textile Spinning Motor,298.45,305.43,2863.8,35.0,126,M,0
M-TEXT-059,Textile Spinning Motor,297.99,312.09,3691.8,36.14,162,M,0
M-TEXT-060,Textile Spinning Motor,297.55,313.61,2827.4,44.03,187,M,0
M-TEXT-061,Textile Spinning Motor,301.04,308.58,5445.5,24.23,131,H,0
M-TEXT-062,Textile Spinning Motor,303.52,314.48,4986.5,29.81,55,M,0
M-TEXT-063,Textile Spinning Motor,302.33,311.05,4346.2,44.73,82,L,0
M-TEXT-064,Textile Spinning Motor,299.52,305.02,5061.8,45.72,116,M,0
M-TEXT-065,Textile Spinning Motor,302.44,313.85,5910.5,27.1,138,L,0
M-TEXT-066,Textile Spinning Motor,300.25,309.62,4501.8,27.49,58,H,0
M-TEXT-067,Textile Spinning Motor,300.88,308.79,5590.3,22.8,82,L,0
M-TEXT-068,Textile Spinning Motor,300.45,308.47,5513.1,41.02,134,L,0
M-TEXT-069,Textile Spinning Motor,296.75,308.94,5336.9,28.51,205,H,0
M-TEXT-070,Textile Spinning Motor,298.69,309.26,4904.4,21.84,21,L,0
M-TEXT-071,Textile Spinning Motor,303.19,308.0,4192.2,32.11,193,M,0
M-TEXT-072,Textile Spinning Motor,302.61,314.12,4480.8,24.99,119,L,0
M-TEXT-073,Textile Spinning Motor,300.67,313.96,5634.0,28.07,109,M,0
M-TEXT-074,Textile Spinning Motor,296.89,309.66,3022.8,44.68,208,H,0
M-TEXT-075,Textile Spinning Motor,301.34,311.37,5160.3,39.35,63,M,0
M-TEXT-076,Textile Spinning Motor,297.32,314.21,4326.4,49.17,109,M,0
M-TEXT-077,Textile Spinning Motor,302.31,312.97,3309.0,25.09,39,L,0
M-TEXT-078,Textile Spinning Motor,302.35,305.81,3401.0,30.75,128,M,0
M-TEXT-079,Textile Spinning Motor,303.86,312.64,2896.2,25.27,89,M,0
M-TEXT-080,Textile Spinning Motor,302.29,308.61,4223.5,33.67,74,M,0
M-TEXT-081,Textile Spinning Motor,302.24,313.67,2629.8,36.18,146,L,0
M-TEXT-082,Textile Spinning Motor,301.55,313.77,2774.7,28.59,176,L,0
M-TEXT-083,Textile Spinning Motor,298.12,310.85,3132.7,44.78,166,M,0
M-TEXT-084,Textile Spinning Motor,300.99,310.09,3405.9,46.26,49,M,0
M-TEXT-085,Textile Spinning Motor,300.66,313.24,3025.6,36.32,21,L,0
M-TEXT-086,Textile Spinning Motor,297.88,312.21,4606.6,16.75,56,M,0
M-TEXT-087,Textile Spinning Motor,303.09,309.81,5697.3,16.66,21,L,0
M-TEXT-088,Textile Spinning Motor,301.79,312.83,5705.3,49.46,39,H,0
M-TEXT-089,Textile Spinning Motor,297.51,313.18,3744.4,35.76,191,M,0
M-TEXT-090,Textile Spinning Motor,296.52,309.46,2736.3,31.76,63,H,0
M-TEXT-091,Textile Spinning Motor,302.51,314.69,5874.5,25.47,185,M,0
M-TEXT-092,Textile Spinning Motor,302.4,313.46,5931.0,20.31,173,L,0
M-TEXT-093,Textile Spinning Motor,298.3,308.93,3118.7,46.96,195,M,0
M-TEXT-094,Textile Spinning Motor,300.09,307.33,5263.6,15.29,112,L,0
M-TEXT-095,Textile Spinning Motor,300.95,311.35,2747.5,25.03,154,H,0
M-TEXT-096,Textile Spinning Motor,298.65,308.54,4245.5,27.68,110,M,0
M-TEXT-097,Textile Spinning Motor,297.03,306.8,5413.8,31.09,91,M,0
M-TEXT-098,Textile Spinning Motor,297.4,307.4,4304.3,27.56,115,H,0
M-TEXT-099,Textile Spinning Motor,297.25,308.84,3826.0,45.92,26,L,0
M-TEXT-100,Textile Spinning Motor,303.65,310.42,5015.7,47.73,70,M,0
M-TEXT-101,Textile Spinning Motor,296.89,310.64,3058.1,47.58,106,L,0
M-TEXT-102,Textile Spinning Motor,297.64,311.94,4766.6,28.99,199,M,0
M-TEXT-103,Textile Spinning Motor,297.59,314.77,4045.2,22.28,92,M,0
M-TEXT-104,Textile Spinning Motor,300.1,311.35,4816.5,19.32,82,L,0
M-TEXT-105,Textile Spinning Motor,301.2,305.88,3603.0,47.6,192,M,0
M-TEXT-106,Textile Spinning Motor,296.58,311.07,2542.7,38.14,166,M,0
M-TEXT-107,Textile Spinning Motor,296.03,311.67,5369.1,35.51,161,H,0
M-TEXT-108,Textile Spinning Motor,301.72,311.14,3658.6,38.99,149,M,0
M-TEXT-109,Textile Spinning Motor,297.46,307.96,5969.8,30.16,31,L,0
M-TEXT-110,Textile Spinning Motor,297.38,309.04,3473.0,48.74,95,L,0
M-TEXT-111,Textile Spinning Motor,300.79,305.43,3845.1,28.65,217,L,0
M-TEXT-112,Textile Spinning Motor,302.85,308.14,3651.7,33.05,146,L,0
M-TEXT-113,Textile Spinning Motor,302.57,313.73,2586.2,42.86,142,M,0
M-TEXT-114,Textile Spinning Motor,301.03,313.82,4408.5,20.68,107,L,0
M-TEXT-115,Textile Spinning Motor,302.52,307.03,4999.5,23.97,89,M,0
M-TEXT-116,Textile Spinning Motor,299.53,305.29,5209.0,44.62,126,H,0
M-TEXT-117,Textile Spinning Motor,297.98,306.26,3093.3,45.67,116,H,0
M-TEXT-118,Textile Spinning Motor,298.04,314.5,4282.4,33.05,125,H,0
M-TEXT-119,Textile Spinning Motor,303.76,305.84,4950.1,17.02,108,L,0
M-TEXT-120,Textile Spinning Motor,302.15,308.35,4429.7,20.78,211,L,0
M-TEXT-121,Textile Spinning Motor,298.99,308.18,3335.2,42.53,106,M,0
M-TEXT-122,Textile Spinning Motor,303.24,306.5,3423.4,27.07,71,M,0
M-TEXT-123,Textile Spinning Motor,300.81,305.55,3005.9,21.95,34,H,0
M-TEXT-124,Textile Spinning Motor,297.92,308.46,5269.6,22.63,154,H,0
M-TEXT-125,Textile Spinning Motor,301.27,312.95,4616.8,22.05,86,L,0
M-TEXT-126,Textile Spinning Motor,299.46,307.55,5764.4,37.31,181,H,0
M-TEXT-127,Textile Spinning Motor,298.71,309.59,4556.0,21.65,119,M,0
M-TEXT-128,Textile Spinning Motor,298.77,311.91,3863.8,31.43,46,M,0
M-TEXT-129,Textile Spinning Motor,297.79,313.29,4437.1,34.61,202,H,0
M-TEXT-130,Textile Spinning Motor,300.24,308.82,5882.1,42.74,171,M,0
M-TEXT-131,Textile Spinning Motor,297.9,305.29,4734.9,27.98,82,M,0
M-TEXT-132,Textile Spinning Motor,302.63,306.33,5715.3,16.2,39,L,0
M-TEXT-133,Textile Spinning Motor,299.94,314.39,4115.8,47.41,67,M,0
M-TEXT-134,Textile Spinning Motor,303.96,308.76,2505.1,17.24,191,M,0
M-TEXT-135,Textile Spinning Motor,300.29,312.99,5340.5,31.71,191,M,0
M-TEXT-136,Textile Spinning Motor,301.4,305.33,2983.0,44.8,82,M,0
M-TEXT-137,Textile Spinning Motor,301.3,310.93,2787.7,41.8,143,L,0
M-TEXT-138,Textile Spinning Motor,300.28,309.14,3799.7,15.15,27,H,0
M-TEXT-139,Textile Spinning Motor,303.44,313.81,4240.2,21.31,49,M,0
M-TEXT-140,Textile Spinning Motor,303.27,310.21,5314.1,32.74,141,M,0
M-TEXT-141,Textile Spinning Motor,296.25,309.45,5524.2,32.12,107,M,0
M-TEXT-142,Textile Spinning Motor,299.05,310.15,2973.7,48.88,26,M,0
M-TEXT-143,Textile Spinning Motor,297.68,305.58,4781.0,49.48,169,M,0
M-TEXT-144,Textile Spinning Motor,299.95,305.5,4360.8,18.48,178,H,0
M-TEXT-145,Textile Spinning Motor,296.07,313.62,5798.9,18.03,75,L,0
M-TEXT-146,Textile Spinning Motor,300.32,314.49,3862.1,15.12,23,M,0
M-TEXT-147,Textile Spinning Motor,302.02,312.91,5690.3,23.02,167,L,0
M-TEXT-148,Textile Spinning Motor,302.69,309.12,4690.9,34.3,139,M,0
M-TEXT-149,Textile Spinning Motor,301.47,312.1,3185.8,30.53,104,L,0
M-TEXT-150,Textile Spinning Motor,301.33,309.76,4783.9,24.2,66,M,0
M-TEXT-151,Textile Spinning Motor,296.24,311.91,5950.5,25.82,205,M,0
M-TEXT-152,Textile Spinning Motor,297.8,305.12,5033.1,39.38,65,M,0
M-TEXT-153,Textile Spinning Motor,303.18,306.57,5424.1,20.92,116,M,0
M-TEXT-154,Textile Spinning Motor,299.78,307.88,3386.8,40.66,75,M,0
M-TEXT-155,Textile Spinning Motor,302.77,313.37,3085.0,37.92,140,M,0
M-TEXT-156,Textile Spinning Motor,299.13,307.85,4379.7,43.13,195,L,0
M-TEXT-157,Textile Spinning Motor,299.87,314.58,4473.6,31.75,191,H,0
M-TEXT-158,Textile Spinning Motor,297.26,312.83,5547.0,17.55,172,M,0
M-TEXT-159,Textile Spinning Motor,301.63,306.35,5905.5,45.84,101,L,0
M-TEXT-160,Textile Spinning Motor,303.16,309.61,5814.1,49.19,63,H,0
M-TEXT-161,Textile Spinning Motor,298.65,309.89,2824.4,19.92,214,L,0
M-TEXT-162,Textile Spinning Motor,303.0,314.71,3823.5,39.08,56,M,0
M-TEXT-163,Textile Spinning Motor,297.68,306.6,2844.6,35.29,209,H,0
M-TEXT-164,Textile Spinning Motor,300.02,311.87,4235.5,46.91,53,H,0
M-TEXT-165,Textile Spinning Motor,299.06,310.55,3390.8,20.9,180,H,0
M-TEXT-166,Textile Spinning Motor,299.54,314.54,4644.5,32.42,92,M,0
M-TEXT-167,Textile Spinning Motor,301.87,313.23,4774.5,42.66,37,H,0
M-TEXT-168,Textile Spinning Motor,301.88,307.62,5571.9,33.75,115,L,0
M-TEXT-169,Textile Spinning Motor,301.93,312.04,4914.7,33.04,205,L,0
M-TEXT-170,Textile Spinning Motor,298.64,313.05,5618.9,36.64,131,M,0
M-TEXT-171,Textile Spinning Motor,297.3,305.87,5370.5,35.07,44,M,0
M-TEXT-172,Textile Spinning Motor,298.39,313.75,4275.3,35.21,67,L,0
M-TEXT-173,Textile Spinning Motor,303.44,312.92,4225.0,44.23,57,H,0
M-TEXT-174,Textile Spinning Motor,299.51,306.82,3407.1,35.48,100,L,0
M-TEXT-175,Textile Spinning Motor,297.8,314.97,3757.9,33.04,46,M,0
M-TEXT-176,Textile Spinning Motor,303.69,312.49,3354.2,30.49,105,H,0
M-TEXT-177,Textile Spinning Motor,303.09,308.81,4229.9,25.19,50,L,0
M-TEXT-178,Textile Spinning Motor,296.3,309.0,5057.4,25.81,109,M,0
M-TEXT-179,Textile Spinning Motor,303.96,312.58,5884.9,39.26,73,M,0
M-TEXT-180,Textile Spinning Motor,302.58,309.28,3795.8,48.08,22,M,0
M-TEXT-181,Textile Spinning Motor,302.2,312.36,3786.5,33.75,21,M,0
M-TEXT-182,Textile Spinning Motor,300.72,313.75,3237.6,43.88,163,M,0
M-TEXT-183,Textile Spinning Motor,299.16,308.67,4961.4,49.66,101,L,0
M-TEXT-184,Textile Spinning Motor,300.69,313.68,3260.2,41.68,186,L,0
M-TEXT-185,Textile Spinning Motor,302.28,308.04,4326.8,25.49,88,M,0
M-TEXT-186,Textile Spinning Motor,298.27,311.93,4775.9,22.15,158,M,0
M-TEXT-187,Textile Spinning Motor,297.61,312.47,3770.0,34.93,60,M,0
M-TEXT-188,Textile Spinning Motor,297.66,306.67,3852.9,42.65,55,H,0
M-TEXT-189,Textile Spinning Motor,296.25,309.16,3487.1,25.22,216,H,0
M-TEXT-190,Textile Spinning Motor,299.67,314.86,2607.2,39.38,94,L,0
M-TEXT-191,Textile Spinning Motor,303.3,308.87,3275.1,29.98,213,M,0
M-TEXT-192,Textile Spinning Motor,303.85,313.19,3436.1,42.69,29,M,0
M-TEXT-193,Textile Spinning Motor,298.86,309.27,4155.0,32.59,151,M,0
M-TEXT-194,Textile Spinning Motor,303.81,312.63,4907.3,28.74,43,H,0
M-TEXT-195,Textile Spinning Motor,299.82,311.68,4775.6,48.35,96,M,0
M-TEXT-196,Textile Spinning Motor,303.1,309.04,4172.1,47.3,130,L,0
M-TEXT-197,Textile Spinning Motor,303.48,310.71,2882.2,43.76,183,H,0
M-TEXT-198,Textile Spinning Motor,300.38,309.87,5465.1,24.61,105,M,0
M-TEXT-199,Textile Spinning Motor,300.14,314.55,5862.3,17.86,79,H,0
M-TEXT-200,Textile Spinning Motor,299.34,311.62,4149.5,17.35,59,H,0
M-TEXT-201,Textile Spinning Motor,300.09,311.78,3607.1,19.57,179,L,0
M-TEXT-202,Textile Spinning Motor,298.21,309.21,2786.8,22.97,173,M,0
M-TEXT-203,Textile Spinning Motor,300.84,314.46,5032.7,30.87,93,H,0
M-TEXT-204,Textile Spinning Motor,302.05,306.12,2714.9,18.67,68,M,0
M-TEXT-205,Textile Spinning Motor,302.89,314.93,5060.2,20.11,75,H,0
M-TEXT-206,Textile Spinning Motor,296.92,310.68,5673.5,38.95,180,M,0
M-TEXT-207,Textile Spinning Motor,299.8,314.37,5026.9,31.08,86,H,0
M-TEXT-208,Textile Spinning Motor,302.57,306.69,4302.6,37.3,168,H,0
M-TEXT-209,Textile Spinning Motor,296.09,312.06,4090.4,21.34,216,L,0
M-TEXT-210,Textile Spinning Motor,300.63,312.02,3042.6,48.68,219,M,0
M-TEXT-211,Textile Spinning Motor,301.35,312.04,4830.3,30.35,128,M,0
M-TEXT-212,Textile Spinning Motor,299.57,309.36,3508.5,42.53,101,M,0
M-TEXT-213,Textile Spinning Motor,297.25,309.75,5165.1,30.56,131,L,0
M-TEXT-214,Textile Spinning Motor,299.11,308.53,2800.1,35.38,161,M,0
M-TEXT-215,Textile Spinning Motor,298.27,307.62,3058.2,16.64,105,H,0
M-TEXT-216,Textile Spinning Motor,301.53,314.62,2757.2,46.25,151,L,0
M-TEXT-217,Textile Spinning Motor,297.24,314.06,5852.6,46.73,177,H,0
M-TEXT-218,Textile Spinning Motor,297.77,314.13,3303.0,27.17,30,M,0
M-TEXT-219,Textile Spinning Motor,300.51,314.62,5623.2,32.71,141,M,0
M-TEXT-220,Textile Spinning Motor,297.06,313.68,4423.4,29.89,33,M,0
M-TEXT-221,Textile Spinning Motor,299.2,307.54,5568.6,21.43,123,L,0
M-TEXT-222,Textile Spinning Motor,302.79,313.19,5638.2,19.98,208,H,0
M-TEXT-223,Textile Spinning Motor,298.05,305.84,5809.4,29.84,83,H,0
M-TEXT-224,Textile Spinning Motor,297.25,311.14,2664.8,35.8,174,M,0
M-TEXT-225,Textile Spinning Motor,302.61,307.65,2770.1,40.23,185,M,0
M-TEXT-226,Textile Spinning Motor,302.56,309.58,3194.8,31.6,63,M,0
M-TEXT-227,Textile Spinning Motor,297.18,306.86,5590.2,19.06,64,L,0
M-TEXT-228,Textile Spinning Motor,300.61,310.86,5457.4,33.35,64,M,0
M-TEXT-229,Textile Spinning Motor,302.04,313.72,3456.2,24.17,85,M,0
M-TEXT-230,Textile Spinning Motor,298.23,313.93,5923.0,38.77,214,M,0
M-TEXT-231,Textile Spinning Motor,302.52,311.78,3421.2,26.14,117,L,0
M-TEXT-232,Textile Spinning Motor,302.98,311.34,5025.5,24.23,168,M,0
M-TEXT-233,Textile Spinning Motor,297.78,314.5,4295.0,42.81,125,L,0
M-TEXT-234,Textile Spinning Motor,297.13,310.46,2588.0,21.91,76,M,0
M-TEXT-235,Textile Spinning Motor,302.56,309.67,4464.2,47.34,171,H,0
M-TEXT-236,Textile Spinning Motor,297.41,305.38,2741.7,26.86,165,M,0
M-TEXT-237,Textile Spinning Motor,299.14,308.94,4566.1,46.25,216,M,0
M-TEXT-238,Textile Spinning Motor,300.04,311.82,4838.1,33.34,167,M,0
M-TEXT-239,Textile Spinning Motor,303.97,305.49,4051.3,28.9,174,H,0
M-TEXT-240,Textile Spinning Motor,299.47,311.98,4611.2,34.08,106,L,0
M-TEXT-241,Textile Spinning Motor,301.17,313.75,5065.5,19.91,143,H,0
M-TEXT-242,Textile Spinning Motor,299.1,309.12,5492.1,21.31,148,H,0
M-TEXT-243,Textile Spinning Motor,303.59,310.29,4978.7,37.63,80,L,0
M-TEXT-244,Textile Spinning Motor,301.02,310.1,4349.3,46.17,31,M,0
M-TEXT-245,Textile Spinning Motor,302.73,305.38,4737.1,29.11,60,M,0
M-TEXT-246,Textile Spinning Motor,302.65,309.67,3013.6,25.72,216,H,0
M-TEXT-247,Textile Spinning Motor,297.29,314.9,5587.4,39.75,50,M,0
M-TEXT-248,Textile Spinning Motor,297.44,311.31,3896.0,16.67,78,L,0
M-TEXT-249,Textile Spinning Motor,302.37,311.43,2799.4,45.9,126,M,0
M-TEXT-250,Textile Spinning Motor,303.47,305.09,4445.6,42.69,32,M,0
M-TEXT-251,Textile Spinning Motor,303.82,307.12,4359.1,41.11,98,M,0
M-TEXT-252,Textile Spinning Motor,296.51,306.9,5582.1,43.64,80,M,0
M-TEXT-253,Textile Spinning Motor,299.52,308.46,4788.7,15.45,196,M,0
M-TEXT-254,Textile Spinning Motor,302.98,309.54,5217.2,43.9,80,M,0
M-TEXT-255,Textile Spinning Motor,300.86,309.76,4143.5,25.68,82,M,0
M-TEXT-256,Textile Spinning Motor,296.26,314.34,4774.9,30.52,32,M,0
M-TEXT-257,Textile Spinning Motor,296.14,311.8,2753.8,37.96,101,M,0
M-TEXT-258,Textile Spinning Motor,297.11,306.17,3366.0,29.4,70,H,0
M-TEXT-259,Textile Spinning Motor,298.6,312.06,4540.8,48.72,107,M,0
M-TEXT-260,Textile Spinning Motor,301.55,309.12,4664.1,48.12,119,M,0
M-TEXT-261,Textile Spinning Motor,302.2,312.56,4306.8,17.27,216,M,0
M-TEXT-262,Textile Spinning Motor,298.53,314.82,5552.5,26.56,81,L,0
M-TEXT-263,Textile Spinning Motor,298.67,307.51,5928.8,34.8,172,L,0
M-TEXT-264,Textile Spinning Motor,302.04,314.03,4252.7,41.37,179,L,0
M-TEXT-265,Textile Spinning Motor,301.7,313.93,2832.6,19.41,51,H,0
M-TEXT-266,Textile Spinning Motor,296.7,306.23,5985.7,24.53,115,L,0
M-TEXT-267,Textile Spinning Motor,296.95,308.17,3057.5,17.19,212,L,0
M-TEXT-268,Textile Spinning Motor,303.03,313.69,3041.0,42.47,165,L,0
M-TEXT-269,Textile Spinning Motor,297.75,309.14,3532.2,24.03,150,H,0
M-TEXT-270,Textile Spinning Motor,299.72,311.47,2956.1,23.99,213,L,0
M-TEXT-271,Textile Spinning Motor,301.42,313.56,2548.9,15.21,50,M,0
M-TEXT-272,Textile Spinning Motor,300.56,306.14,2753.0,43.99,112,L,0
M-TEXT-273,Textile Spinning Motor,297.83,311.47,5315.4,45.54,81,H,0
M-TEXT-274,Textile Spinning Motor,297.81,311.67,4328.2,35.96,24,M,0
M-TEXT-275,Textile Spinning Motor,298.48,313.64,5216.9,30.04,146,H,0
M-TEXT-276,Textile Spinning Motor,301.1,305.97,4999.1,35.08,80,M,0
M-TEXT-277,Textile Spinning Motor,296.72,308.23,5884.0,32.02,114,M,0
M-TEXT-278,Textile Spinning Motor,299.88,308.56,2988.3,37.06,169,L,0
M-TEXT-279,Textile Spinning Motor,296.02,305.67,5647.9,37.09,211,M,0
M-TEXT-280,Textile Spinning Motor,299.33,308.44,2999.9,28.25,22,M,0
M-TEXT-281,Textile Spinning Motor,302.78,308.21,2831.2,49.08,45,M,0
M-TEXT-282,Textile Spinning Motor,302.47,307.52,5445.2,34.5,86,L,0
M-TEXT-283,Textile Spinning Motor,300.98,311.15,4264.0,24.62,80,H,0
M-TEXT-284,Textile Spinning Motor,297.95,307.78,2705.5,18.86,74,M,0
M-TEXT-285,Textile Spinning Motor,297.47,310.22,4277.7,44.19,141,L,0
M-TEXT-286,Textile Spinning Motor,301.02,305.26,3835.2,39.47,115,M,0
M-TEXT-287,Textile Spinning Motor,301.37,307.86,5681.4,29.46,146,L,0
M-TEXT-288,Textile Spinning Motor,302.28,310.32,5507.9,34.62,108,L,0
M-TEXT-289,Textile Spinning Motor,296.22,309.07,3700.5,39.99,22,M,0
M-TEXT-290,Textile Spinning Motor,298.77,305.98,5931.2,22.43,89,M,0
M-TEXT-291,Textile Spinning Motor,301.3,312.83,5512.2,25.88,124,M,0
M-TEXT-292,Textile Spinning Motor,301.04,312.16,5194.0,18.41,53,L,0
M-TEXT-293,Textile Spinning Motor,299.81,309.27,4094.0,28.02,138,M,0
M-TEXT-294,Textile Spinning Motor,301.09,307.03,5151.9,42.36,135,M,0
M-TEXT-295,Textile Spinning Motor,296.12,306.22,2778.9,15.36,164,L,0
M-TEXT-296,Textile Spinning Motor,296.09,306.13,5512.4,39.1,100,L,0
M-TEXT-297,Textile Spinning Motor,300.59,311.7,4786.1,22.79,117,M,0
M-TEXT-298,Textile Spinning Motor,300.08,305.31,3836.9,28.03,78,H,0
M-TEXT-299,Textile Spinning Motor,302.17,309.2,5348.9,44.25,62,M,0
M-TEXT-300,Textile Spinning Motor,301.77,309.99,5492.7,35.0,145,L,0
M-TEXT-301,Textile Spinning Motor,296.98,310.84,2799.0,24.12,62,M,0
M-TEXT-302,Textile Spinning Motor,302.75,306.33,5189.4,20.01,57,L,0
M-TEXT-303,Textile Spinning Motor,296.08,306.97,3254.4,24.87,92,H,0
M-TEXT-304,Textile Spinning Motor,299.75,308.99,4687.3,45.36,79,M,0
M-TEXT-305,Textile Spinning Motor,298.97,305.4,5373.8,37.2,20,M,0
M-TEXT-306,Textile Spinning Motor,298.47,313.12,5162.5,28.87,51,M,0
M-TEXT-307,Textile Spinning Motor,302.48,309.52,2905.5,16.35,86,H,0
M-TEXT-308,Textile Spinning Motor,301.96,307.79,5571.1,36.61,98,M,0
M-TEXT-309,Textile Spinning Motor,298.36,306.41,5874.6,34.71,21,M,0
M-TEXT-310,Textile Spinning Motor,297.28,307.58,2695.0,23.58,156,L,0
M-TEXT-311,Textile Spinning Motor,298.78,310.22,2646.3,18.18,130,L,0
M-TEXT-312,Textile Spinning Motor,296.7,309.19,5896.5,40.86,59,M,0
M-TEXT-313,Textile Spinning Motor,303.58,307.21,4043.2,27.45,118,M,0
M-TEXT-314,Textile Spinning Motor,301.35,307.35,4607.4,27.52,70,M,0
M-TEXT-315,Textile Spinning Motor,303.72,313.69,2803.9,30.9,158,M,0
M-TEXT-316,Textile Spinning Motor,301.81,314.75,3698.0,41.98,38,L,0
M-TEXT-317,Textile Spinning Motor,302.23,310.21,5373.6,38.33,130,L,0
M-TEXT-318,Textile Spinning Motor,297.04,314.93,3040.5,31.81,66,M,0
M-TEXT-319,Textile Spinning Motor,301.05,305.35,5792.6,24.79,74,L,0
M-TEXT-320,Textile Spinning Motor,302.12,311.72,3012.3,41.94,92,L,0
M-TEXT-321,Textile Spinning Motor,301.37,313.36,5068.2,35.8,163,M,0
M-TEXT-322,Textile Spinning Motor,296.41,308.46,3607.5,39.99,135,M,0
M-TEXT-323,Textile Spinning Motor,302.78,310.25,3264.0,15.44,51,H,0
M-TEXT-324,Textile Spinning Motor,297.9,311.35,3030.0,17.87,214,L,0
M-TEXT-325,Textile Spinning Motor,301.1,306.09,5375.3,33.87,56,M,0
M-TEXT-326,Textile Spinning Motor,296.32,314.72,5390.9,24.13,103,M,0
M-TEXT-327,Textile Spinning Motor,302.89,308.55,2667.9,22.51,63,L,0
M-TEXT-328,Textile Spinning Motor,303.39,308.01,2509.7,33.09,179,M,0
M-TEXT-329,Textile Spinning Motor,299.51,306.73,3645.9,41.56,105,M,0
M-TEXT-330,Textile Spinning Motor,302.32,312.63,3155.0,29.53,189,M,0
M-TEXT-331,Textile Spinning Motor,301.29,308.06,2708.5,20.77,100,M,0
M-TEXT-332,Textile Spinning Motor,303.17,310.46,4695.0,39.1,126,L,0
M-TEXT-333,Textile Spinning Motor,302.26,308.51,2796.7,49.52,148,L,0
M-TEXT-334,Textile Spinning Motor,302.05,311.13,4148.2,49.46,165,L,0
M-TEXT-335,Textile Spinning Motor,299.52,314.05,5062.5,41.11,37,M,0
M-TEXT-336,Textile Spinning Motor,298.68,311.69,4488.7,18.89,125,M,0
M-TEXT-337,Textile Spinning Motor,302.21,310.03,4184.1,40.18,153,L,0
M-TEXT-338,Textile Spinning Motor,298.82,311.88,3085.4,43.16,177,L,0
M-TEXT-339,Textile Spinning Motor,296.95,314.88,5799.1,27.95,135,L,0
M-TEXT-340,Textile Spinning Motor,299.96,310.99,4611.4,37.72,135,M,0
M-TEXT-341,Textile Spinning Motor,300.32,313.71,5524.4,42.04,102,L,0
M-TEXT-342,Textile Spinning Motor,299.1,311.64,4486.0,25.5,110,L,0
M-TEXT-343,Textile Spinning Motor,303.3,307.05,4096.8,30.17,117,L,0
M-TEXT-344,Textile Spinning Motor,300.15,313.3,4823.8,18.75,159,M,0
M-TEXT-345,Textile Spinning Motor,302.07,305.74,3344.6,41.93,94,L,0
M-TEXT-346,Textile Spinning Motor,300.14,305.01,4945.9,32.97,83,H,0
M-TEXT-347,Textile Spinning Motor,297.59,306.62,4540.0,41.93,66,M,0
M-TEXT-348,Textile Spinning Motor,303.2,311.22,5214.8,22.15,34,M,0
M-TEXT-349,Textile Spinning Motor,301.67,311.86,5842.8,37.05,102,L,0
M-TEXT-350,Textile Spinning Motor,297.22,313.13,3780.8,20.39,52,L,0
M-TEXT-351,Textile Spinning Motor,300.99,306.74,3440.0,28.02,31,H,0
M-TEXT-352,Textile Spinning Motor,302.09,312.87,5958.8,17.37,197,M,0
M-TEXT-353,Textile Spinning Motor,298.62,306.27,5952.1,49.33,192,H,0
M-TEXT-354,Textile Spinning Motor,302.73,311.35,2950.7,24.16,157,L,0
M-TEXT-355,Textile Spinning Motor,302.78,310.44,4371.2,38.95,175,H,0
M-TEXT-356,Textile Spinning Motor,301.92,308.42,3843.2,17.72,137,H,0
M-TEXT-357,Textile Spinning Motor,303.31,311.21,5966.0,23.6,155,L,0
M-TEXT-358,Textile Spinning Motor,298.39,305.96,4718.9,27.81,74,L,0
M-TEXT-359,Textile Spinning Motor,302.03,309.85,2675.0,21.71,79,M,0
M-TEXT-360,Textile Spinning Motor,299.98,305.25,5801.7,34.0,23,L,0
M-TEXT-361,Textile Spinning Motor,296.57,312.21,4955.2,49.47,88,H,0
M-TEXT-362,Textile Spinning Motor,296.73,305.72,5336.2,40.15,215,M,0
M-TEXT-363,Textile Spinning Motor,302.42,305.93,5663.6,16.81,177,M,0
M-TEXT-364,Textile Spinning Motor,297.45,312.05,5635.6,41.74,82,M,0
M-TEXT-365,Textile Spinning Motor,297.51,313.24,2874.8,46.61,140,M,0
M-TEXT-366,Textile Spinning Motor,302.7,311.68,3564.8,27.23,54,M,0
M-TEXT-367,Textile Spinning Motor,296.88,311.53,3092.3,45.24,160,L,0
M-TEXT-368,Textile Spinning Motor,296.7,312.99,5582.8,16.56,219,M,0
M-TEXT-369,Textile Spinning Motor,297.69,309.15,2530.2,46.01,73,M,0
M-TEXT-370,Textile Spinning Motor,300.99,312.91,3375.7,40.1,43,L,0
M-TEXT-371,Textile Spinning Motor,303.35,305.85,2908.5,34.5,29,H,0
M-TEXT-372,Textile Spinning Motor,297.52,309.81,3369.7,31.64,124,L,0
M-TEXT-373,Textile Spinning Motor,303.57,310.04,3742.5,24.05,146,L,0
M-TEXT-374,Textile Spinning Motor,302.12,307.06,5626.6,40.74,45,L,0
M-TEXT-375,Textile Spinning Motor,298.31,309.91,3550.8,17.94,173,L,0
M-TEXT-376,Textile Spinning Motor,297.86,307.4,4004.9,43.4,35,L,0
M-TEXT-377,Textile Spinning Motor,303.38,310.62,2711.4,24.43,42,M,0
M-TEXT-378,Textile Spinning Motor,302.49,305.56,3493.4,33.09,194,M,0
M-TEXT-379,Textile Spinning Motor,302.23,310.84,4867.3,45.16,25,M,0
M-TEXT-380,Textile Spinning Motor,301.98,313.85,2964.4,26.95,35,L,0
M-TEXT-381,Textile Spinning Motor,302.86,309.84,2572.8,18.58,144,L,0
M-TEXT-382,Textile Spinning Motor,302.71,312.98,3962.9,49.48,184,M,0
M-TEXT-383,Textile Spinning Motor,301.99,309.33,4811.6,48.95,69,L,0
M-TEXT-384,Textile Spinning Motor,300.72,314.5,2970.6,40.19,27,M,0
M-TEXT-385,Textile Spinning Motor,298.57,309.32,5878.5,17.37,53,M,0
M-TEXT-386,Textile Spinning Motor,299.39,305.61,5879.0,34.59,182,L,0
M-TEXT-387,Textile Spinning Motor,301.29,314.04,5658.3,19.47,200,M,0
M-TEXT-388,Textile Spinning Motor,298.14,311.09,3483.2,31.77,183,H,0
M-TEXT-389,Textile Spinning Motor,297.46,314.57,4057.8,25.62,204,L,0
M-TEXT-390,Textile Spinning Motor,296.35,308.62,5694.9,21.29,135,M,0
M-TEXT-391,Textile Spinning Motor,301.89,306.58,4586.2,15.0,70,H,0
M-TEXT-392,Textile Spinning Motor,297.68,313.6,5701.8,41.43,138,M,0
M-TEXT-393,Textile Spinning Motor,298.2,308.1,5219.5,23.85,214,L,0
M-TEXT-394,Textile Spinning Motor,304.0,309.59,4562.6,24.81,140,L,0
M-TEXT-395,Textile Spinning Motor,296.24,307.89,3484.5,49.38,46,L,0
M-TEXT-396,Textile Spinning Motor,298.2,313.61,4207.1,23.48,161,L,0
M-TEXT-397,Textile Spinning Motor,299.76,312.14,3135.5,47.82,39,M,0
M-TEXT-398,Textile Spinning Motor,298.31,306.53,3923.4,31.02,123,H,0
M-TEXT-399,Textile Spinning Motor,297.75,313.08,5337.1,26.55,112,H,0
M-TEXT-400,Textile Spinning Motor,302.58,314.57,3519.7,42.37,90,H,0
M-TEXT-F1-001,Textile Spinning Motor,310.8,325.34,5154.5,41.21,167,M,1
M-TEXT-F1-002,Textile Spinning Motor,309.86,325.21,3539.3,37.32,149,H,1
M-TEXT-F1-003,Textile Spinning Motor,313.85,328.89,5230.4,49.96,98,H,1
M-TEXT-F1-004,Textile Spinning Motor,312.32,331.32,3068.4,15.84,41,M,1
M-TEXT-F1-005,Textile Spinning Motor,313.39,320.03,5313.3,44.92,146,H,1
M-TEXT-F1-006,Textile Spinning Motor,311.43,332.4,2921.3,16.11,156,M,1
M-TEXT-F1-007,Textile Spinning Motor,311.17,332.54,5194.2,28.91,87,H,1
M-TEXT-F1-008,Textile Spinning Motor,308.43,325.79,3413.8,47.06,21,M,1
M-TEXT-F1-009,Textile Spinning Motor,312.17,329.52,4753.1,29.36,163,M,1
M-TEXT-F1-010,Textile Spinning Motor,312.0,332.05,2949.3,48.15,141,M,1
M-TEXT-F1-011,Textile Spinning Motor,308.99,331.76,2654.2,30.11,138,L,1
M-TEXT-F1-012,Textile Spinning Motor,307.62,320.62,5310.0,29.77,42,H,1
M-TEXT-F1-013,Textile Spinning Motor,311.13,327.58,5489.0,16.1,155,L,1
M-TEXT-F1-014,Textile Spinning Motor,309.57,321.0,5813.6,17.52,112,M,1
M-TEXT-F1-015,Textile Spinning Motor,312.68,326.53,4141.9,45.82,170,M,1
M-TEXT-F1-016,Textile Spinning Motor,309.64,330.8,5408.8,26.18,109,H,1
M-TEXT-F1-017,Textile Spinning Motor,311.08,330.84,3156.3,26.31,90,L,1
M-TEXT-F1-018,Textile Spinning Motor,311.85,324.12,3350.6,39.35,94,M,1
M-TEXT-F1-019,Textile Spinning Motor,311.19,327.26,4645.8,46.06,155,H,1
M-TEXT-F1-020,Textile Spinning Motor,310.69,325.71,3499.3,37.09,99,L,1
M-TEXT-F2-001,Textile Spinning Motor,298.03,313.84,2574.8,86.74,162,M,1
M-TEXT-F2-002,Textile Spinning Motor,303.79,309.74,3961.0,79.62,26,L,1
M-TEXT-F2-003,Textile Spinning Motor,300.06,320.58,3668.5,94.86,53,H,1
M-TEXT-F2-004,Textile Spinning Motor,307.78,312.9,4342.5,74.67,119,M,1
M-TEXT-F2-005,Textile Spinning Motor,304.78,309.3,4925.0,78.06,100,M,1
M-TEXT-F2-006,Textile Spinning Motor,307.88,321.83,3403.0,87.95,88,L,1
M-TEXT-F2-007,Textile Spinning Motor,297.34,314.69,3746.5,86.69,48,M,1
M-TEXT-F2-008,Textile Spinning Motor,304.96,310.23,3083.3,86.98,156,L,1
M-TEXT-F2-009,Textile Spinning Motor,302.8,310.58,4899.0,66.53,80,H,1
M-TEXT-F2-010,Textile Spinning Motor,304.81,317.06,5132.1,67.01,147,M,1
M-TEXT-F2-011,Textile Spinning Motor,301.03,319.3,4792.2,76.81,56,L,1
M-TEXT-F2-012,Textile Spinning Motor,300.44,324.97,4725.2,84.85,21,M,1
M-TEXT-F2-013,Textile Spinning Motor,302.53,315.02,2934.9,74.44,31,M,1
M-TEXT-F2-014,Textile Spinning Motor,297.92,321.04,4446.4,93.05,79,L,1
M-TEXT-F2-015,Textile Spinning Motor,303.46,319.34,4087.6,87.82,26,H,1
M-TEXT-F2-016,Textile Spinning Motor,298.06,313.62,4214.3,83.48,131,M,1
M-TEXT-F2-017,Textile Spinning Motor,304.15,310.88,2528.9,85.08,131,M,1
M-TEXT-F2-018,Textile Spinning Motor,299.85,323.84,5039.5,79.26,174,M,1
M-TEXT-F2-019,Textile Spinning Motor,302.4,323.85,3840.2,77.81,32,M,1
M-TEXT-F2-020,Textile Spinning Motor,298.74,318.04,3423.6,65.0,99,M,1
M-TEXT-F3-001,Textile Spinning Motor,301.89,313.38,8645.9,62.81,126,H,1
M-TEXT-F3-002,Textile Spinning Motor,301.07,309.06,8558.6,60.93,39,M,1
M-TEXT-F3-003,Textile Spinning Motor,298.47,314.6,10030.6,67.88,160,L,1
M-TEXT-F3-004,Textile Spinning Motor,298.77,311.04,7861.0,68.74,26,L,1
M-TEXT-F3-005,Textile Spinning Motor,300.67,305.58,9815.3,72.55,153,L,1
M-TEXT-F3-006,Textile Spinning Motor,301.42,308.97,7609.0,60.78,74,M,1
M-TEXT-F3-007,Textile Spinning Motor,300.52,307.08,7769.0,69.34,21,H,1
M-TEXT-F3-008,Textile Spinning Motor,299.48,306.49,10079.4,68.4,87,H,1
M-TEXT-F3-009,Textile Spinning Motor,299.08,311.51,10106.4,64.45,128,H,1
M-TEXT-F3-010,Textile Spinning Motor,300.99,307.39,7794.4,65.18,53,L,1
M-TEXT-F3-011,Textile Spinning Motor,303.5,308.94,8167.4,58.52,80,M,1
M-TEXT-F3-012,Textile Spinning Motor,298.98,311.23,9187.3,56.96,128,L,1
M-TEXT-F3-013,Textile Spinning Motor,296.21,310.51,9011.6,69.2,80,L,1
M-TEXT-F3-014,Textile Spinning Motor,300.32,309.09,9357.8,73.55,146,L,1
M-TEXT-F3-015,Textile Spinning Motor,298.13,306.19,8803.0,55.89,125,M,1
M-TEXT-F3-016,Textile Spinning Motor,299.63,311.56,8649.3,59.72,157,L,1
M-TEXT-F3-017,Textile Spinning Motor,300.81,311.99,8446.0,62.52,44,L,1
M-TEXT-F3-018,Textile Spinning Motor,299.05,311.92,8099.8,70.92,36,M,1
M-TEXT-F3-019,Textile Spinning Motor,302.46,311.6,9288.3,65.52,107,H,1
M-TEXT-F3-020,Textile Spinning Motor,298.01,312.22,10036.3,65.84,133,M,1
M-TEXT-F4-001,Textile Spinning Motor,304.0,312.95,4696.8,21.51,262,M,1
M-TEXT-F4-002,Textile Spinning Motor,302.83,309.46,4373.5,58.47,297,L,1
M-TEXT-F4-003,Textile Spinning Motor,297.14,305.23,2939.4,48.7,265,H,1
M-TEXT-F4-004,Textile Spinning Motor,301.91,306.95,4561.7,48.76,280,L,1
M-TEXT-F4-005,Textile Spinning Motor,299.47,308.12,3204.2,38.41,298,L,1
M-TEXT-F4-006,Textile Spinning Motor,303.78,310.31,4618.4,41.8,269,H,1
M-TEXT-F4-007,Textile Spinning Motor,296.52,309.37,3151.6,55.07,292,M,1
M-TEXT-F4-008,Textile Spinning Motor,296.38,311.22,4673.7,35.61,284,L,1
M-TEXT-F4-009,Textile Spinning Motor,302.06,309.73,3418.0,37.29,305,L,1
M-TEXT-F4-010,Textile Spinning Motor,296.22,312.83,3097.0,41.34,295,M,1
M-TEXT-F4-011,Textile Spinning Motor,299.23,308.21,3567.9,52.93,296,L,1
M-TEXT-F4-012,Textile Spinning Motor,298.26,312.99,2628.2,25.48,273,M,1
M-TEXT-F4-013,Textile Spinning Motor,296.9,305.42,4639.1,30.14,236,M,1
M-TEXT-F4-014,Textile Spinning Motor,298.45,310.77,5754.3,29.89,309,H,1
M-TEXT-F4-015,Textile Spinning Motor,296.71,312.13,5120.2,34.89,256,L,1
M-TEXT-F4-016,Textile Spinning Motor,303.65,314.9,4720.6,48.69,296,L,1
M-TEXT-F4-017,Textile Spinning Motor,303.95,313.1,4819.0,32.87,279,L,1
M-TEXT-F4-018,Textile Spinning Motor,298.44,305.31,3645.1,58.27,294,H,1
M-TEXT-F4-019,Textile Spinning Motor,296.1,311.69,4526.5,20.11,307,M,1
M-TEXT-F4-020,Textile Spinning Motor,301.21,313.54,3679.7,40.78,278,L,1
M-TEXT-F5-001,Textile Spinning Motor,305.66,325.07,7635.3,76.52,271,H,1
M-TEXT-F5-002,Textile Spinning Motor,306.28,320.45,7431.1,77.87,230,M,1
M-TEXT-F5-003,Textile Spinning Motor,309.42,326.41,7783.1,76.17,246,M,1
M-TEXT-F5-004,Textile Spinning Motor,305.25,323.03,7420.5,65.87,235,M,1
M-TEXT-F5-005,Textile Spinning Motor,306.02,326.55,8339.6,57.58,238,L,1
M-TEXT-F5-006,Textile Spinning Motor,305.19,326.55,7284.1,69.62,268,M,1
M-TEXT-F5-007,Textile Spinning Motor,305.5,325.48,8372.3,72.32,271,L,1
M-TEXT-F5-008,Textile Spinning Motor,306.14,321.8,6994.2,58.89,266,H,1
M-TEXT-F5-009,Textile Spinning Motor,305.46,321.86,6709.0,61.54,233,L,1
M-TEXT-F5-010,Textile Spinning Motor,308.9,325.88,8163.0,78.75,239,L,1
M-TEXT-F5-011,Textile Spinning Motor,307.63,320.33,7780.4,64.86,232,H,1
M-TEXT-F5-012,Textile Spinning Motor,307.12,325.61,7159.8,74.74,232,M,1
M-TEXT-F5-013,Textile Spinning Motor,305.64,325.91,8342.3,64.83,279,L,1
M-TEXT-F5-014,Textile Spinning Motor,305.01,322.88,8101.4,69.51,257,M,1
M-TEXT-F5-015,Textile Spinning Motor,306.98,319.22,7719.1,74.75,269,M,1
M-TEXT-F5-016,Textile Spinning Motor,306.71,319.18,8212.4,67.15,260,H,1
M-TEXT-F5-017,Textile Spinning Motor,305.71,319.69,8037.8,72.05,261,L,1
M-TEXT-F5-018,Textile Spinning Motor,305.79,320.36,6941.0,67.03,273,L,1
M-TEXT-F5-019,Textile Spinning Motor,307.95,324.27,8216.0,71.54,241,L,1
M-TEXT-F5-020,Textile Spinning Motor,308.85,324.08,7092.4,66.5,253,H,1
M-HVAC-001,HVAC Compressor,300.07,310.74,2099.0,38.3,219,M,0
M-HVAC-002,HVAC Compressor,300.2,308.56,1546.9,80.06,43,M,0
M-HVAC-003,HVAC Compressor,296.02,315.91,2498.4,95.21,123,L,0
M-HVAC-004,HVAC Compressor,303.22,313.03,2774.5,76.62,41,L,0
M-HVAC-005,HVAC Compressor,297.59,316.0,2039.5,75.64,159,M,0
M-HVAC-006,HVAC Compressor,299.17,310.46,1426.8,88.63,177,M,0
M-HVAC-007,HVAC Compressor,296.86,315.65,1730.0,85.56,40,M,0
M-HVAC-008,HVAC Compressor,301.32,324.76,1361.3,42.41,227,M,0
M-HVAC-009,HVAC Compressor,302.69,321.32,1766.2,48.93,77,L,0
M-HVAC-010,HVAC Compressor,303.56,319.89,1994.2,52.07,109,L,0
M-HVAC-011,HVAC Compressor,303.77,313.5,1790.3,85.7,109,M,0
M-HVAC-012,HVAC Compressor,299.8,312.12,1539.9,44.07,22,M,0
M-HVAC-013,HVAC Compressor,297.54,312.39,1336.4,57.2,129,L,0
M-HVAC-014,HVAC Compressor,299.12,308.53,1852.3,88.12,91,M,0
M-HVAC-015,HVAC Compressor,304.27,313.05,2946.5,89.12,163,M,0
M-HVAC-016,HVAC Compressor,298.02,320.42,1824.8,66.57,41,M,0
M-HVAC-017,HVAC Compressor,300.76,315.96,1818.3,65.68,176,M,0
M-HVAC-018,HVAC Compressor,300.56,319.92,2714.9,69.25,219,M,0
M-HVAC-019,HVAC Compressor,298.27,319.78,1516.3,93.5,101,M,0
M-HVAC-020,HVAC Compressor,301.13,308.92,2476.3,86.35,226,M,0
M-HVAC-021,HVAC Compressor,300.53,322.87,1684.6,47.29,47,L,0
M-HVAC-022,HVAC Compressor,298.43,320.88,2009.4,50.64,211,M,0
M-HVAC-023,HVAC Compressor,301.09,311.78,1783.5,83.6,92,M,0
M-HVAC-024,HVAC Compressor,297.03,322.45,2527.6,84.45,57,M,0
M-HVAC-025,HVAC Compressor,296.25,313.36,1826.4,94.39,228,M,0
M-HVAC-026,HVAC Compressor,300.65,315.48,1232.9,87.01,161,M,0
M-HVAC-027,HVAC Compressor,303.28,323.78,1901.2,62.72,224,M,0
M-HVAC-028,HVAC Compressor,303.66,311.77,1770.7,60.45,86,L,0
M-HVAC-029,HVAC Compressor,300.6,324.21,1778.4,37.42,48,M,0
M-HVAC-030,HVAC Compressor,301.76,311.08,1886.7,86.7,46,H,0
M-HVAC-031,HVAC Compressor,300.86,319.87,2839.7,78.03,218,M,0
M-HVAC-032,HVAC Compressor,299.08,322.27,2659.9,78.22,126,H,0
M-HVAC-033,HVAC Compressor,298.52,310.69,1292.1,85.45,47,M,0
M-HVAC-034,HVAC Compressor,304.8,314.96,1454.7,79.83,190,M,0
M-HVAC-035,HVAC Compressor,303.28,312.62,2447.6,43.11,109,M,0
M-HVAC-036,HVAC Compressor,302.53,319.05,2736.0,46.98,158,H,0
M-HVAC-037,HVAC Compressor,300.3,316.92,1249.1,39.57,196,M,0
M-HVAC-038,HVAC Compressor,299.12,318.89,1597.3,47.54,108,H,0
M-HVAC-039,HVAC Compressor,304.25,323.98,2006.8,48.6,118,H,0
M-HVAC-040,HVAC Compressor,299.58,309.25,2471.1,52.92,129,H,0
M-HVAC-041,HVAC Compressor,300.72,308.06,2865.3,67.58,41,M,0
M-HVAC-042,HVAC Compressor,296.41,317.03,1420.2,65.75,84,L,0
M-HVAC-043,HVAC Compressor,300.34,322.42,2894.4,98.02,74,L,0
M-HVAC-044,HVAC Compressor,299.94,315.24,2762.8,44.47,120,M,0
M-HVAC-045,HVAC Compressor,296.6,322.7,1765.8,77.69,214,L,0
M-HVAC-046,HVAC Compressor,303.97,309.18,2086.9,71.71,164,H,0
M-HVAC-047,HVAC Compressor,301.91,310.48,1321.7,65.51,146,L,0
M-HVAC-048,HVAC Compressor,302.29,318.05,1586.2,44.88,147,M,0
M-HVAC-049,HVAC Compressor,302.36,309.95,1811.3,85.25,194,M,0
M-HVAC-050,HVAC Compressor,297.86,324.29,2569.9,87.46,66,M,0
M-HVAC-051,HVAC Compressor,296.61,309.86,1597.7,54.71,229,M,0
M-HVAC-052,HVAC Compressor,302.28,323.38,1642.9,44.41,71,L,0
M-HVAC-053,HVAC Compressor,301.99,315.67,2676.5,50.39,70,M,0
M-HVAC-054,HVAC Compressor,303.11,312.41,1578.1,65.81,48,L,0
M-HVAC-055,HVAC Compressor,301.2,316.71,2770.1,82.62,51,M,0
M-HVAC-056,HVAC Compressor,298.89,321.64,2494.3,65.68,192,M,0
M-HVAC-057,HVAC Compressor,303.23,308.55,1442.3,84.14,44,M,0
M-HVAC-058,HVAC Compressor,302.51,319.26,2672.8,68.26,208,M,0
M-HVAC-059,HVAC Compressor,300.57,316.66,2841.7,50.84,165,M,0
M-HVAC-060,HVAC Compressor,296.83,324.21,1433.5,79.6,109,L,0
M-HVAC-061,HVAC Compressor,302.96,310.44,2042.1,36.79,110,L,0
M-HVAC-062,HVAC Compressor,298.09,321.77,1295.7,37.25,25,M,0
M-HVAC-063,HVAC Compressor,300.2,309.83,2994.1,99.97,129,M,0
M-HVAC-064,HVAC Compressor,304.34,321.09,1502.3,86.51,68,M,0
M-HVAC-065,HVAC Compressor,300.79,320.19,1470.3,39.95,201,L,0
M-HVAC-066,HVAC Compressor,300.71,319.26,2494.7,65.97,74,M,0
M-HVAC-067,HVAC Compressor,304.56,322.24,2038.0,49.66,206,M,0
M-HVAC-068,HVAC Compressor,299.64,309.9,2553.2,55.6,147,M,0
M-HVAC-069,HVAC Compressor,302.3,317.14,2334.7,40.3,159,H,0
M-HVAC-070,HVAC Compressor,299.53,316.71,2436.4,83.26,168,H,0
M-HVAC-071,HVAC Compressor,299.48,312.77,1917.2,77.05,60,M,0
M-HVAC-072,HVAC Compressor,303.96,320.43,2505.7,90.17,103,L,0
M-HVAC-073,HVAC Compressor,296.53,308.96,1797.2,47.8,128,H,0
M-HVAC-074,HVAC Compressor,304.78,322.47,2968.6,87.5,219,M,0
M-HVAC-075,HVAC Compressor,300.48,312.08,2344.5,86.23,124,M,0
M-HVAC-076,HVAC Compressor,300.57,309.07,2498.0,64.35,208,L,0
M-HVAC-077,HVAC Compressor,297.13,324.93,2945.7,75.76,193,H,0
M-HVAC-078,HVAC Compressor,304.73,315.76,2837.5,60.03,185,M,0
M-HVAC-079,HVAC Compressor,299.26,324.1,2458.4,89.61,134,L,0
M-HVAC-080,HVAC Compressor,302.66,309.23,2580.4,36.22,194,M,0
M-HVAC-081,HVAC Compressor,301.38,320.74,2346.5,78.7,207,M,0
M-HVAC-082,HVAC Compressor,300.92,310.97,2041.6,44.75,153,M,0
M-HVAC-083,HVAC Compressor,303.73,313.84,1716.3,66.93,56,M,0
M-HVAC-084,HVAC Compressor,303.05,316.45,1571.4,37.05,117,L,0
M-HVAC-085,HVAC Compressor,299.16,312.22,1913.5,97.34,108,M,0
M-HVAC-086,HVAC Compressor,301.12,321.78,1240.2,71.28,195,M,0
M-HVAC-087,HVAC Compressor,304.3,317.82,2130.1,97.64,47,L,0
M-HVAC-088,HVAC Compressor,303.37,316.31,1211.7,69.08,52,M,0
M-HVAC-089,HVAC Compressor,302.65,317.03,2335.4,41.76,40,L,0
M-HVAC-090,HVAC Compressor,296.44,312.83,2887.9,64.83,161,M,0
M-HVAC-091,HVAC Compressor,298.43,316.65,2348.6,97.43,140,H,0
M-HVAC-092,HVAC Compressor,299.3,312.15,1657.9,67.85,86,M,0
M-HVAC-093,HVAC Compressor,304.71,317.93,1671.2,52.93,190,L,0
M-HVAC-094,HVAC Compressor,302.11,315.33,2576.2,95.93,54,L,0
M-HVAC-095,HVAC Compressor,303.64,314.23,1725.2,71.75,77,H,0
M-HVAC-096,HVAC Compressor,304.58,316.35,2050.1,43.2,125,L,0
M-HVAC-097,HVAC Compressor,298.23,314.27,1522.0,58.08,200,M,0
M-HVAC-098,HVAC Compressor,296.27,317.12,2243.1,56.38,154,H,0
M-HVAC-099,HVAC Compressor,299.07,310.46,1613.7,59.86,123,H,0
M-HVAC-100,HVAC Compressor,296.91,319.46,1927.4,46.47,69,L,0
M-HVAC-101,HVAC Compressor,296.47,316.65,1848.6,87.72,185,M,0
M-HVAC-102,HVAC Compressor,299.46,318.73,2351.7,56.59,204,L,0
M-HVAC-103,HVAC Compressor,298.83,321.62,2101.6,65.14,101,M,0
M-HVAC-104,HVAC Compressor,304.28,320.59,1993.3,83.85,170,M,0
M-HVAC-105,HVAC Compressor,297.59,322.22,2660.5,99.8,24,M,0
M-HVAC-106,HVAC Compressor,302.31,317.9,2478.8,43.92,20,H,0
M-HVAC-107,HVAC Compressor,299.42,313.59,2773.2,40.43,112,L,0
M-HVAC-108,HVAC Compressor,300.53,310.25,1724.3,75.74,22,L,0
M-HVAC-109,HVAC Compressor,301.1,319.97,2098.1,97.27,143,M,0
M-HVAC-110,HVAC Compressor,303.75,322.65,1250.7,53.41,71,H,0
M-HVAC-111,HVAC Compressor,303.89,313.39,1824.5,41.48,227,L,0
M-HVAC-112,HVAC Compressor,301.15,321.12,2598.8,77.69,56,L,0
M-HVAC-113,HVAC Compressor,301.13,320.31,2178.2,97.16,151,M,0
M-HVAC-114,HVAC Compressor,303.59,314.45,1768.4,67.71,142,M,0
M-HVAC-115,HVAC Compressor,302.14,321.64,2239.2,68.99,81,L,0
M-HVAC-116,HVAC Compressor,302.79,316.16,2386.4,56.9,32,M,0
M-HVAC-117,HVAC Compressor,296.72,316.64,2319.7,59.73,131,H,0
M-HVAC-118,HVAC Compressor,302.93,308.56,2342.0,63.17,58,M,0
M-HVAC-119,HVAC Compressor,303.03,315.03,1861.9,44.26,144,L,0
M-HVAC-120,HVAC Compressor,301.05,310.81,2390.2,36.96,195,L,0
M-HVAC-121,HVAC Compressor,301.37,322.99,1352.1,49.84,86,L,0
M-HVAC-122,HVAC Compressor,300.36,313.92,1484.5,87.69,24,M,0
M-HVAC-123,HVAC Compressor,298.18,310.19,1509.7,67.1,109,M,0
M-HVAC-124,HVAC Compressor,302.55,323.17,1413.2,40.37,87,M,0
M-HVAC-125,HVAC Compressor,296.9,320.17,2201.0,83.65,95,M,0
M-HVAC-126,HVAC Compressor,303.27,312.54,1886.6,35.88,136,L,0
M-HVAC-127,HVAC Compressor,296.25,318.43,2721.8,67.11,85,L,0
M-HVAC-128,HVAC Compressor,296.58,311.58,2793.4,54.32,192,M,0
M-HVAC-129,HVAC Compressor,303.31,319.66,2043.3,68.99,57,H,0
M-HVAC-130,HVAC Compressor,302.45,322.43,2499.5,94.34,206,L,0
M-HVAC-131,HVAC Compressor,304.08,310.84,2516.4,83.99,52,L,0
M-HVAC-132,HVAC Compressor,296.08,315.39,1238.7,69.02,106,M,0
M-HVAC-133,HVAC Compressor,302.9,321.07,2500.0,41.62,107,L,0
M-HVAC-134,HVAC Compressor,301.89,319.58,1608.5,56.13,220,L,0
M-HVAC-135,HVAC Compressor,297.48,317.26,2082.9,63.84,118,M,0
M-HVAC-136,HVAC Compressor,304.7,322.88,2775.2,80.72,23,M,0
M-HVAC-137,HVAC Compressor,300.6,322.32,2861.1,64.35,83,M,0
M-HVAC-138,HVAC Compressor,301.21,312.67,2839.3,62.21,227,H,0
M-HVAC-139,HVAC Compressor,297.69,316.7,2762.9,58.01,195,M,0
M-HVAC-140,HVAC Compressor,303.68,312.72,2049.4,53.12,65,M,0
M-HVAC-141,HVAC Compressor,299.01,321.38,2545.7,58.31,228,L,0
M-HVAC-142,HVAC Compressor,304.26,317.97,1942.2,55.35,23,M,0
M-HVAC-143,HVAC Compressor,300.98,318.71,2236.7,43.95,166,M,0
M-HVAC-144,HVAC Compressor,300.65,314.22,1239.6,91.98,51,M,0
M-HVAC-145,HVAC Compressor,303.95,311.76,1941.6,59.55,38,M,0
M-HVAC-146,HVAC Compressor,300.32,308.45,2078.7,41.1,207,M,0
M-HVAC-147,HVAC Compressor,296.51,322.06,1850.9,49.67,73,M,0
M-HVAC-148,HVAC Compressor,296.73,309.0,2329.5,98.82,121,M,0
M-HVAC-149,HVAC Compressor,304.52,312.1,1633.0,93.83,155,H,0
M-HVAC-150,HVAC Compressor,302.07,321.94,1693.1,59.89,61,M,0
M-HVAC-151,HVAC Compressor,301.98,309.17,2419.9,77.8,27,M,0
M-HVAC-152,HVAC Compressor,301.53,315.31,2822.4,56.34,34,M,0
M-HVAC-153,HVAC Compressor,301.45,324.81,1616.4,60.71,116,L,0
M-HVAC-154,HVAC Compressor,299.73,321.13,1482.5,61.64,52,L,0
M-HVAC-155,HVAC Compressor,297.6,315.12,1348.1,94.89,151,L,0
M-HVAC-156,HVAC Compressor,296.38,310.97,1884.1,75.39,89,L,0
M-HVAC-157,HVAC Compressor,297.49,318.21,1916.3,68.04,139,H,0
M-HVAC-158,HVAC Compressor,304.32,321.36,1996.4,70.59,26,M,0
M-HVAC-159,HVAC Compressor,299.84,314.37,2667.6,46.83,57,M,0
M-HVAC-160,HVAC Compressor,302.18,308.38,2182.5,54.42,178,M,0
M-HVAC-161,HVAC Compressor,303.51,314.75,2688.8,81.57,193,L,0
M-HVAC-162,HVAC Compressor,300.38,314.26,2577.3,58.5,38,L,0
M-HVAC-163,HVAC Compressor,299.57,310.25,2363.7,92.84,200,M,0
M-HVAC-164,HVAC Compressor,296.79,319.84,2295.9,48.66,209,H,0
M-HVAC-165,HVAC Compressor,299.36,309.61,2841.5,37.3,109,L,0
M-HVAC-166,HVAC Compressor,298.26,309.79,1428.6,61.32,110,L,0
M-HVAC-167,HVAC Compressor,298.14,319.93,2998.2,91.18,153,L,0
M-HVAC-168,HVAC Compressor,304.92,317.69,1692.5,94.47,197,H,0
M-HVAC-169,HVAC Compressor,304.43,314.23,1779.8,57.31,87,M,0
M-HVAC-170,HVAC Compressor,301.22,315.24,1942.6,82.93,20,L,0
M-HVAC-171,HVAC Compressor,302.43,320.02,1959.5,97.78,20,H,0
M-HVAC-172,HVAC Compressor,303.24,320.56,1688.4,73.66,131,M,0
M-HVAC-173,HVAC Compressor,301.36,324.89,2977.2,98.81,135,M,0
M-HVAC-174,HVAC Compressor,301.04,318.59,1760.6,76.13,150,L,0
M-HVAC-175,HVAC Compressor,298.14,319.86,2011.4,43.44,86,H,0
M-HVAC-176,HVAC Compressor,298.87,309.17,2865.8,41.61,191,L,0
M-HVAC-177,HVAC Compressor,300.21,308.92,2272.4,50.26,57,M,0
M-HVAC-178,HVAC Compressor,299.21,320.42,2264.3,88.91,32,M,0
M-HVAC-179,HVAC Compressor,301.1,322.97,2664.2,79.17,140,M,0
M-HVAC-180,HVAC Compressor,297.92,318.12,2088.8,59.99,206,L,0
M-HVAC-181,HVAC Compressor,296.69,324.76,1614.0,49.0,218,M,0
M-HVAC-182,HVAC Compressor,303.25,312.9,2771.7,89.1,129,L,0
M-HVAC-183,HVAC Compressor,304.68,315.68,2089.6,81.98,101,L,0
M-HVAC-184,HVAC Compressor,296.36,314.86,2484.9,62.91,74,M,0
M-HVAC-185,HVAC Compressor,303.93,317.3,1803.2,78.65,148,M,0
M-HVAC-186,HVAC Compressor,299.52,309.23,2317.3,62.29,110,M,0
M-HVAC-187,HVAC Compressor,298.24,321.39,2062.9,42.1,29,M,0
M-HVAC-188,HVAC Compressor,300.39,318.49,1458.6,63.2,35,H,0
M-HVAC-189,HVAC Compressor,303.77,319.19,2606.0,46.82,87,M,0
M-HVAC-190,HVAC Compressor,301.92,317.09,2192.6,45.2,119,L,0
M-HVAC-191,HVAC Compressor,300.59,311.4,1944.1,84.06,48,M,0
M-HVAC-192,HVAC Compressor,304.69,314.47,1278.6,76.15,29,H,0
M-HVAC-193,HVAC Compressor,296.44,310.9,2738.9,82.77,91,L,0
M-HVAC-194,HVAC Compressor,301.99,315.61,1323.0,82.5,98,M,0
M-HVAC-195,HVAC Compressor,298.59,308.13,2536.8,44.45,129,H,0
M-HVAC-196,HVAC Compressor,301.65,314.28,2335.3,40.84,75,H,0
M-HVAC-197,HVAC Compressor,301.81,309.85,2310.8,43.75,218,M,0
M-HVAC-198,HVAC Compressor,297.14,308.71,1793.0,92.94,50,L,0
M-HVAC-199,HVAC Compressor,299.76,321.65,2773.7,99.86,34,L,0
M-HVAC-200,HVAC Compressor,296.63,313.35,2363.2,64.07,138,L,0
M-HVAC-201,HVAC Compressor,303.37,314.18,2279.9,38.15,115,M,0
M-HVAC-202,HVAC Compressor,302.43,323.33,1709.5,93.64,158,H,0
M-HVAC-203,HVAC Compressor,299.42,316.1,1834.5,42.54,135,H,0
M-HVAC-204,HVAC Compressor,304.24,322.71,2055.4,39.4,135,M,0
M-HVAC-205,HVAC Compressor,304.0,309.15,2445.8,71.58,56,H,0
M-HVAC-206,HVAC Compressor,302.25,313.78,2999.9,93.11,138,M,0
M-HVAC-207,HVAC Compressor,297.43,323.2,2026.1,68.89,203,H,0
M-HVAC-208,HVAC Compressor,300.45,318.66,1486.8,39.44,132,M,0
M-HVAC-209,HVAC Compressor,298.97,323.0,1742.0,68.57,59,H,0
M-HVAC-210,HVAC Compressor,299.83,316.96,2576.4,64.17,78,M,0
M-HVAC-211,HVAC Compressor,299.43,311.97,2838.6,69.88,62,M,0
M-HVAC-212,HVAC Compressor,303.23,320.9,2279.2,68.78,183,L,0
M-HVAC-213,HVAC Compressor,301.14,319.18,1503.5,36.3,215,L,0
M-HVAC-214,HVAC Compressor,303.09,314.33,1471.4,58.23,172,M,0
M-HVAC-215,HVAC Compressor,303.16,319.44,2334.0,95.47,207,L,0
M-HVAC-216,HVAC Compressor,297.79,323.96,1608.8,59.22,193,M,0
M-HVAC-217,HVAC Compressor,301.75,315.78,2323.3,97.27,189,M,0
M-HVAC-218,HVAC Compressor,296.52,324.44,2253.3,46.25,151,H,0
M-HVAC-219,HVAC Compressor,297.69,318.75,1924.5,56.13,157,L,0
M-HVAC-220,HVAC Compressor,302.11,315.88,2386.0,80.22,182,M,0
M-HVAC-221,HVAC Compressor,297.03,319.59,1418.0,65.03,68,M,0
M-HVAC-222,HVAC Compressor,300.24,323.24,2424.8,46.16,204,M,0
M-HVAC-223,HVAC Compressor,297.84,316.97,1543.7,58.88,189,M,0
M-HVAC-224,HVAC Compressor,300.3,311.85,1707.9,98.59,92,M,0
M-HVAC-225,HVAC Compressor,300.5,308.39,2900.4,40.72,158,L,0
M-HVAC-226,HVAC Compressor,302.74,321.76,2531.5,63.96,208,L,0
M-HVAC-227,HVAC Compressor,299.93,316.24,2074.2,53.13,44,M,0
M-HVAC-228,HVAC Compressor,303.6,317.23,2730.4,83.44,93,H,0
M-HVAC-229,HVAC Compressor,301.1,323.91,2710.9,84.65,180,M,0
M-HVAC-230,HVAC Compressor,297.53,312.85,2240.2,55.56,184,M,0
M-HVAC-231,HVAC Compressor,297.03,321.3,2456.6,51.46,226,M,0
M-HVAC-232,HVAC Compressor,302.12,323.48,1480.8,92.14,167,H,0
M-HVAC-233,HVAC Compressor,301.98,322.87,2638.2,84.44,53,H,0
M-HVAC-234,HVAC Compressor,300.93,317.86,2898.5,65.46,83,H,0
M-HVAC-235,HVAC Compressor,296.49,309.17,2233.5,46.46,198,M,0
M-HVAC-236,HVAC Compressor,303.78,315.27,2272.4,69.15,227,L,0
M-HVAC-237,HVAC Compressor,301.36,318.31,1647.8,82.76,226,H,0
M-HVAC-238,HVAC Compressor,301.74,316.8,2730.7,35.0,48,H,0
M-HVAC-239,HVAC Compressor,297.47,320.03,1451.4,75.45,202,H,0
M-HVAC-240,HVAC Compressor,296.24,324.83,2411.9,44.15,84,L,0
M-HVAC-241,HVAC Compressor,298.04,320.8,1634.1,60.9,204,H,0
M-HVAC-242,HVAC Compressor,298.77,316.28,2325.9,36.84,106,M,0
M-HVAC-243,HVAC Compressor,296.24,314.04,2877.0,52.85,142,M,0
M-HVAC-244,HVAC Compressor,296.96,312.93,2047.4,54.25,151,L,0
M-HVAC-245,HVAC Compressor,296.62,320.19,1202.3,35.07,47,M,0
M-HVAC-246,HVAC Compressor,296.43,320.28,1252.7,67.2,161,M,0
M-HVAC-247,HVAC Compressor,301.21,312.45,1585.4,88.2,89,L,0
M-HVAC-248,HVAC Compressor,297.95,314.05,1384.8,67.27,100,H,0
M-HVAC-249,HVAC Compressor,300.18,309.27,2706.5,67.09,164,L,0
M-HVAC-250,HVAC Compressor,296.46,313.73,1245.2,38.23,27,M,0
M-HVAC-251,HVAC Compressor,300.06,309.04,1672.3,50.89,82,M,0
M-HVAC-252,HVAC Compressor,302.27,313.76,2618.8,62.16,129,H,0
M-HVAC-253,HVAC Compressor,298.1,320.37,2958.7,80.8,31,H,0
M-HVAC-254,HVAC Compressor,300.01,320.45,1498.7,83.8,136,L,0
M-HVAC-255,HVAC Compressor,301.02,318.24,1647.7,81.81,197,L,0
M-HVAC-256,HVAC Compressor,296.27,318.62,2981.2,73.15,55,L,0
M-HVAC-257,HVAC Compressor,298.38,308.77,1974.9,41.52,44,M,0
M-HVAC-258,HVAC Compressor,301.51,323.39,2469.5,89.77,106,M,0
M-HVAC-259,HVAC Compressor,301.34,319.82,2222.9,52.19,97,M,0
M-HVAC-260,HVAC Compressor,296.13,322.96,2120.5,83.82,56,M,0
M-HVAC-261,HVAC Compressor,304.34,311.64,1822.5,60.24,100,M,0
M-HVAC-262,HVAC Compressor,299.54,319.46,2072.2,45.25,219,M,0
M-HVAC-263,HVAC Compressor,301.06,309.03,2853.5,95.32,96,H,0
M-HVAC-264,HVAC Compressor,302.93,312.46,2461.1,94.48,143,L,0
M-HVAC-265,HVAC Compressor,298.02,323.48,1608.0,49.68,204,M,0
M-HVAC-266,HVAC Compressor,303.19,321.64,2364.5,47.29,165,H,0
M-HVAC-267,HVAC Compressor,297.81,318.93,2834.1,85.16,89,L,0
M-HVAC-268,HVAC Compressor,304.7,313.64,1536.3,47.84,104,H,0
M-HVAC-269,HVAC Compressor,300.39,320.45,2154.8,98.05,116,H,0
M-HVAC-270,HVAC Compressor,300.23,323.81,1372.6,49.49,170,M,0
M-HVAC-271,HVAC Compressor,302.89,315.13,2632.9,70.85,37,M,0
M-HVAC-272,HVAC Compressor,299.0,321.77,2324.8,85.53,98,M,0
M-HVAC-273,HVAC Compressor,296.59,308.62,1717.4,85.29,132,M,0
M-HVAC-274,HVAC Compressor,304.07,316.46,2304.1,99.08,129,L,0
M-HVAC-275,HVAC Compressor,299.72,308.62,2702.0,96.39,111,M,0
M-HVAC-276,HVAC Compressor,299.82,324.95,2826.0,37.67,183,M,0
M-HVAC-277,HVAC Compressor,296.23,315.56,1469.5,91.75,22,L,0
M-HVAC-278,HVAC Compressor,304.47,309.24,2495.7,70.68,220,L,0
M-HVAC-279,HVAC Compressor,302.25,323.73,1488.6,59.44,197,H,0
M-HVAC-280,HVAC Compressor,304.42,320.67,1990.8,57.02,50,H,0
M-HVAC-281,HVAC Compressor,299.81,322.33,2157.3,64.32,86,H,0
M-HVAC-282,HVAC Compressor,304.91,308.44,1761.3,85.01,129,M,0
M-HVAC-283,HVAC Compressor,304.93,318.53,1731.3,90.12,51,M,0
M-HVAC-284,HVAC Compressor,303.56,324.72,1889.5,43.98,139,L,0
M-HVAC-285,HVAC Compressor,301.99,318.24,1756.7,74.41,205,M,0
M-HVAC-286,HVAC Compressor,298.18,316.18,1877.1,65.55,40,M,0
M-HVAC-287,HVAC Compressor,303.44,314.81,2942.2,81.07,96,M,0
M-HVAC-288,HVAC Compressor,302.17,313.14,2868.4,42.56,26,M,0
M-HVAC-289,HVAC Compressor,301.46,322.19,1506.2,73.01,50,M,0
M-HVAC-290,HVAC Compressor,296.16,317.48,2139.2,37.79,164,M,0
M-HVAC-291,HVAC Compressor,301.61,317.01,2499.6,69.13,213,L,0
M-HVAC-292,HVAC Compressor,302.54,323.5,2861.7,52.03,228,M,0
M-HVAC-293,HVAC Compressor,296.17,324.36,1602.7,72.97,223,H,0
M-HVAC-294,HVAC Compressor,298.42,318.35,2572.6,87.48,205,H,0
M-HVAC-295,HVAC Compressor,299.33,320.14,2487.6,55.02,83,M,0
M-HVAC-296,HVAC Compressor,304.03,323.46,1226.7,56.13,102,L,0
M-HVAC-297,HVAC Compressor,304.5,318.68,1282.4,47.43,111,L,0
M-HVAC-298,HVAC Compressor,296.85,321.45,1544.1,68.01,181,M,0
M-HVAC-299,HVAC Compressor,302.98,321.83,1750.3,58.66,191,H,0
M-HVAC-300,HVAC Compressor,300.63,323.65,2793.0,87.28,24,L,0
M-HVAC-301,HVAC Compressor,304.2,319.28,1738.0,66.85,180,L,0
M-HVAC-302,HVAC Compressor,299.09,313.54,2525.1,79.61,127,M,0
M-HVAC-303,HVAC Compressor,301.91,308.55,1336.2,72.25,64,L,0
M-HVAC-304,HVAC Compressor,302.95,320.07,2826.5,44.15,74,M,0
M-HVAC-305,HVAC Compressor,303.04,316.86,1654.8,43.87,207,M,0
M-HVAC-306,HVAC Compressor,300.76,324.41,2729.3,46.58,126,M,0
M-HVAC-307,HVAC Compressor,303.6,310.53,2013.2,76.38,218,L,0
M-HVAC-308,HVAC Compressor,300.8,318.31,2734.3,83.39,204,L,0
M-HVAC-309,HVAC Compressor,303.49,308.16,1759.7,61.23,162,M,0
M-HVAC-310,HVAC Compressor,298.91,314.8,2919.6,63.42,49,H,0
M-HVAC-311,HVAC Compressor,298.13,323.96,2919.0,69.39,155,L,0
M-HVAC-312,HVAC Compressor,296.5,314.36,2356.0,93.39,172,M,0
M-HVAC-313,HVAC Compressor,304.19,319.3,2694.4,60.06,20,H,0
M-HVAC-314,HVAC Compressor,304.34,308.56,2272.9,61.59,110,M,0
M-HVAC-315,HVAC Compressor,296.61,310.08,1313.3,38.5,37,M,0
M-HVAC-316,HVAC Compressor,297.03,312.45,2382.5,42.3,211,M,0
M-HVAC-317,HVAC Compressor,304.67,311.27,1255.1,73.37,89,M,0
M-HVAC-318,HVAC Compressor,300.26,315.77,2732.1,47.47,124,M,0
M-HVAC-319,HVAC Compressor,302.06,308.85,2153.0,66.11,224,L,0
M-HVAC-320,HVAC Compressor,297.39,316.66,2610.7,69.1,94,M,0
M-HVAC-321,HVAC Compressor,299.3,308.34,2515.1,74.71,76,M,0
M-HVAC-322,HVAC Compressor,298.78,312.14,2534.1,87.59,151,L,0
M-HVAC-323,HVAC Compressor,299.29,309.22,2288.8,51.64,183,M,0
M-HVAC-324,HVAC Compressor,302.04,317.4,2671.5,89.1,34,M,0
M-HVAC-325,HVAC Compressor,303.84,314.87,2126.8,46.92,136,M,0
M-HVAC-326,HVAC Compressor,303.46,311.4,1847.7,41.18,143,L,0
M-HVAC-327,HVAC Compressor,297.56,308.34,1960.4,83.65,224,H,0
M-HVAC-328,HVAC Compressor,303.07,314.27,1476.7,47.5,214,L,0
M-HVAC-329,HVAC Compressor,298.81,323.98,1389.5,55.96,157,L,0
M-HVAC-330,HVAC Compressor,300.19,321.78,2848.6,35.63,80,H,0
M-HVAC-331,HVAC Compressor,302.98,317.64,1372.0,62.35,127,M,0
M-HVAC-332,HVAC Compressor,303.02,309.49,2077.8,45.47,178,M,0
M-HVAC-333,HVAC Compressor,302.51,309.27,2118.6,89.64,169,L,0
M-HVAC-334,HVAC Compressor,297.85,312.88,1994.3,69.01,72,M,0
M-HVAC-335,HVAC Compressor,302.18,318.97,1398.9,99.07,138,M,0
M-HVAC-336,HVAC Compressor,304.71,310.39,2178.6,87.33,103,L,0
M-HVAC-337,HVAC Compressor,304.09,312.45,1634.6,58.44,107,H,0
M-HVAC-338,HVAC Compressor,298.08,322.84,2219.9,52.41,218,L,0
M-HVAC-339,HVAC Compressor,299.26,321.01,2272.9,79.45,87,M,0
M-HVAC-340,HVAC Compressor,298.28,309.42,2047.9,61.41,20,L,0
M-HVAC-341,HVAC Compressor,302.14,315.59,2940.6,96.14,39,M,0
M-HVAC-342,HVAC Compressor,303.35,310.94,1430.3,51.89,78,L,0
M-HVAC-343,HVAC Compressor,303.02,309.02,2615.7,46.03,95,M,0
M-HVAC-344,HVAC Compressor,298.45,313.25,2557.6,52.33,188,H,0
M-HVAC-345,HVAC Compressor,301.36,322.67,1342.7,76.27,127,M,0
M-HVAC-346,HVAC Compressor,296.91,319.5,1756.9,57.03,170,L,0
M-HVAC-347,HVAC Compressor,299.0,320.69,2921.9,41.36,131,H,0
M-HVAC-348,HVAC Compressor,303.43,312.88,1799.0,79.67,185,M,0
M-HVAC-349,HVAC Compressor,301.99,324.26,2796.4,80.58,218,L,0
M-HVAC-350,HVAC Compressor,302.56,323.59,2671.3,67.65,125,H,0
M-HVAC-351,HVAC Compressor,296.27,320.69,2198.6,84.46,219,M,0
M-HVAC-352,HVAC Compressor,296.8,318.65,1379.5,75.38,130,L,0
M-HVAC-353,HVAC Compressor,299.16,310.45,1625.2,79.44,120,M,0
M-HVAC-354,HVAC Compressor,298.91,322.22,2999.0,55.29,170,H,0
M-HVAC-355,HVAC Compressor,302.68,315.32,2289.6,50.44,198,H,0
M-HVAC-356,HVAC Compressor,304.36,309.04,1718.4,71.59,200,M,0
M-HVAC-357,HVAC Compressor,297.95,322.6,2273.1,50.1,137,M,0
M-HVAC-358,HVAC Compressor,302.12,320.31,2812.3,88.61,147,H,0
M-HVAC-359,HVAC Compressor,302.75,324.57,1750.0,74.45,181,M,0
M-HVAC-360,HVAC Compressor,304.3,316.05,2157.3,37.49,209,M,0
M-HVAC-361,HVAC Compressor,304.81,311.44,1656.2,66.5,158,M,0
M-HVAC-362,HVAC Compressor,299.17,317.18,2924.9,97.53,88,M,0
M-HVAC-363,HVAC Compressor,302.5,319.11,1403.4,70.07,180,M,0
M-HVAC-364,HVAC Compressor,299.13,311.46,2796.5,90.8,55,L,0
M-HVAC-365,HVAC Compressor,299.28,319.66,2088.1,65.68,205,M,0
M-HVAC-366,HVAC Compressor,298.12,309.88,2880.1,44.97,174,M,0
M-HVAC-367,HVAC Compressor,297.26,321.2,2828.1,42.9,34,L,0
M-HVAC-368,HVAC Compressor,300.51,319.47,1994.7,61.81,82,M,0
M-HVAC-369,HVAC Compressor,297.44,320.19,2189.0,90.09,213,L,0
M-HVAC-370,HVAC Compressor,301.41,313.42,1842.9,77.41,169,H,0
M-HVAC-371,HVAC Compressor,304.98,309.83,2292.8,69.52,144,M,0
M-HVAC-372,HVAC Compressor,296.52,324.93,2966.3,69.08,63,H,0
M-HVAC-373,HVAC Compressor,296.51,318.4,2060.8,62.06,130,L,0
M-HVAC-374,HVAC Compressor,296.64,317.25,2461.8,98.09,175,M,0
M-HVAC-375,HVAC Compressor,302.9,324.95,2799.7,40.79,140,L,0
M-HVAC-376,HVAC Compressor,302.05,315.09,1780.4,75.76,106,M,0
M-HVAC-377,HVAC Compressor,303.53,313.37,2360.9,91.77,150,M,0
M-HVAC-378,HVAC Compressor,296.32,319.59,2995.5,87.55,153,M,0
M-HVAC-379,HVAC Compressor,298.02,319.77,1519.1,92.66,94,M,0
M-HVAC-380,HVAC Compressor,297.94,316.19,2424.8,54.68,167,M,0
M-HVAC-381,HVAC Compressor,299.35,313.32,2750.4,35.78,170,M,0
M-HVAC-382,HVAC Compressor,302.46,316.63,1350.9,98.83,38,H,0
M-HVAC-383,HVAC Compressor,299.78,324.06,1727.5,71.96,129,M,0
M-HVAC-384,HVAC Compressor,302.27,316.52,2240.9,48.66,214,H,0
M-HVAC-385,HVAC Compressor,302.21,323.06,1351.2,36.87,89,L,0
M-HVAC-386,HVAC Compressor,302.46,321.98,1915.5,99.59,96,L,0
M-HVAC-387,HVAC Compressor,299.16,311.71,1806.0,47.52,47,M,0
M-HVAC-388,HVAC Compressor,297.32,316.54,1263.7,63.04,221,M,0
M-HVAC-389,HVAC Compressor,297.24,313.19,2624.3,55.39,100,L,0
M-HVAC-390,HVAC Compressor,298.35,316.13,1313.7,46.31,63,M,0
M-HVAC-391,HVAC Compressor,303.39,314.03,1884.9,54.57,87,M,0
M-HVAC-392,HVAC Compressor,304.09,308.41,2324.3,92.7,107,M,0
M-HVAC-393,HVAC Compressor,301.27,313.76,1447.4,49.28,32,L,0
M-HVAC-394,HVAC Compressor,300.8,321.36,1722.4,87.3,84,H,0
M-HVAC-395,HVAC Compressor,300.8,324.07,1945.9,68.5,114,M,0
M-HVAC-396,HVAC Compressor,297.93,315.18,2094.4,83.42,49,M,0
M-HVAC-397,HVAC Compressor,301.96,314.51,2188.5,81.2,117,M,0
M-HVAC-398,HVAC Compressor,303.42,324.81,1589.9,92.81,134,M,0
M-HVAC-399,HVAC Compressor,304.04,323.48,1690.8,58.29,198,M,0
M-HVAC-400,HVAC Compressor,298.59,324.36,1590.7,74.67,109,M,0
M-HVAC-F1-001,HVAC Compressor,307.85,333.34,1500.6,83.73,134,L,1
M-HVAC-F1-002,HVAC Compressor,312.59,331.67,2961.5,47.25,77,L,1
M-HVAC-F1-003,HVAC Compressor,308.12,332.22,2777.8,56.58,129,L,1
M-HVAC-F1-004,HVAC Compressor,314.79,332.73,1421.3,83.15,50,M,1
M-HVAC-F1-005,HVAC Compressor,311.26,337.28,2369.6,90.31,64,M,1
M-HVAC-F1-006,HVAC Compressor,309.69,334.14,1236.8,73.96,179,L,1
M-HVAC-F1-007,HVAC Compressor,308.94,339.31,1735.1,83.99,160,M,1
M-HVAC-F1-008,HVAC Compressor,307.02,333.97,1570.5,75.21,67,H,1
M-HVAC-F1-009,HVAC Compressor,311.25,341.37,2012.4,59.46,49,M,1
M-HVAC-F1-010,HVAC Compressor,309.65,342.93,1254.8,50.53,31,L,1
M-HVAC-F1-011,HVAC Compressor,310.34,340.35,2445.9,95.32,23,M,1
M-HVAC-F1-012,HVAC Compressor,312.62,337.61,2450.4,72.41,115,L,1
M-HVAC-F1-013,HVAC Compressor,314.37,330.49,1944.6,68.19,78,H,1
M-HVAC-F1-014,HVAC Compressor,310.78,342.68,1330.0,88.08,52,M,1
M-HVAC-F1-015,HVAC Compressor,310.1,334.54,2766.7,98.28,83,M,1
M-HVAC-F1-016,HVAC Compressor,311.45,331.0,1274.1,85.27,84,M,1
M-HVAC-F1-017,HVAC Compressor,314.88,331.11,1684.3,90.69,88,M,1
M-HVAC-F1-018,HVAC Compressor,307.39,341.96,1446.5,48.87,45,M,1
M-HVAC-F1-019,HVAC Compressor,313.53,333.47,1456.2,61.64,180,H,1
M-HVAC-F1-020,HVAC Compressor,311.03,338.7,2652.1,83.5,32,M,1
M-HVAC-F2-001,HVAC Compressor,297.94,326.26,1315.5,128.15,70,L,1
M-HVAC-F2-002,HVAC Compressor,305.52,312.09,1627.1,126.14,68,M,1
M-HVAC-F2-003,HVAC Compressor,306.12,330.49,2565.0,148.78,161,L,1
M-HVAC-F2-004,HVAC Compressor,303.45,333.96,2621.6,183.34,53,M,1
M-HVAC-F2-005,HVAC Compressor,307.81,321.15,2396.2,169.65,145,H,1
M-HVAC-F2-006,HVAC Compressor,302.16,331.71,1934.9,169.86,143,H,1
M-HVAC-F2-007,HVAC Compressor,298.87,328.66,1281.9,147.22,170,M,1
M-HVAC-F2-008,HVAC Compressor,307.93,319.12,2154.9,143.64,38,L,1
M-HVAC-F2-009,HVAC Compressor,299.11,316.34,2462.9,177.15,180,H,1
M-HVAC-F2-010,HVAC Compressor,298.13,322.32,2087.6,127.47,45,L,1
M-HVAC-F2-011,HVAC Compressor,305.02,314.06,2597.5,141.56,165,L,1
M-HVAC-F2-012,HVAC Compressor,302.88,321.48,1617.2,177.48,52,M,1
M-HVAC-F2-013,HVAC Compressor,303.81,317.72,2674.6,180.01,23,M,1
M-HVAC-F2-014,HVAC Compressor,301.31,332.3,1596.7,189.9,52,M,1
M-HVAC-F2-015,HVAC Compressor,304.99,315.7,2533.2,132.15,181,L,1
M-HVAC-F2-016,HVAC Compressor,307.08,321.37,1970.5,154.66,181,H,1
M-HVAC-F2-017,HVAC Compressor,301.58,334.27,1754.1,150.89,123,L,1
M-HVAC-F2-018,HVAC Compressor,300.53,333.79,1623.8,178.0,65,H,1
M-HVAC-F2-019,HVAC Compressor,306.75,322.35,1786.1,152.94,120,M,1
M-HVAC-F2-020,HVAC Compressor,299.85,323.12,1253.5,166.79,154,L,1
M-HVAC-F3-001,HVAC Compressor,300.22,317.61,3639.3,146.49,111,M,1
M-HVAC-F3-002,HVAC Compressor,298.64,319.21,4476.5,117.51,87,M,1
M-HVAC-F3-003,HVAC Compressor,298.68,316.66,3982.3,112.87,83,L,1
M-HVAC-F3-004,HVAC Compressor,297.92,320.83,4604.2,130.29,179,L,1
M-HVAC-F3-005,HVAC Compressor,301.07,317.48,4016.7,146.81,166,L,1
M-HVAC-F3-006,HVAC Compressor,297.15,319.96,3979.7,117.55,144,L,1
M-HVAC-F3-007,HVAC Compressor,296.98,310.79,3928.9,148.52,134,M,1
M-HVAC-F3-008,HVAC Compressor,300.55,317.14,4035.3,116.18,147,M,1
M-HVAC-F3-009,HVAC Compressor,298.3,318.76,3914.2,129.55,51,L,1
M-HVAC-F3-010,HVAC Compressor,298.89,315.51,4732.3,136.38,85,H,1
M-HVAC-F3-011,HVAC Compressor,304.29,308.13,4701.9,147.82,70,H,1
M-HVAC-F3-012,HVAC Compressor,298.25,313.33,4277.0,131.01,138,L,1
M-HVAC-F3-013,HVAC Compressor,300.18,320.69,3790.8,123.15,39,M,1
M-HVAC-F3-014,HVAC Compressor,304.17,323.11,4089.7,119.37,64,M,1
M-HVAC-F3-015,HVAC Compressor,296.74,310.27,3921.7,110.33,27,M,1
M-HVAC-F3-016,HVAC Compressor,301.57,324.07,4202.6,127.77,31,H,1
M-HVAC-F3-017,HVAC Compressor,302.22,312.0,4759.9,138.23,142,M,1
M-HVAC-F3-018,HVAC Compressor,302.37,317.3,4617.4,131.05,53,M,1
M-HVAC-F3-019,HVAC Compressor,299.65,308.24,4933.9,120.73,28,M,1
M-HVAC-F3-020,HVAC Compressor,303.34,314.75,3994.0,131.8,114,L,1
M-HVAC-F4-001,HVAC Compressor,303.2,320.01,1208.2,38.67,318,M,1
M-HVAC-F4-002,HVAC Compressor,298.54,320.45,2246.9,76.28,253,H,1
M-HVAC-F4-003,HVAC Compressor,302.33,310.12,1984.5,98.49,314,L,1
M-HVAC-F4-004,HVAC Compressor,303.78,314.09,2868.9,94.22,311,H,1
M-HVAC-F4-005,HVAC Compressor,296.36,315.3,2690.4,71.8,311,M,1
M-HVAC-F4-006,HVAC Compressor,296.35,320.94,2327.1,74.37,308,L,1
M-HVAC-F4-007,HVAC Compressor,298.92,322.25,1821.3,89.19,259,M,1
M-HVAC-F4-008,HVAC Compressor,300.03,313.35,1432.5,77.81,283,H,1
M-HVAC-F4-009,HVAC Compressor,297.57,308.5,1254.6,67.73,255,L,1
M-HVAC-F4-010,HVAC Compressor,297.79,309.12,1927.5,54.19,249,L,1
M-HVAC-F4-011,HVAC Compressor,301.01,308.97,2042.4,41.66,271,M,1
M-HVAC-F4-012,HVAC Compressor,303.41,320.5,2814.5,49.95,285,H,1
M-HVAC-F4-013,HVAC Compressor,303.43,314.23,1324.8,64.96,266,L,1
M-HVAC-F4-014,HVAC Compressor,297.14,317.45,2629.1,98.77,315,H,1
M-HVAC-F4-015,HVAC Compressor,299.18,314.28,1260.0,105.11,296,M,1
M-HVAC-F4-016,HVAC Compressor,299.65,323.22,1676.0,65.77,316,H,1
M-HVAC-F4-017,HVAC Compressor,303.03,320.21,2823.4,45.88,317,H,1
M-HVAC-F4-018,HVAC Compressor,299.04,309.44,1292.1,117.12,298,M,1
M-HVAC-F4-019,HVAC Compressor,296.97,316.94,1776.1,60.63,291,L,1
M-HVAC-F4-020,HVAC Compressor,299.99,316.39,2372.6,48.66,307,L,1
M-HVAC-F5-001,HVAC Compressor,308.71,330.5,3750.7,119.77,278,M,1
M-HVAC-F5-002,HVAC Compressor,307.56,336.56,3679.7,150.53,271,M,1
M-HVAC-F5-003,HVAC Compressor,306.62,335.38,3986.3,122.61,252,L,1
M-HVAC-F5-004,HVAC Compressor,310.92,335.75,3915.7,156.19,254,H,1
M-HVAC-F5-005,HVAC Compressor,307.6,336.78,4093.8,117.27,265,H,1
M-HVAC-F5-006,HVAC Compressor,309.95,331.98,4120.8,117.45,276,M,1
M-HVAC-F5-007,HVAC Compressor,307.34,333.14,3736.9,130.7,272,M,1
M-HVAC-F5-008,HVAC Compressor,306.39,333.76,3939.7,118.41,272,L,1
M-HVAC-F5-009,HVAC Compressor,310.16,329.33,3927.7,150.86,259,M,1
M-HVAC-F5-010,HVAC Compressor,307.33,331.48,3751.5,121.8,258,M,1
M-HVAC-F5-011,HVAC Compressor,307.19,332.87,4054.8,125.9,272,M,1
M-HVAC-F5-012,HVAC Compressor,306.71,336.55,3869.9,119.71,271,H,1
M-HVAC-F5-013,HVAC Compressor,310.44,330.98,4026.1,123.96,267,L,1
M-HVAC-F5-014,HVAC Compressor,307.48,329.65,3797.3,122.75,276,M,1
M-HVAC-F5-015,HVAC Compressor,307.73,334.65,3514.7,156.27,257,L,1
M-HVAC-F5-016,HVAC Compressor,307.29,334.72,3328.4,128.3,244,M,1
M-HVAC-F5-017,HVAC Compressor,308.18,331.87,4183.1,125.98,279,M,1
M-HVAC-F5-018,HVAC Compressor,307.67,330.63,3870.1,130.02,280,L,1
M-HVAC-F5-019,HVAC Compressor,307.14,330.03,3584.0,136.02,255,L,1
M-HVAC-F5-020,HVAC Compressor,309.9,336.73,3635.9,128.71,260,M,1
M-CHIL-001,Industrial Chiller Pump,300.93,313.69,1694.8,39.46,77,M,0
M-CHIL-002,Industrial Chiller Pump,299.54,309.35,1304.2,68.77,160,H,0
M-CHIL-003,Industrial Chiller Pump,297.94,309.96,1681.5,44.89,149,H,0
M-CHIL-004,Industrial Chiller Pump,298.77,306.88,1126.9,48.24,50,M,0
M-CHIL-005,Industrial Chiller Pump,299.06,314.71,2026.4,38.98,88,M,0
M-CHIL-006,Industrial Chiller Pump,296.23,305.77,1222.6,51.08,141,M,0
M-CHIL-007,Industrial Chiller Pump,302.82,305.38,2479.7,48.33,59,L,0
M-CHIL-008,Industrial Chiller Pump,298.75,307.82,1320.7,38.39,196,M,0
M-CHIL-009,Industrial Chiller Pump,302.82,307.63,1347.1,34.17,94,M,0
M-CHIL-010,Industrial Chiller Pump,300.58,306.64,2253.1,66.7,71,L,0
M-CHIL-011,Industrial Chiller Pump,301.86,310.49,1549.5,47.05,161,M,0
M-CHIL-012,Industrial Chiller Pump,297.68,305.77,1598.6,29.33,77,M,0
M-CHIL-013,Industrial Chiller Pump,297.04,305.11,1782.5,68.25,80,M,0
M-CHIL-014,Industrial Chiller Pump,297.28,313.48,1791.7,31.54,147,H,0
M-CHIL-015,Industrial Chiller Pump,295.48,306.81,1252.1,55.25,107,L,0
M-CHIL-016,Industrial Chiller Pump,299.09,308.61,1789.3,46.72,26,M,0
M-CHIL-017,Industrial Chiller Pump,302.7,308.64,1635.6,27.29,180,L,0
M-CHIL-018,Industrial Chiller Pump,301.51,305.17,2350.3,26.2,100,M,0
M-CHIL-019,Industrial Chiller Pump,301.67,312.26,2195.6,68.4,105,L,0
M-CHIL-020,Industrial Chiller Pump,295.54,308.89,1045.2,70.77,192,H,0
M-CHIL-021,Industrial Chiller Pump,299.26,307.58,1513.8,47.54,42,H,0
M-CHIL-022,Industrial Chiller Pump,299.62,304.21,1899.7,40.95,169,M,0
M-CHIL-023,Industrial Chiller Pump,300.66,305.26,1398.8,74.83,98,M,0
M-CHIL-024,Industrial Chiller Pump,301.99,304.36,1802.2,35.51,86,H,0
M-CHIL-025,Industrial Chiller Pump,295.3,308.58,2183.8,72.6,132,M,0
M-CHIL-026,Industrial Chiller Pump,301.16,309.56,1551.4,33.95,163,M,0
M-CHIL-027,Industrial Chiller Pump,302.71,312.82,1630.0,62.04,101,H,0
M-CHIL-028,Industrial Chiller Pump,299.13,313.52,2283.2,53.75,88,H,0
M-CHIL-029,Industrial Chiller Pump,297.49,314.89,2089.7,60.88,156,M,0
M-CHIL-030,Industrial Chiller Pump,299.69,308.99,1665.9,68.54,90,L,0
M-CHIL-031,Industrial Chiller Pump,301.7,312.48,1056.5,32.4,76,L,0
M-CHIL-032,Industrial Chiller Pump,301.99,304.46,1487.1,67.52,64,L,0
M-CHIL-033,Industrial Chiller Pump,298.91,314.31,1643.2,41.19,85,L,0
M-CHIL-034,Industrial Chiller Pump,297.65,311.36,1704.8,72.08,48,M,0
M-CHIL-035,Industrial Chiller Pump,296.0,310.36,1604.3,28.05,172,M,0
M-CHIL-036,Industrial Chiller Pump,298.95,308.48,1733.0,25.82,166,M,0
M-CHIL-037,Industrial Chiller Pump,300.8,304.71,1785.7,70.44,91,H,0
M-CHIL-038,Industrial Chiller Pump,295.79,313.45,1358.2,73.75,64,M,0
M-CHIL-039,Industrial Chiller Pump,298.66,304.68,1797.8,58.63,153,M,0
M-CHIL-040,Industrial Chiller Pump,301.5,312.27,1291.0,45.08,45,H,0
M-CHIL-041,Industrial Chiller Pump,300.7,309.84,1901.4,61.61,69,M,0
M-CHIL-042,Industrial Chiller Pump,299.85,305.06,2249.6,42.17,138,L,0
M-CHIL-043,Industrial Chiller Pump,298.8,306.37,1324.7,28.02,158,M,0
M-CHIL-044,Industrial Chiller Pump,296.38,311.85,1463.7,55.02,95,M,0
M-CHIL-045,Industrial Chiller Pump,298.92,307.45,2305.8,28.65,25,M,0
M-CHIL-046,Industrial Chiller Pump,296.38,312.18,1530.2,38.07,84,M,0
M-CHIL-047,Industrial Chiller Pump,297.4,310.25,2296.0,43.54,77,L,0
M-CHIL-048,Industrial Chiller Pump,295.18,307.32,1678.3,55.03,48,M,0
M-CHIL-049,Industrial Chiller Pump,299.53,309.61,1861.8,58.12,88,H,0
M-CHIL-050,Industrial Chiller Pump,295.44,313.45,2016.1,63.21,187,L,0
M-CHIL-051,Industrial Chiller Pump,300.54,311.21,1387.9,72.86,117,M,0
M-CHIL-052,Industrial Chiller Pump,296.68,312.97,1375.3,27.07,97,L,0
M-CHIL-053,Industrial Chiller Pump,298.32,312.84,2240.8,67.89,126,M,0
M-CHIL-054,Industrial Chiller Pump,297.09,305.1,1799.2,25.53,103,H,0
M-CHIL-055,Industrial Chiller Pump,295.87,313.58,1960.8,57.26,92,M,0
M-CHIL-056,Industrial Chiller Pump,297.42,308.78,1880.7,34.33,67,M,0
M-CHIL-057,Industrial Chiller Pump,298.08,313.01,2232.5,41.8,101,L,0
M-CHIL-058,Industrial Chiller Pump,301.62,306.37,1420.3,29.17,142,M,0
M-CHIL-059,Industrial Chiller Pump,299.29,312.45,2254.1,41.27,62,L,0
M-CHIL-060,Industrial Chiller Pump,298.05,313.04,1224.6,70.6,106,H,0
M-CHIL-061,Industrial Chiller Pump,299.28,313.57,1584.0,33.9,123,L,0
M-CHIL-062,Industrial Chiller Pump,295.97,304.46,1084.4,36.52,21,M,0
M-CHIL-063,Industrial Chiller Pump,300.58,311.82,1955.1,39.81,152,M,0
M-CHIL-064,Industrial Chiller Pump,301.89,309.26,1270.2,56.73,47,L,0
M-CHIL-065,Industrial Chiller Pump,300.63,312.32,2018.9,29.88,103,M,0
M-CHIL-066,Industrial Chiller Pump,296.83,311.47,2229.8,38.75,55,L,0
M-CHIL-067,Industrial Chiller Pump,295.04,306.81,1610.1,58.61,199,M,0
M-CHIL-068,Industrial Chiller Pump,302.59,308.03,2043.3,33.27,102,L,0
M-CHIL-069,Industrial Chiller Pump,297.56,305.16,1784.1,46.98,61,L,0
M-CHIL-070,Industrial Chiller Pump,299.81,307.82,2494.2,31.88,172,M,0
M-CHIL-071,Industrial Chiller Pump,296.92,309.48,1992.9,59.52,23,M,0
M-CHIL-072,Industrial Chiller Pump,300.28,313.79,2004.8,38.29,111,M,0
M-CHIL-073,Industrial Chiller Pump,296.08,309.99,1707.5,41.83,132,M,0
M-CHIL-074,Industrial Chiller Pump,302.77,308.71,1796.9,32.88,118,H,0
M-CHIL-075,Industrial Chiller Pump,296.2,305.88,1949.0,53.36,163,M,0
M-CHIL-076,Industrial Chiller Pump,298.8,305.78,2114.1,25.18,96,H,0
M-CHIL-077,Industrial Chiller Pump,301.17,311.41,2060.2,32.43,140,M,0
M-CHIL-078,Industrial Chiller Pump,295.02,307.49,1130.9,59.07,58,M,0
M-CHIL-079,Industrial Chiller Pump,295.63,309.32,1049.5,67.28,24,H,0
M-CHIL-080,Industrial Chiller Pump,300.12,314.09,2338.2,29.18,71,M,0
M-CHIL-081,Industrial Chiller Pump,295.21,309.82,1671.6,54.42,185,M,0
M-CHIL-082,Industrial Chiller Pump,300.11,308.73,1652.7,57.36,191,L,0
M-CHIL-083,Industrial Chiller Pump,300.12,309.08,1636.0,64.36,59,M,0
M-CHIL-084,Industrial Chiller Pump,299.04,311.14,1281.1,59.79,132,H,0
M-CHIL-085,Industrial Chiller Pump,298.6,311.46,2352.4,31.1,21,H,0
M-CHIL-086,Industrial Chiller Pump,302.91,312.45,1921.6,31.65,94,L,0
M-CHIL-087,Industrial Chiller Pump,302.17,308.2,2499.5,31.99,89,L,0
M-CHIL-088,Industrial Chiller Pump,300.2,312.92,2361.7,50.37,62,M,0
M-CHIL-089,Industrial Chiller Pump,299.51,312.5,1767.6,65.56,182,L,0
M-CHIL-090,Industrial Chiller Pump,300.95,310.46,1707.5,73.63,136,L,0
M-CHIL-091,Industrial Chiller Pump,299.04,310.1,1994.3,61.43,100,M,0
M-CHIL-092,Industrial Chiller Pump,296.92,308.66,1316.9,45.84,177,L,0
M-CHIL-093,Industrial Chiller Pump,299.62,305.61,1641.3,55.1,86,M,0
M-CHIL-094,Industrial Chiller Pump,296.81,309.21,1324.6,37.48,177,L,0
M-CHIL-095,Industrial Chiller Pump,295.44,307.52,1797.9,28.03,142,M,0
M-CHIL-096,Industrial Chiller Pump,298.18,306.92,1500.9,68.08,161,L,0
M-CHIL-097,Industrial Chiller Pump,300.59,310.36,1388.9,58.34,183,H,0
M-CHIL-098,Industrial Chiller Pump,298.54,305.64,2215.9,55.7,178,H,0
M-CHIL-099,Industrial Chiller Pump,302.25,304.74,1431.4,32.81,46,H,0
M-CHIL-100,Industrial Chiller Pump,298.84,312.63,2347.4,53.34,48,H,0
M-CHIL-101,Industrial Chiller Pump,298.95,312.42,1930.2,54.14,28,M,0
M-CHIL-102,Industrial Chiller Pump,299.4,310.58,1007.2,34.98,190,M,0
M-CHIL-103,Industrial Chiller Pump,300.63,307.39,1878.1,42.82,73,M,0
M-CHIL-104,Industrial Chiller Pump,298.68,307.64,1387.0,56.19,88,M,0
M-CHIL-105,Industrial Chiller Pump,301.07,311.96,2330.2,52.75,70,L,0
M-CHIL-106,Industrial Chiller Pump,297.24,311.21,1285.6,56.46,171,M,0
M-CHIL-107,Industrial Chiller Pump,298.77,314.93,1033.7,41.59,185,M,0
M-CHIL-108,Industrial Chiller Pump,299.34,311.01,1482.9,28.56,69,M,0
M-CHIL-109,Industrial Chiller Pump,298.84,308.33,1781.5,34.8,53,M,0
M-CHIL-110,Industrial Chiller Pump,298.79,307.76,1864.8,40.5,51,L,0
M-CHIL-111,Industrial Chiller Pump,296.6,314.63,2481.1,59.84,110,L,0
M-CHIL-112,Industrial Chiller Pump,301.99,311.81,1153.1,25.15,54,H,0
M-CHIL-113,Industrial Chiller Pump,296.46,309.61,1780.1,61.15,56,H,0
M-CHIL-114,Industrial Chiller Pump,300.33,309.32,1999.5,44.04,155,M,0
M-CHIL-115,Industrial Chiller Pump,300.2,304.3,2287.2,43.83,44,L,0
M-CHIL-116,Industrial Chiller Pump,298.89,304.35,2172.8,46.75,155,L,0
M-CHIL-117,Industrial Chiller Pump,295.8,310.75,1540.2,52.32,35,M,0
M-CHIL-118,Industrial Chiller Pump,301.22,314.85,1480.4,32.76,85,H,0
M-CHIL-119,Industrial Chiller Pump,298.27,314.06,1291.5,48.89,123,H,0
M-CHIL-120,Industrial Chiller Pump,297.64,314.02,1443.6,56.77,44,M,0
M-CHIL-121,Industrial Chiller Pump,297.23,306.54,1186.2,27.34,194,M,0
M-CHIL-122,Industrial Chiller Pump,301.22,314.12,1306.0,68.49,147,M,0
M-CHIL-123,Industrial Chiller Pump,301.47,305.22,1395.4,31.55,181,H,0
M-CHIL-124,Industrial Chiller Pump,302.84,305.21,1992.7,58.02,187,M,0
M-CHIL-125,Industrial Chiller Pump,297.66,313.31,2467.9,26.51,134,M,0
M-CHIL-126,Industrial Chiller Pump,300.82,312.5,2143.8,46.78,48,M,0
M-CHIL-127,Industrial Chiller Pump,301.31,314.03,1679.0,37.28,41,L,0
M-CHIL-128,Industrial Chiller Pump,299.28,311.42,1238.9,25.33,194,L,0
M-CHIL-129,Industrial Chiller Pump,298.2,309.03,2393.6,35.38,164,H,0
M-CHIL-130,Industrial Chiller Pump,302.01,310.48,1716.4,60.32,32,H,0
M-CHIL-131,Industrial Chiller Pump,298.26,310.8,1216.8,43.97,66,M,0
M-CHIL-132,Industrial Chiller Pump,302.35,305.83,1283.9,55.03,101,L,0
M-CHIL-133,Industrial Chiller Pump,297.3,309.99,1580.2,39.06,151,L,0
M-CHIL-134,Industrial Chiller Pump,297.63,310.85,1267.9,64.55,70,H,0
M-CHIL-135,Industrial Chiller Pump,302.52,308.65,1965.2,65.46,143,M,0
M-CHIL-136,Industrial Chiller Pump,297.97,314.1,1200.3,69.2,147,M,0
M-CHIL-137,Industrial Chiller Pump,297.6,305.61,1664.7,64.19,154,M,0
M-CHIL-138,Industrial Chiller Pump,302.94,314.7,1600.0,34.63,103,L,0
M-CHIL-139,Industrial Chiller Pump,298.67,307.7,2111.8,57.51,194,M,0
M-CHIL-140,Industrial Chiller Pump,302.74,307.2,2297.2,42.55,165,L,0
M-CHIL-141,Industrial Chiller Pump,299.99,312.01,2438.0,43.76,112,L,0
M-CHIL-142,Industrial Chiller Pump,300.38,313.61,1927.4,61.99,22,M,0
M-CHIL-143,Industrial Chiller Pump,301.16,308.44,1544.3,72.58,119,H,0
M-CHIL-144,Industrial Chiller Pump,298.78,309.71,2483.1,60.91,113,M,0
M-CHIL-145,Industrial Chiller Pump,302.32,311.11,1534.1,48.23,70,L,0
M-CHIL-146,Industrial Chiller Pump,300.62,308.32,1274.8,33.85,105,M,0
M-CHIL-147,Industrial Chiller Pump,298.34,313.37,2468.8,42.74,73,L,0
M-CHIL-148,Industrial Chiller Pump,298.6,306.39,1271.4,39.03,20,L,0
M-CHIL-149,Industrial Chiller Pump,298.44,304.91,1247.4,41.17,119,L,0
M-CHIL-150,Industrial Chiller Pump,297.46,314.53,2140.5,66.29,78,M,0
M-CHIL-151,Industrial Chiller Pump,299.3,308.97,1389.8,74.86,172,M,0
M-CHIL-152,Industrial Chiller Pump,302.14,310.46,1018.8,42.31,24,H,0
M-CHIL-153,Industrial Chiller Pump,296.43,309.33,1571.9,32.45,91,M,0
M-CHIL-154,Industrial Chiller Pump,298.28,305.9,1914.6,27.23,89,L,0
M-CHIL-155,Industrial Chiller Pump,298.36,308.85,1102.0,55.27,188,M,0
M-CHIL-156,Industrial Chiller Pump,298.15,310.47,1139.8,72.51,104,H,0
M-CHIL-157,Industrial Chiller Pump,297.68,308.11,1518.1,59.66,82,M,0
M-CHIL-158,Industrial Chiller Pump,297.58,312.56,1462.6,25.7,85,M,0
M-CHIL-159,Industrial Chiller Pump,302.27,309.26,1351.9,74.08,64,L,0
M-CHIL-160,Industrial Chiller Pump,300.2,309.08,1608.8,68.62,105,M,0
M-CHIL-161,Industrial Chiller Pump,297.83,307.03,1613.4,31.0,31,M,0
M-CHIL-162,Industrial Chiller Pump,298.63,305.91,1160.2,32.16,76,M,0
M-CHIL-163,Industrial Chiller Pump,296.55,312.31,1290.0,31.21,199,M,0
M-CHIL-164,Industrial Chiller Pump,296.36,313.84,1346.6,71.28,41,L,0
M-CHIL-165,Industrial Chiller Pump,296.47,314.32,1861.4,34.5,172,M,0
M-CHIL-166,Industrial Chiller Pump,300.86,311.08,2071.4,42.19,188,M,0
M-CHIL-167,Industrial Chiller Pump,295.62,304.73,2107.3,67.5,145,M,0
M-CHIL-168,Industrial Chiller Pump,296.81,310.22,1295.2,43.95,133,M,0
M-CHIL-169,Industrial Chiller Pump,298.0,307.97,1690.8,58.72,160,M,0
M-CHIL-170,Industrial Chiller Pump,295.21,313.87,1871.8,71.01,193,M,0
M-CHIL-171,Industrial Chiller Pump,302.33,308.02,1390.6,28.68,101,M,0
M-CHIL-172,Industrial Chiller Pump,302.81,309.73,2101.7,69.81,117,H,0
M-CHIL-173,Industrial Chiller Pump,301.79,310.32,2137.8,57.92,30,H,0
M-CHIL-174,Industrial Chiller Pump,297.29,307.13,2258.8,54.91,35,M,0
M-CHIL-175,Industrial Chiller Pump,299.45,306.77,1059.8,44.01,103,L,0
M-CHIL-176,Industrial Chiller Pump,302.27,309.5,1707.2,57.03,66,M,0
M-CHIL-177,Industrial Chiller Pump,295.02,304.86,1267.8,57.03,58,H,0
M-CHIL-178,Industrial Chiller Pump,299.93,311.17,1089.5,63.64,129,M,0
M-CHIL-179,Industrial Chiller Pump,302.87,304.11,1817.3,32.99,79,H,0
M-CHIL-180,Industrial Chiller Pump,300.35,308.42,2479.4,57.69,185,M,0
M-CHIL-181,Industrial Chiller Pump,297.55,307.99,2257.8,35.58,190,H,0
M-CHIL-182,Industrial Chiller Pump,302.12,308.97,1788.8,74.87,176,L,0
M-CHIL-183,Industrial Chiller Pump,299.68,314.52,2031.7,65.97,149,L,0
M-CHIL-184,Industrial Chiller Pump,300.1,311.99,1653.9,60.34,69,M,0
M-CHIL-185,Industrial Chiller Pump,299.19,313.88,2009.8,54.83,76,L,0
M-CHIL-186,Industrial Chiller Pump,295.43,313.9,1979.5,34.47,182,M,0
M-CHIL-187,Industrial Chiller Pump,296.35,307.51,2441.6,62.64,185,M,0
M-CHIL-188,Industrial Chiller Pump,295.66,310.19,1724.5,61.03,117,M,0
M-CHIL-189,Industrial Chiller Pump,295.04,309.15,1181.0,71.1,185,L,0
M-CHIL-190,Industrial Chiller Pump,296.26,305.62,1845.0,61.37,182,L,0
M-CHIL-191,Industrial Chiller Pump,296.24,314.95,1235.2,67.01,125,M,0
M-CHIL-192,Industrial Chiller Pump,299.83,313.57,1955.6,67.43,47,L,0
M-CHIL-193,Industrial Chiller Pump,302.94,311.28,2464.5,35.99,169,H,0
M-CHIL-194,Industrial Chiller Pump,299.13,311.3,1990.4,58.54,77,L,0
M-CHIL-195,Industrial Chiller Pump,295.05,310.83,2299.2,69.56,149,M,0
M-CHIL-196,Industrial Chiller Pump,298.66,308.94,1637.6,59.99,151,M,0
M-CHIL-197,Industrial Chiller Pump,300.93,309.81,1146.0,67.58,176,M,0
M-CHIL-198,Industrial Chiller Pump,301.29,309.62,1186.0,44.9,33,L,0
M-CHIL-199,Industrial Chiller Pump,296.57,305.81,1312.8,36.31,141,M,0
M-CHIL-200,Industrial Chiller Pump,296.03,311.97,1523.6,47.87,42,L,0
M-CHIL-201,Industrial Chiller Pump,298.01,310.95,1640.8,27.44,146,M,0
M-CHIL-202,Industrial Chiller Pump,298.47,306.22,1936.5,38.76,97,H,0
M-CHIL-203,Industrial Chiller Pump,301.21,304.99,2336.3,68.38,194,L,0
M-CHIL-204,Industrial Chiller Pump,302.77,313.76,1168.8,46.88,33,M,0
M-CHIL-205,Industrial Chiller Pump,299.24,314.14,2454.5,37.98,124,M,0
M-CHIL-206,Industrial Chiller Pump,299.37,309.85,2371.2,69.81,42,M,0
M-CHIL-207,Industrial Chiller Pump,301.02,311.52,1946.8,74.69,80,M,0
M-CHIL-208,Industrial Chiller Pump,302.83,311.65,1973.0,32.74,64,M,0
M-CHIL-209,Industrial Chiller Pump,298.72,309.47,2353.2,30.36,64,H,0
M-CHIL-210,Industrial Chiller Pump,300.88,314.68,2340.9,61.17,23,M,0
M-CHIL-211,Industrial Chiller Pump,301.91,311.18,1314.4,48.32,35,M,0
M-CHIL-212,Industrial Chiller Pump,302.21,304.43,1920.8,36.66,198,H,0
M-CHIL-213,Industrial Chiller Pump,299.94,306.82,2323.7,31.1,97,H,0
M-CHIL-214,Industrial Chiller Pump,301.4,307.87,1280.1,61.3,167,M,0
M-CHIL-215,Industrial Chiller Pump,298.03,310.95,1977.1,58.04,69,L,0
M-CHIL-216,Industrial Chiller Pump,296.71,308.12,1425.5,71.56,169,L,0
M-CHIL-217,Industrial Chiller Pump,295.04,311.54,1345.4,73.39,115,M,0
M-CHIL-218,Industrial Chiller Pump,297.85,309.9,2124.6,53.1,135,M,0
M-CHIL-219,Industrial Chiller Pump,300.73,313.9,1076.6,30.36,143,M,0
M-CHIL-220,Industrial Chiller Pump,297.25,305.96,1859.0,42.38,111,L,0
M-CHIL-221,Industrial Chiller Pump,301.07,312.76,1186.3,41.25,39,L,0
M-CHIL-222,Industrial Chiller Pump,300.46,304.21,1713.3,38.18,117,H,0
M-CHIL-223,Industrial Chiller Pump,295.45,307.55,1443.3,60.85,105,M,0
M-CHIL-224,Industrial Chiller Pump,299.56,304.78,1993.5,32.36,70,M,0
M-CHIL-225,Industrial Chiller Pump,298.73,314.48,1487.0,39.07,50,M,0
M-CHIL-226,Industrial Chiller Pump,296.46,305.52,2286.0,27.63,147,M,0
M-CHIL-227,Industrial Chiller Pump,295.09,312.75,2053.4,41.71,34,M,0
M-CHIL-228,Industrial Chiller Pump,296.45,314.26,1794.4,73.19,83,M,0
M-CHIL-229,Industrial Chiller Pump,296.52,312.89,1061.7,59.78,90,M,0
M-CHIL-230,Industrial Chiller Pump,299.74,311.82,1306.4,51.57,96,M,0
M-CHIL-231,Industrial Chiller Pump,298.97,314.47,2423.3,38.94,179,L,0
M-CHIL-232,Industrial Chiller Pump,297.0,310.59,2304.9,50.75,86,M,0
M-CHIL-233,Industrial Chiller Pump,296.38,305.78,2249.0,27.09,164,M,0
M-CHIL-234,Industrial Chiller Pump,298.86,309.98,2150.6,69.19,164,M,0
M-CHIL-235,Industrial Chiller Pump,297.78,309.79,1045.0,37.25,85,M,0
M-CHIL-236,Industrial Chiller Pump,295.76,304.56,1631.1,28.74,71,M,0
M-CHIL-237,Industrial Chiller Pump,296.68,304.87,1648.2,47.42,184,H,0
M-CHIL-238,Industrial Chiller Pump,299.92,307.52,1185.4,44.66,97,M,0
M-CHIL-239,Industrial Chiller Pump,301.13,313.23,1223.1,33.4,95,M,0
M-CHIL-240,Industrial Chiller Pump,301.56,314.96,1271.7,63.13,129,M,0
M-CHIL-241,Industrial Chiller Pump,297.12,305.07,1814.9,55.68,193,M,0
M-CHIL-242,Industrial Chiller Pump,298.55,314.93,1559.9,33.13,131,M,0
M-CHIL-243,Industrial Chiller Pump,302.38,308.71,1224.4,32.08,136,M,0
M-CHIL-244,Industrial Chiller Pump,297.91,310.74,1332.3,32.27,138,H,0
M-CHIL-245,Industrial Chiller Pump,302.26,306.01,1671.8,35.57,59,L,0
M-CHIL-246,Industrial Chiller Pump,299.68,307.43,1376.6,35.64,119,L,0
M-CHIL-247,Industrial Chiller Pump,297.03,307.66,2080.5,61.86,57,M,0
M-CHIL-248,Industrial Chiller Pump,301.96,312.14,1243.7,44.3,195,M,0
M-CHIL-249,Industrial Chiller Pump,300.75,305.01,2248.8,55.24,51,M,0
M-CHIL-250,Industrial Chiller Pump,295.66,312.55,2117.3,49.51,101,M,0
M-CHIL-251,Industrial Chiller Pump,295.3,308.05,1192.8,34.24,193,M,0
M-CHIL-252,Industrial Chiller Pump,298.87,313.77,1620.2,51.43,50,M,0
M-CHIL-253,Industrial Chiller Pump,299.05,308.01,1057.4,45.04,166,H,0
M-CHIL-254,Industrial Chiller Pump,295.15,305.31,2030.3,64.73,28,L,0
M-CHIL-255,Industrial Chiller Pump,300.02,309.7,1380.4,43.59,190,L,0
M-CHIL-256,Industrial Chiller Pump,300.0,310.37,1315.8,72.66,155,M,0
M-CHIL-257,Industrial Chiller Pump,301.53,306.33,1319.8,64.55,120,M,0
M-CHIL-258,Industrial Chiller Pump,299.59,305.38,1524.3,53.65,64,M,0
M-CHIL-259,Industrial Chiller Pump,299.46,314.37,1368.7,46.97,196,H,0
M-CHIL-260,Industrial Chiller Pump,301.24,305.95,2275.1,49.4,194,H,0
M-CHIL-261,Industrial Chiller Pump,300.5,311.65,2078.3,30.05,71,M,0
M-CHIL-262,Industrial Chiller Pump,297.59,311.43,1082.2,61.5,114,H,0
M-CHIL-263,Industrial Chiller Pump,296.81,305.07,1688.6,54.75,124,L,0
M-CHIL-264,Industrial Chiller Pump,297.37,312.38,2084.6,28.07,187,L,0
M-CHIL-265,Industrial Chiller Pump,298.17,308.59,2229.4,49.75,163,H,0
M-CHIL-266,Industrial Chiller Pump,297.0,305.0,1681.3,67.71,122,M,0
M-CHIL-267,Industrial Chiller Pump,297.93,304.7,2149.6,53.54,187,M,0
M-CHIL-268,Industrial Chiller Pump,298.21,314.72,1211.7,37.62,107,M,0
M-CHIL-269,Industrial Chiller Pump,299.39,306.33,2390.3,60.18,66,M,0
M-CHIL-270,Industrial Chiller Pump,302.04,308.18,1834.5,31.02,65,M,0
M-CHIL-271,Industrial Chiller Pump,300.25,307.08,2426.1,36.01,160,M,0
M-CHIL-272,Industrial Chiller Pump,301.67,314.15,1280.5,49.57,47,L,0
M-CHIL-273,Industrial Chiller Pump,301.66,308.28,1595.1,35.19,75,M,0
M-CHIL-274,Industrial Chiller Pump,296.24,307.41,2360.9,41.27,69,M,0
M-CHIL-275,Industrial Chiller Pump,302.68,312.41,1302.6,62.63,157,L,0
M-CHIL-276,Industrial Chiller Pump,302.13,305.05,1681.9,60.15,195,H,0
M-CHIL-277,Industrial Chiller Pump,297.95,309.41,1619.9,47.79,86,L,0
M-CHIL-278,Industrial Chiller Pump,301.43,312.1,1616.1,69.08,36,H,0
M-CHIL-279,Industrial Chiller Pump,302.63,310.24,1239.2,72.46,195,L,0
M-CHIL-280,Industrial Chiller Pump,296.91,307.06,1610.5,53.97,198,L,0
M-CHIL-281,Industrial Chiller Pump,302.37,304.98,2135.7,68.84,79,M,0
M-CHIL-282,Industrial Chiller Pump,300.99,305.0,2411.3,32.8,102,L,0
M-CHIL-283,Industrial Chiller Pump,302.91,312.54,2258.8,73.36,186,M,0
M-CHIL-284,Industrial Chiller Pump,300.88,310.53,1759.7,69.04,152,L,0
M-CHIL-285,Industrial Chiller Pump,295.77,310.34,1494.3,50.67,130,L,0
M-CHIL-286,Industrial Chiller Pump,295.26,305.8,2382.2,73.36,29,M,0
M-CHIL-287,Industrial Chiller Pump,295.08,312.33,2022.9,53.24,144,M,0
M-CHIL-288,Industrial Chiller Pump,296.91,312.3,2174.9,67.71,191,L,0
M-CHIL-289,Industrial Chiller Pump,295.44,304.23,2109.8,27.8,76,H,0
M-CHIL-290,Industrial Chiller Pump,302.75,307.48,1082.7,72.48,129,H,0
M-CHIL-291,Industrial Chiller Pump,301.67,305.68,2203.7,55.14,51,L,0
M-CHIL-292,Industrial Chiller Pump,298.64,311.02,2304.3,38.01,85,L,0
M-CHIL-293,Industrial Chiller Pump,299.06,310.14,1428.2,45.8,110,M,0
M-CHIL-294,Industrial Chiller Pump,296.91,310.61,1275.5,52.67,147,H,0
M-CHIL-295,Industrial Chiller Pump,300.97,307.96,2488.8,73.95,163,M,0
M-CHIL-296,Industrial Chiller Pump,302.5,314.99,1693.4,55.73,21,H,0
M-CHIL-297,Industrial Chiller Pump,299.0,310.7,1468.6,29.96,160,M,0
M-CHIL-298,Industrial Chiller Pump,300.19,311.15,1820.3,33.92,130,M,0
M-CHIL-299,Industrial Chiller Pump,301.55,306.13,1436.7,47.02,153,L,0
M-CHIL-300,Industrial Chiller Pump,297.7,309.62,1351.4,63.52,55,L,0
M-CHIL-301,Industrial Chiller Pump,302.49,314.91,2285.4,36.08,94,H,0
M-CHIL-302,Industrial Chiller Pump,296.32,304.55,1961.6,51.66,185,M,0
M-CHIL-303,Industrial Chiller Pump,300.14,308.42,2244.2,71.32,97,H,0
M-CHIL-304,Industrial Chiller Pump,296.31,311.93,1487.9,64.27,154,M,0
M-CHIL-305,Industrial Chiller Pump,301.51,312.32,1948.9,25.21,112,M,0
M-CHIL-306,Industrial Chiller Pump,302.69,311.16,1863.2,52.06,38,M,0
M-CHIL-307,Industrial Chiller Pump,296.07,304.58,1494.2,57.27,176,L,0
M-CHIL-308,Industrial Chiller Pump,297.36,304.51,1604.0,40.74,86,M,0
M-CHIL-309,Industrial Chiller Pump,295.24,308.08,1837.9,46.55,140,H,0
M-CHIL-310,Industrial Chiller Pump,296.23,307.39,1152.6,36.81,35,M,0
M-CHIL-311,Industrial Chiller Pump,300.69,307.15,1005.6,52.85,144,M,0
M-CHIL-312,Industrial Chiller Pump,297.38,309.4,1151.9,57.2,151,L,0
M-CHIL-313,Industrial Chiller Pump,297.63,313.27,2420.3,39.85,67,L,0
M-CHIL-314,Industrial Chiller Pump,300.67,309.61,2385.0,32.32,105,H,0
M-CHIL-315,Industrial Chiller Pump,295.42,304.59,1737.7,54.45,20,M,0
M-CHIL-316,Industrial Chiller Pump,298.92,306.46,1022.7,32.81,128,M,0
M-CHIL-317,Industrial Chiller Pump,300.18,305.68,2366.8,45.55,158,H,0
M-CHIL-318,Industrial Chiller Pump,298.76,309.74,2155.5,56.08,91,M,0
M-CHIL-319,Industrial Chiller Pump,302.78,307.13,1194.2,40.02,78,H,0
M-CHIL-320,Industrial Chiller Pump,300.67,310.81,1474.9,74.65,137,L,0
M-CHIL-321,Industrial Chiller Pump,299.46,310.07,1030.0,63.55,183,H,0
M-CHIL-322,Industrial Chiller Pump,301.37,309.88,1428.0,71.04,23,M,0
M-CHIL-323,Industrial Chiller Pump,302.09,309.29,1898.4,62.49,46,M,0
M-CHIL-324,Industrial Chiller Pump,302.99,306.61,1808.8,39.94,173,L,0
M-CHIL-325,Industrial Chiller Pump,296.13,310.61,2217.4,66.15,99,M,0
M-CHIL-326,Industrial Chiller Pump,298.1,312.26,2490.7,52.71,55,H,0
M-CHIL-327,Industrial Chiller Pump,302.55,309.31,2074.9,58.01,180,M,0
M-CHIL-328,Industrial Chiller Pump,298.53,314.05,1878.4,28.57,55,M,0
M-CHIL-329,Industrial Chiller Pump,302.95,306.47,2304.5,28.9,52,L,0
M-CHIL-330,Industrial Chiller Pump,302.19,305.94,1344.8,51.53,29,L,0
M-CHIL-331,Industrial Chiller Pump,297.9,309.38,1157.6,26.63,104,H,0
M-CHIL-332,Industrial Chiller Pump,300.04,312.74,1047.5,55.61,166,M,0
M-CHIL-333,Industrial Chiller Pump,302.68,305.22,1484.5,36.5,199,M,0
M-CHIL-334,Industrial Chiller Pump,298.1,313.32,2394.9,71.89,120,M,0
M-CHIL-335,Industrial Chiller Pump,297.79,310.68,1454.1,62.3,75,L,0
M-CHIL-336,Industrial Chiller Pump,296.15,310.29,1781.0,38.19,25,H,0
M-CHIL-337,Industrial Chiller Pump,302.74,314.35,1179.0,43.74,103,M,0
M-CHIL-338,Industrial Chiller Pump,297.39,314.04,2362.7,25.95,137,H,0
M-CHIL-339,Industrial Chiller Pump,299.78,313.54,1974.3,48.45,192,L,0
M-CHIL-340,Industrial Chiller Pump,296.99,308.26,2139.8,25.97,31,L,0
M-CHIL-341,Industrial Chiller Pump,295.34,311.46,1478.4,66.29,172,L,0
M-CHIL-342,Industrial Chiller Pump,295.76,308.65,1860.9,70.8,67,H,0
M-CHIL-343,Industrial Chiller Pump,296.61,309.45,2021.6,59.53,33,L,0
M-CHIL-344,Industrial Chiller Pump,300.28,308.48,1856.6,63.39,67,L,0
M-CHIL-345,Industrial Chiller Pump,296.1,313.92,2111.3,58.03,34,L,0
M-CHIL-346,Industrial Chiller Pump,297.36,312.2,2327.2,37.21,184,M,0
M-CHIL-347,Industrial Chiller Pump,300.27,314.06,1790.1,47.03,133,M,0
M-CHIL-348,Industrial Chiller Pump,295.49,305.99,1020.3,30.41,151,H,0
M-CHIL-349,Industrial Chiller Pump,297.44,308.94,2406.7,41.35,160,M,0
M-CHIL-350,Industrial Chiller Pump,295.79,305.09,1648.7,27.89,122,M,0
M-CHIL-351,Industrial Chiller Pump,300.62,306.04,1889.4,33.73,150,M,0
M-CHIL-352,Industrial Chiller Pump,299.92,313.71,1732.4,34.61,179,M,0
M-CHIL-353,Industrial Chiller Pump,300.84,307.52,1447.3,57.1,48,L,0
M-CHIL-354,Industrial Chiller Pump,298.1,304.21,1458.2,64.25,174,M,0
M-CHIL-355,Industrial Chiller Pump,297.35,309.81,2254.6,40.8,89,M,0
M-CHIL-356,Industrial Chiller Pump,302.1,310.4,1311.4,29.46,37,L,0
M-CHIL-357,Industrial Chiller Pump,301.58,312.42,1744.5,58.63,42,M,0
M-CHIL-358,Industrial Chiller Pump,301.49,304.68,1444.2,30.51,66,L,0
M-CHIL-359,Industrial Chiller Pump,297.66,311.59,2160.0,65.83,177,M,0
M-CHIL-360,Industrial Chiller Pump,297.25,305.66,1755.6,30.18,183,M,0
M-CHIL-361,Industrial Chiller Pump,301.98,311.8,2285.8,69.2,29,L,0
M-CHIL-362,Industrial Chiller Pump,296.81,314.88,2167.6,25.19,186,M,0
M-CHIL-363,Industrial Chiller Pump,298.33,310.74,2374.5,71.37,121,M,0
M-CHIL-364,Industrial Chiller Pump,297.23,308.01,1270.8,58.49,115,L,0
M-CHIL-365,Industrial Chiller Pump,295.75,308.4,1359.8,51.76,104,M,0
M-CHIL-366,Industrial Chiller Pump,297.53,312.0,1722.4,35.11,118,M,0
M-CHIL-367,Industrial Chiller Pump,295.17,306.24,1363.6,37.4,62,M,0
M-CHIL-368,Industrial Chiller Pump,297.1,313.72,1479.5,42.49,67,L,0
M-CHIL-369,Industrial Chiller Pump,299.28,310.72,2103.2,41.69,194,H,0
M-CHIL-370,Industrial Chiller Pump,298.66,305.6,2185.6,30.37,119,H,0
M-CHIL-371,Industrial Chiller Pump,298.62,307.08,2354.9,27.65,136,M,0
M-CHIL-372,Industrial Chiller Pump,302.11,313.66,2465.6,37.7,69,M,0
M-CHIL-373,Industrial Chiller Pump,299.3,308.04,2110.4,25.43,23,L,0
M-CHIL-374,Industrial Chiller Pump,302.06,312.54,1175.6,71.75,113,L,0
M-CHIL-375,Industrial Chiller Pump,296.61,310.04,1495.1,73.74,105,L,0
M-CHIL-376,Industrial Chiller Pump,299.83,305.04,1814.4,52.01,148,M,0
M-CHIL-377,Industrial Chiller Pump,301.89,310.85,1059.0,60.34,183,M,0
M-CHIL-378,Industrial Chiller Pump,298.04,310.5,1257.1,55.06,110,H,0
M-CHIL-379,Industrial Chiller Pump,297.58,306.1,1586.0,37.09,170,M,0
M-CHIL-380,Industrial Chiller Pump,300.92,307.97,1005.2,35.96,155,M,0
M-CHIL-381,Industrial Chiller Pump,299.31,307.09,1113.6,64.24,26,H,0
M-CHIL-382,Industrial Chiller Pump,297.36,310.3,2488.3,29.53,105,M,0
M-CHIL-383,Industrial Chiller Pump,301.58,311.59,2211.6,51.12,98,M,0
M-CHIL-384,Industrial Chiller Pump,302.21,310.06,1908.4,41.9,127,M,0
M-CHIL-385,Industrial Chiller Pump,301.03,310.29,1296.3,54.1,73,H,0
M-CHIL-386,Industrial Chiller Pump,301.6,304.73,1947.6,74.42,35,M,0
M-CHIL-387,Industrial Chiller Pump,301.09,305.07,2249.1,25.01,180,H,0
M-CHIL-388,Industrial Chiller Pump,302.38,313.51,1809.3,63.9,33,H,0
M-CHIL-389,Industrial Chiller Pump,297.95,309.91,2302.3,52.13,139,M,0
M-CHIL-390,Industrial Chiller Pump,302.02,312.54,2465.5,26.0,57,L,0
M-CHIL-391,Industrial Chiller Pump,301.34,306.94,2461.4,68.49,31,L,0
M-CHIL-392,Industrial Chiller Pump,301.28,306.43,2003.9,73.51,141,L,0
M-CHIL-393,Industrial Chiller Pump,295.8,312.0,1307.1,28.59,119,L,0
M-CHIL-394,Industrial Chiller Pump,299.37,314.25,2043.5,30.88,188,H,0
M-CHIL-395,Industrial Chiller Pump,301.07,305.63,2497.9,41.61,109,M,0
M-CHIL-396,Industrial Chiller Pump,295.82,309.43,1224.3,65.1,192,L,0
M-CHIL-397,Industrial Chiller Pump,298.45,304.03,1055.0,49.75,142,L,0
M-CHIL-398,Industrial Chiller Pump,299.8,314.76,1740.7,55.0,61,M,0
M-CHIL-399,Industrial Chiller Pump,300.47,310.62,1554.5,30.6,81,H,0
M-CHIL-400,Industrial Chiller Pump,299.65,307.55,1569.8,53.75,124,M,0
M-CHIL-F1-001,Industrial Chiller Pump,308.93,326.35,2231.8,48.38,95,L,1
M-CHIL-F1-002,Industrial Chiller Pump,306.45,329.44,1709.8,66.53,76,M,1
M-CHIL-F1-003,Industrial Chiller Pump,306.66,331.34,2077.5,28.85,119,H,1
M-CHIL-F1-004,Industrial Chiller Pump,306.45,327.71,1695.3,67.02,105,L,1
M-CHIL-F1-005,Industrial Chiller Pump,311.84,324.42,2251.2,68.5,155,H,1
M-CHIL-F1-006,Industrial Chiller Pump,312.0,320.91,1792.2,45.73,148,M,1
M-CHIL-F1-007,Industrial Chiller Pump,309.77,328.99,1028.5,54.55,92,M,1
M-CHIL-F1-008,Industrial Chiller Pump,305.61,320.72,1266.3,68.48,69,M,1
M-CHIL-F1-009,Industrial Chiller Pump,308.12,329.29,1389.2,28.42,72,L,1
M-CHIL-F1-010,Industrial Chiller Pump,312.32,320.66,2215.7,28.31,66,H,1
M-CHIL-F1-011,Industrial Chiller Pump,312.29,329.19,1553.7,43.87,109,H,1
M-CHIL-F1-012,Industrial Chiller Pump,306.16,331.01,1303.5,61.33,51,H,1
M-CHIL-F1-013,Industrial Chiller Pump,312.2,331.72,1908.0,48.1,97,M,1
M-CHIL-F1-014,Industrial Chiller Pump,311.06,329.81,2228.5,51.15,132,H,1
M-CHIL-F1-015,Industrial Chiller Pump,305.24,328.42,1158.2,52.53,120,M,1
M-CHIL-F1-016,Industrial Chiller Pump,305.35,331.53,1064.9,70.24,27,L,1
M-CHIL-F1-017,Industrial Chiller Pump,312.4,331.79,2340.1,69.15,91,M,1
M-CHIL-F1-018,Industrial Chiller Pump,309.96,331.65,2257.2,64.15,114,M,1
M-CHIL-F1-019,Industrial Chiller Pump,312.38,322.5,1289.1,74.12,97,M,1
M-CHIL-F1-020,Industrial Chiller Pump,311.8,331.05,1264.9,33.68,131,L,1
M-CHIL-F2-001,Industrial Chiller Pump,298.48,322.31,1600.1,116.66,157,M,1
M-CHIL-F2-002,Industrial Chiller Pump,297.51,312.76,1417.1,140.48,56,M,1
M-CHIL-F2-003,Industrial Chiller Pump,304.25,312.66,1877.1,103.87,53,L,1
M-CHIL-F2-004,Industrial Chiller Pump,300.06,320.4,2050.1,110.66,70,L,1
M-CHIL-F2-005,Industrial Chiller Pump,302.68,314.15,1937.0,135.86,52,H,1
M-CHIL-F2-006,Industrial Chiller Pump,299.02,319.47,2144.1,135.82,51,L,1
M-CHIL-F2-007,Industrial Chiller Pump,304.92,320.48,1860.3,133.1,140,L,1
M-CHIL-F2-008,Industrial Chiller Pump,297.34,320.28,2051.6,102.8,49,L,1
M-CHIL-F2-009,Industrial Chiller Pump,299.78,314.79,1471.4,104.13,151,L,1
M-CHIL-F2-010,Industrial Chiller Pump,298.76,309.8,1465.8,114.0,20,L,1
M-CHIL-F2-011,Industrial Chiller Pump,305.36,322.45,2007.3,129.49,108,L,1
M-CHIL-F2-012,Industrial Chiller Pump,303.83,318.71,1986.0,105.76,155,H,1
M-CHIL-F2-013,Industrial Chiller Pump,303.13,309.31,2066.6,140.92,77,L,1
M-CHIL-F2-014,Industrial Chiller Pump,299.69,310.71,1345.8,108.46,108,L,1
M-CHIL-F2-015,Industrial Chiller Pump,298.26,309.5,1277.1,108.21,59,M,1
M-CHIL-F2-016,Industrial Chiller Pump,301.13,322.55,1125.4,135.77,89,M,1
M-CHIL-F2-017,Industrial Chiller Pump,304.97,313.17,2192.8,97.83,93,M,1
M-CHIL-F2-018,Industrial Chiller Pump,300.49,315.63,2143.1,115.28,117,L,1
M-CHIL-F2-019,Industrial Chiller Pump,301.44,314.94,2216.2,134.1,151,M,1
M-CHIL-F2-020,Industrial Chiller Pump,303.66,312.24,2082.3,139.24,57,H,1
M-CHIL-F3-001,Industrial Chiller Pump,296.61,310.96,3340.2,101.66,69,L,1
M-CHIL-F3-002,Industrial Chiller Pump,298.62,309.47,3435.1,84.69,89,L,1
M-CHIL-F3-003,Industrial Chiller Pump,302.62,304.84,3996.7,90.51,135,M,1
M-CHIL-F3-004,Industrial Chiller Pump,295.92,310.73,4117.4,87.95,23,L,1
M-CHIL-F3-005,Industrial Chiller Pump,300.58,312.9,3074.8,109.21,78,L,1
M-CHIL-F3-006,Industrial Chiller Pump,295.52,313.73,3841.7,99.13,28,M,1
M-CHIL-F3-007,Industrial Chiller Pump,299.78,311.99,3895.9,95.81,48,L,1
M-CHIL-F3-008,Industrial Chiller Pump,302.4,306.33,3788.3,88.59,140,H,1
M-CHIL-F3-009,Industrial Chiller Pump,302.92,310.72,3028.6,108.96,115,M,1
M-CHIL-F3-010,Industrial Chiller Pump,297.2,307.7,4143.0,101.55,22,M,1
M-CHIL-F3-011,Industrial Chiller Pump,299.79,305.63,3122.9,84.28,108,M,1
M-CHIL-F3-012,Industrial Chiller Pump,297.99,304.66,3922.5,105.5,136,M,1
M-CHIL-F3-013,Industrial Chiller Pump,301.19,310.35,3614.5,90.29,27,M,1
M-CHIL-F3-014,Industrial Chiller Pump,300.47,314.2,3320.3,102.6,86,M,1
M-CHIL-F3-015,Industrial Chiller Pump,295.01,305.35,3271.3,109.3,25,M,1
M-CHIL-F3-016,Industrial Chiller Pump,302.43,311.17,3605.5,94.08,107,M,1
M-CHIL-F3-017,Industrial Chiller Pump,300.64,310.8,3709.3,111.2,136,M,1
M-CHIL-F3-018,Industrial Chiller Pump,299.31,311.96,4004.9,91.36,113,H,1
M-CHIL-F3-019,Industrial Chiller Pump,298.44,314.32,3407.9,87.13,40,M,1
M-CHIL-F3-020,Industrial Chiller Pump,296.8,308.7,3898.6,109.14,35,L,1
M-CHIL-F4-001,Industrial Chiller Pump,295.83,308.17,2494.8,31.79,216,M,1
M-CHIL-F4-002,Industrial Chiller Pump,302.61,304.22,1334.1,65.2,232,H,1
M-CHIL-F4-003,Industrial Chiller Pump,295.42,310.15,1842.8,71.65,224,M,1
M-CHIL-F4-004,Industrial Chiller Pump,299.81,306.45,1821.0,71.76,289,M,1
M-CHIL-F4-005,Industrial Chiller Pump,301.89,313.17,2410.4,72.69,230,M,1
M-CHIL-F4-006,Industrial Chiller Pump,301.28,309.73,1377.0,68.54,282,M,1
M-CHIL-F4-007,Industrial Chiller Pump,299.77,310.4,1190.5,33.14,281,L,1
M-CHIL-F4-008,Industrial Chiller Pump,302.23,308.36,1431.4,86.39,281,L,1
M-CHIL-F4-009,Industrial Chiller Pump,297.67,311.03,2125.6,63.51,260,L,1
M-CHIL-F4-010,Industrial Chiller Pump,301.13,306.64,1586.0,76.32,234,L,1
M-CHIL-F4-011,Industrial Chiller Pump,301.71,313.85,1445.9,34.07,222,M,1
M-CHIL-F4-012,Industrial Chiller Pump,297.44,306.9,1333.6,62.63,256,M,1
M-CHIL-F4-013,Industrial Chiller Pump,296.11,314.22,1641.9,35.23,217,H,1
M-CHIL-F4-014,Industrial Chiller Pump,297.38,310.93,2456.4,44.5,274,L,1
M-CHIL-F4-015,Industrial Chiller Pump,298.13,306.79,1736.6,83.54,215,M,1
M-CHIL-F4-016,Industrial Chiller Pump,301.06,310.61,1746.0,62.1,261,M,1
M-CHIL-F4-017,Industrial Chiller Pump,297.85,309.69,1410.4,89.0,229,H,1
M-CHIL-F4-018,Industrial Chiller Pump,297.15,314.12,1988.3,56.0,284,L,1
M-CHIL-F4-019,Industrial Chiller Pump,298.21,310.2,2358.1,47.46,245,L,1
M-CHIL-F4-020,Industrial Chiller Pump,300.59,304.54,1176.1,80.39,217,L,1
M-CHIL-F5-001,Industrial Chiller Pump,305.36,323.79,3173.4,99.62,211,H,1
M-CHIL-F5-002,Industrial Chiller Pump,307.07,322.57,3060.4,89.55,227,M,1
M-CHIL-F5-003,Industrial Chiller Pump,304.39,319.53,3118.7,105.19,222,M,1
M-CHIL-F5-004,Industrial Chiller Pump,307.98,325.95,2993.9,98.26,251,L,1
M-CHIL-F5-005,Industrial Chiller Pump,305.6,325.31,3109.8,95.15,244,M,1
M-CHIL-F5-006,Industrial Chiller Pump,305.34,319.86,3400.2,115.91,213,M,1
M-CHIL-F5-007,Industrial Chiller Pump,304.81,324.17,3430.7,95.03,227,L,1
M-CHIL-F5-008,Industrial Chiller Pump,307.68,322.27,3386.4,117.32,232,H,1
M-CHIL-F5-009,Industrial Chiller Pump,306.55,324.92,2915.0,89.61,224,H,1
M-CHIL-F5-010,Industrial Chiller Pump,307.58,320.17,3292.7,94.17,259,M,1
M-CHIL-F5-011,Industrial Chiller Pump,304.21,325.18,3057.6,106.75,257,M,1
M-CHIL-F5-012,Industrial Chiller Pump,308.02,321.42,3285.9,89.6,254,H,1
M-CHIL-F5-013,Industrial Chiller Pump,305.51,326.67,2866.4,94.84,239,L,1
M-CHIL-F5-014,Industrial Chiller Pump,307.46,319.91,3311.1,100.63,259,M,1
M-CHIL-F5-015,Industrial Chiller Pump,306.66,323.46,3231.2,110.95,213,H,1
M-CHIL-F5-016,Industrial Chiller Pump,305.5,322.82,2983.3,93.47,256,H,1
M-CHIL-F5-017,Industrial Chiller Pump,308.69,326.26,3262.8,87.35,221,L,1
M-CHIL-F5-018,Industrial Chiller Pump,308.53,326.72,3497.1,88.41,238,L,1
M-CHIL-F5-019,Industrial Chiller Pump,305.6,322.48,2962.8,87.53,213,H,1
M-CHIL-F5-020,Industrial Chiller Pump,306.64,323.95,2980.8,114.13,254,H,1
M-GEN-001,Diesel Generator Drive,298.62,327.98,1913.0,125.82,152,H,0
M-GEN-002,Diesel Generator Drive,302.22,343.97,1540.6,135.06,44,H,0
M-GEN-003,Diesel Generator Drive,303.09,335.1,1572.3,89.69,213,H,0
M-GEN-004,Diesel Generator Drive,306.02,343.92,1670.5,92.05,240,M,0
M-GEN-005,Diesel Generator Drive,309.08,338.01,1630.6,137.91,72,M,0
M-GEN-006,Diesel Generator Drive,305.13,334.75,1787.2,151.79,56,H,0
M-GEN-007,Diesel Generator Drive,299.78,339.81,1264.9,94.78,93,M,0
M-GEN-008,Diesel Generator Drive,302.82,324.97,1649.5,145.4,226,H,0
M-GEN-009,Diesel Generator Drive,306.58,320.11,1924.3,142.71,147,H,0
M-GEN-010,Diesel Generator Drive,307.17,321.79,2095.6,155.08,215,L,0
M-GEN-011,Diesel Generator Drive,298.81,344.75,2058.6,125.87,209,L,0
M-GEN-012,Diesel Generator Drive,307.96,326.38,1572.1,157.97,222,M,0
M-GEN-013,Diesel Generator Drive,302.75,344.21,1615.0,154.04,133,M,0
M-GEN-014,Diesel Generator Drive,305.69,340.19,2181.4,86.38,249,M,0
M-GEN-015,Diesel Generator Drive,299.29,339.86,1531.5,165.51,69,L,0
M-GEN-016,Diesel Generator Drive,301.61,326.43,1250.3,123.01,127,H,0
M-GEN-017,Diesel Generator Drive,300.72,332.18,2008.3,172.24,158,M,0
M-GEN-018,Diesel Generator Drive,309.46,344.07,1390.4,128.46,235,L,0
M-GEN-019,Diesel Generator Drive,306.22,331.79,1603.7,158.71,86,M,0
M-GEN-020,Diesel Generator Drive,304.8,340.79,1573.9,130.35,99,L,0
M-GEN-021,Diesel Generator Drive,307.43,340.5,1257.5,123.56,63,M,0
M-GEN-022,Diesel Generator Drive,301.74,339.36,1265.2,126.46,60,M,0
M-GEN-023,Diesel Generator Drive,305.29,331.55,1479.6,73.56,195,L,0
M-GEN-024,Diesel Generator Drive,306.8,342.33,2129.5,119.45,204,M,0
M-GEN-025,Diesel Generator Drive,309.03,334.07,1952.5,71.6,173,L,0
M-GEN-026,Diesel Generator Drive,301.08,320.36,1943.6,107.19,137,M,0
M-GEN-027,Diesel Generator Drive,299.32,322.59,2160.9,107.28,93,H,0
M-GEN-028,Diesel Generator Drive,300.09,330.77,1542.1,116.7,205,M,0
M-GEN-029,Diesel Generator Drive,303.92,340.37,2057.3,134.99,59,M,0
M-GEN-030,Diesel Generator Drive,305.61,321.57,1219.9,174.32,212,H,0
M-GEN-031,Diesel Generator Drive,303.34,324.84,1210.3,113.09,192,L,0
M-GEN-032,Diesel Generator Drive,307.24,325.75,1536.2,127.26,77,L,0
M-GEN-033,Diesel Generator Drive,300.02,327.25,1777.6,83.55,186,L,0
M-GEN-034,Diesel Generator Drive,306.3,340.32,1638.5,110.18,112,M,0
M-GEN-035,Diesel Generator Drive,304.22,331.81,1300.7,144.07,211,H,0
M-GEN-036,Diesel Generator Drive,307.12,341.98,1374.6,119.72,249,M,0
M-GEN-037,Diesel Generator Drive,307.78,325.39,1263.9,76.54,273,H,0
M-GEN-038,Diesel Generator Drive,308.38,327.89,1240.1,96.51,156,H,0
M-GEN-039,Diesel Generator Drive,309.07,342.5,1349.1,151.08,145,L,0
M-GEN-040,Diesel Generator Drive,298.66,331.78,1485.5,149.9,57,M,0
M-GEN-041,Diesel Generator Drive,309.38,331.35,1654.2,124.53,133,M,0
M-GEN-042,Diesel Generator Drive,303.56,344.95,1316.4,101.39,82,M,0
M-GEN-043,Diesel Generator Drive,298.03,343.03,1731.1,168.57,116,H,0
M-GEN-044,Diesel Generator Drive,300.31,331.77,1240.3,156.0,227,L,0
M-GEN-045,Diesel Generator Drive,308.76,333.74,1679.3,128.21,75,M,0
M-GEN-046,Diesel Generator Drive,304.5,339.11,1547.9,80.14,179,L,0
M-GEN-047,Diesel Generator Drive,309.63,322.26,1946.4,135.54,33,L,0
M-GEN-048,Diesel Generator Drive,298.31,339.63,1921.3,145.67,59,L,0
M-GEN-049,Diesel Generator Drive,308.79,342.51,1560.4,124.14,58,H,0
M-GEN-050,Diesel Generator Drive,298.71,334.22,1521.4,133.75,178,L,0
M-GEN-051,Diesel Generator Drive,308.59,337.96,2018.5,70.35,33,M,0
M-GEN-052,Diesel Generator Drive,305.84,339.85,1647.3,173.42,233,H,0
M-GEN-053,Diesel Generator Drive,303.28,344.87,1609.9,112.49,103,M,0
M-GEN-054,Diesel Generator Drive,306.76,321.19,2035.7,170.93,225,L,0
M-GEN-055,Diesel Generator Drive,299.14,331.25,1271.0,162.05,268,M,0
M-GEN-056,Diesel Generator Drive,304.42,327.44,1578.9,122.42,227,H,0
M-GEN-057,Diesel Generator Drive,299.88,325.05,1253.2,140.78,77,M,0
M-GEN-058,Diesel Generator Drive,306.23,331.22,2106.0,154.61,98,H,0
M-GEN-059,Diesel Generator Drive,308.73,329.92,1582.5,159.1,32,M,0
M-GEN-060,Diesel Generator Drive,306.57,341.22,2085.2,121.22,241,H,0
M-GEN-061,Diesel Generator Drive,301.67,320.26,1365.5,149.72,31,M,0
M-GEN-062,Diesel Generator Drive,302.97,323.07,1885.6,146.24,211,L,0
M-GEN-063,Diesel Generator Drive,301.78,344.85,1273.0,141.25,272,M,0
M-GEN-064,Diesel Generator Drive,301.34,334.4,1981.3,106.18,239,M,0
M-GEN-065,Diesel Generator Drive,308.49,326.32,1817.4,109.36,110,M,0
M-GEN-066,Diesel Generator Drive,303.99,341.13,1959.3,119.43,100,L,0
M-GEN-067,Diesel Generator Drive,308.44,331.34,1895.8,110.62,67,M,0
M-GEN-068,Diesel Generator Drive,306.19,339.24,2051.7,71.95,151,M,0
M-GEN-069,Diesel Generator Drive,306.21,326.13,1766.3,148.32,222,M,0
M-GEN-070,Diesel Generator Drive,299.05,325.47,1799.1,74.45,69,L,0
M-GEN-071,Diesel Generator Drive,302.59,332.41,1211.0,135.11,111,M,0
M-GEN-072,Diesel Generator Drive,304.31,344.19,1468.3,132.75,125,M,0
M-GEN-073,Diesel Generator Drive,298.67,337.21,1395.3,121.53,138,M,0
M-GEN-074,Diesel Generator Drive,302.51,326.06,1648.7,75.08,90,L,0
M-GEN-075,Diesel Generator Drive,308.11,337.88,1832.6,159.24,61,M,0
M-GEN-076,Diesel Generator Drive,299.4,339.45,1720.6,159.1,229,M,0
M-GEN-077,Diesel Generator Drive,303.96,320.71,1723.5,144.52,88,L,0
M-GEN-078,Diesel Generator Drive,309.7,327.07,1913.0,73.3,196,M,0
M-GEN-079,Diesel Generator Drive,307.87,327.61,2078.0,164.38,197,M,0
M-GEN-080,Diesel Generator Drive,305.42,338.25,2175.3,83.39,108,L,0
M-GEN-081,Diesel Generator Drive,302.91,336.81,1333.1,148.01,198,M,0
M-GEN-082,Diesel Generator Drive,307.18,342.0,2029.3,84.03,216,M,0
M-GEN-083,Diesel Generator Drive,302.01,341.99,1759.6,125.14,226,M,0
M-GEN-084,Diesel Generator Drive,308.3,322.57,1976.1,88.02,86,H,0
M-GEN-085,Diesel Generator Drive,300.86,338.3,1855.3,95.28,97,H,0
M-GEN-086,Diesel Generator Drive,302.97,329.46,1345.8,161.81,243,H,0
M-GEN-087,Diesel Generator Drive,301.2,338.4,2070.0,77.88,255,H,0
M-GEN-088,Diesel Generator Drive,305.61,320.55,2128.3,108.91,192,H,0
M-GEN-089,Diesel Generator Drive,301.86,338.68,2173.0,179.13,232,L,0
M-GEN-090,Diesel Generator Drive,309.63,321.01,1370.2,75.79,155,L,0
M-GEN-091,Diesel Generator Drive,304.99,333.89,2026.7,172.18,204,L,0
M-GEN-092,Diesel Generator Drive,300.1,332.59,1564.6,106.58,83,L,0
M-GEN-093,Diesel Generator Drive,303.4,333.26,1476.3,175.91,182,H,0
M-GEN-094,Diesel Generator Drive,301.21,344.98,2174.8,129.91,171,L,0
M-GEN-095,Diesel Generator Drive,306.5,343.31,1679.1,177.35,164,M,0
M-GEN-096,Diesel Generator Drive,298.99,335.29,1967.8,118.32,155,M,0
M-GEN-097,Diesel Generator Drive,309.63,331.92,1326.2,73.18,223,M,0
M-GEN-098,Diesel Generator Drive,298.03,329.56,2114.0,174.25,43,H,0
M-GEN-099,Diesel Generator Drive,298.06,341.72,1270.9,81.87,86,L,0
M-GEN-100,Diesel Generator Drive,306.26,335.42,1984.7,146.26,216,H,0
M-GEN-101,Diesel Generator Drive,305.08,338.83,1765.7,71.3,82,L,0
M-GEN-102,Diesel Generator Drive,306.46,337.21,1860.3,84.06,31,M,0
M-GEN-103,Diesel Generator Drive,303.33,340.3,1381.6,100.26,49,M,0
M-GEN-104,Diesel Generator Drive,301.07,326.57,1454.1,95.47,109,M,0
M-GEN-105,Diesel Generator Drive,303.25,321.59,1625.9,163.09,55,L,0
M-GEN-106,Diesel Generator Drive,301.7,320.36,1453.2,77.66,171,M,0
M-GEN-107,Diesel Generator Drive,307.68,338.32,1668.6,131.67,182,M,0
M-GEN-108,Diesel Generator Drive,299.67,329.41,1294.9,104.63,168,M,0
M-GEN-109,Diesel Generator Drive,299.45,320.21,1288.9,73.98,130,M,0
M-GEN-110,Diesel Generator Drive,300.9,325.39,1596.4,79.52,83,M,0
M-GEN-111,Diesel Generator Drive,299.14,341.02,1876.0,112.14,67,H,0
M-GEN-112,Diesel Generator Drive,299.44,324.0,1622.5,97.02,251,L,0
M-GEN-113,Diesel Generator Drive,306.3,340.22,1455.1,143.15,44,L,0
M-GEN-114,Diesel Generator Drive,306.04,327.92,1973.0,71.74,124,L,0
M-GEN-115,Diesel Generator Drive,301.16,336.7,1560.1,113.16,216,L,0
M-GEN-116,Diesel Generator Drive,300.0,326.92,1687.8,137.52,146,L,0
M-GEN-117,Diesel Generator Drive,307.22,330.13,1240.6,91.39,151,L,0
M-GEN-118,Diesel Generator Drive,304.81,333.26,1924.0,86.75,66,M,0
M-GEN-119,Diesel Generator Drive,309.94,341.9,1880.1,113.03,168,M,0
M-GEN-120,Diesel Generator Drive,306.09,330.47,1320.2,93.66,182,M,0
M-GEN-121,Diesel Generator Drive,299.15,340.21,2024.3,149.54,200,M,0
M-GEN-122,Diesel Generator Drive,309.04,326.71,1382.5,140.24,121,L,0
M-GEN-123,Diesel Generator Drive,303.52,324.09,2157.5,126.7,159,M,0
M-GEN-124,Diesel Generator Drive,308.03,327.19,1213.7,124.7,261,M,0
M-GEN-125,Diesel Generator Drive,301.2,338.45,1975.5,117.91,238,H,0
M-GEN-126,Diesel Generator Drive,302.4,330.11,1512.8,93.95,114,H,0
M-GEN-127,Diesel Generator Drive,306.44,337.1,1650.2,105.52,138,L,0
M-GEN-128,Diesel Generator Drive,305.24,338.28,1429.5,80.42,50,M,0
M-GEN-129,Diesel Generator Drive,306.6,339.35,1920.4,170.4,43,L,0
M-GEN-130,Diesel Generator Drive,305.93,324.39,1882.4,126.29,119,M,0
M-GEN-131,Diesel Generator Drive,303.57,325.98,1282.8,163.07,178,M,0
M-GEN-132,Diesel Generator Drive,303.36,341.62,1519.8,111.82,221,M,0
M-GEN-133,Diesel Generator Drive,305.91,330.86,1700.2,156.56,278,L,0
M-GEN-134,Diesel Generator Drive,299.93,325.61,1609.9,149.11,157,L,0
M-GEN-135,Diesel Generator Drive,298.58,326.46,1419.3,151.86,146,H,0
M-GEN-136,Diesel Generator Drive,307.28,329.05,1460.5,90.1,266,L,0
M-GEN-137,Diesel Generator Drive,298.92,325.82,1846.1,143.75,134,M,0
M-GEN-138,Diesel Generator Drive,306.43,343.76,1925.1,82.13,209,H,0
M-GEN-139,Diesel Generator Drive,304.03,333.17,1978.3,71.27,248,M,0
M-GEN-140,Diesel Generator Drive,298.37,324.0,1239.5,154.25,72,H,0
M-GEN-141,Diesel Generator Drive,299.66,333.99,1695.5,97.09,265,L,0
M-GEN-142,Diesel Generator Drive,301.77,331.86,1716.8,153.18,136,M,0
M-GEN-143,Diesel Generator Drive,302.95,339.07,1755.9,161.06,43,L,0
M-GEN-144,Diesel Generator Drive,307.83,340.46,1340.3,98.98,275,L,0
M-GEN-145,Diesel Generator Drive,300.72,330.82,1355.9,98.89,76,H,0
M-GEN-146,Diesel Generator Drive,304.95,326.02,2192.2,126.7,119,L,0
M-GEN-147,Diesel Generator Drive,305.45,323.18,1697.8,118.52,221,M,0
M-GEN-148,Diesel Generator Drive,302.45,331.74,1718.8,116.47,56,L,0
M-GEN-149,Diesel Generator Drive,306.07,331.74,1769.6,93.45,162,L,0
M-GEN-150,Diesel Generator Drive,304.4,332.02,1662.4,153.78,218,L,0
M-GEN-151,Diesel Generator Drive,300.95,335.45,1978.9,131.81,224,L,0
M-GEN-152,Diesel Generator Drive,300.09,327.66,1801.3,101.86,265,H,0
M-GEN-153,Diesel Generator Drive,302.28,344.86,1389.2,119.37,108,L,0
M-GEN-154,Diesel Generator Drive,301.65,324.04,2133.1,104.91,215,M,0
M-GEN-155,Diesel Generator Drive,300.14,340.06,1255.6,106.52,225,M,0
M-GEN-156,Diesel Generator Drive,306.27,321.67,1949.8,88.91,232,M,0
M-GEN-157,Diesel Generator Drive,306.87,325.32,1595.4,158.23,257,M,0
M-GEN-158,Diesel Generator Drive,307.52,322.71,1625.7,173.26,266,M,0
M-GEN-159,Diesel Generator Drive,300.31,323.74,1680.9,80.13,119,H,0
M-GEN-160,Diesel Generator Drive,301.11,342.51,1647.0,78.11,191,L,0
M-GEN-161,Diesel Generator Drive,303.56,335.61,2119.4,116.1,196,M,0
M-GEN-162,Diesel Generator Drive,309.55,332.6,2085.7,125.79,197,M,0
M-GEN-163,Diesel Generator Drive,309.01,336.17,1219.9,71.72,199,H,0
M-GEN-164,Diesel Generator Drive,306.59,328.05,1738.9,89.18,91,M,0
M-GEN-165,Diesel Generator Drive,305.99,323.89,1481.3,92.77,245,M,0
M-GEN-166,Diesel Generator Drive,303.62,343.67,1935.8,172.54,179,H,0
M-GEN-167,Diesel Generator Drive,306.11,325.04,1546.0,126.06,69,H,0
M-GEN-168,Diesel Generator Drive,301.93,340.61,1215.4,82.04,231,M,0
M-GEN-169,Diesel Generator Drive,309.26,329.51,1996.7,98.47,45,L,0
M-GEN-170,Diesel Generator Drive,309.13,337.7,1970.1,70.78,218,M,0
M-GEN-171,Diesel Generator Drive,303.43,333.5,1471.2,146.59,103,M,0
M-GEN-172,Diesel Generator Drive,299.64,336.88,1389.6,88.75,36,H,0
M-GEN-173,Diesel Generator Drive,300.79,325.56,1527.7,75.99,263,H,0
M-GEN-174,Diesel Generator Drive,306.42,333.38,1752.8,81.61,90,L,0
M-GEN-175,Diesel Generator Drive,303.56,331.43,1745.9,117.72,231,L,0
M-GEN-176,Diesel Generator Drive,301.8,340.3,1718.6,139.05,246,M,0
M-GEN-177,Diesel Generator Drive,307.08,335.7,1626.7,156.8,56,M,0
M-GEN-178,Diesel Generator Drive,298.56,323.9,1798.9,103.84,95,L,0
M-GEN-179,Diesel Generator Drive,302.39,334.12,1734.2,76.82,198,M,0
M-GEN-180,Diesel Generator Drive,302.58,321.65,1493.0,167.25,73,M,0
M-GEN-181,Diesel Generator Drive,300.46,342.27,1900.0,167.0,258,L,0
M-GEN-182,Diesel Generator Drive,303.83,331.91,2028.9,106.51,35,M,0
M-GEN-183,Diesel Generator Drive,306.6,323.09,1984.8,159.7,55,H,0
M-GEN-184,Diesel Generator Drive,300.39,328.91,1732.7,123.41,243,H,0
M-GEN-185,Diesel Generator Drive,306.37,333.72,1936.8,107.61,147,H,0
M-GEN-186,Diesel Generator Drive,299.39,329.37,1681.3,79.43,236,L,0
M-GEN-187,Diesel Generator Drive,305.16,321.34,1938.8,93.89,213,M,0
M-GEN-188,Diesel Generator Drive,298.64,326.97,1627.0,150.99,63,M,0
M-GEN-189,Diesel Generator Drive,299.0,335.4,1674.3,172.19,215,L,0
M-GEN-190,Diesel Generator Drive,299.97,326.67,1713.1,71.48,247,L,0
M-GEN-191,Diesel Generator Drive,298.7,341.23,1204.5,82.56,43,M,0
M-GEN-192,Diesel Generator Drive,307.41,324.46,1971.5,90.34,277,L,0
M-GEN-193,Diesel Generator Drive,306.85,334.79,1442.5,83.12,145,M,0
M-GEN-194,Diesel Generator Drive,306.09,324.25,1762.1,146.27,104,L,0
M-GEN-195,Diesel Generator Drive,303.18,324.07,1394.8,100.68,69,M,0
M-GEN-196,Diesel Generator Drive,309.39,342.4,1523.8,165.11,268,M,0
M-GEN-197,Diesel Generator Drive,308.86,344.94,1997.7,112.92,182,M,0
M-GEN-198,Diesel Generator Drive,309.95,321.7,2093.1,78.2,40,L,0
M-GEN-199,Diesel Generator Drive,308.41,329.04,2157.5,164.8,255,M,0
M-GEN-200,Diesel Generator Drive,309.5,340.24,2140.0,100.97,163,L,0
M-GEN-201,Diesel Generator Drive,304.96,340.03,2173.1,158.5,108,H,0
M-GEN-202,Diesel Generator Drive,301.27,336.57,1210.9,90.87,111,L,0
M-GEN-203,Diesel Generator Drive,298.61,321.25,1751.8,89.55,90,H,0
M-GEN-204,Diesel Generator Drive,304.98,321.39,2140.0,83.55,267,L,0
M-GEN-205,Diesel Generator Drive,307.94,324.32,1869.6,159.88,169,M,0
M-GEN-206,Diesel Generator Drive,299.91,330.36,1350.5,177.01,201,H,0
M-GEN-207,Diesel Generator Drive,303.72,335.95,1295.6,143.15,74,M,0
M-GEN-208,Diesel Generator Drive,305.51,329.13,1580.9,162.8,107,M,0
M-GEN-209,Diesel Generator Drive,308.19,323.82,1245.9,160.81,167,L,0
M-GEN-210,Diesel Generator Drive,300.56,340.82,1295.3,167.15,235,M,0
M-GEN-211,Diesel Generator Drive,305.3,328.65,1401.6,120.1,194,L,0
M-GEN-212,Diesel Generator Drive,307.81,330.86,1943.2,81.89,133,M,0
M-GEN-213,Diesel Generator Drive,309.99,329.78,1283.3,77.4,204,M,0
M-GEN-214,Diesel Generator Drive,308.43,332.07,1530.4,153.5,134,L,0
M-GEN-215,Diesel Generator Drive,306.57,338.08,2057.1,163.32,196,L,0
M-GEN-216,Diesel Generator Drive,298.25,343.26,1348.3,93.28,234,M,0
M-GEN-217,Diesel Generator Drive,303.1,326.53,1424.4,81.69,79,M,0
M-GEN-218,Diesel Generator Drive,306.48,338.47,1570.1,171.42,112,H,0
M-GEN-219,Diesel Generator Drive,309.34,333.52,2171.4,113.3,219,H,0
M-GEN-220,Diesel Generator Drive,308.25,324.27,1268.7,80.75,169,M,0
M-GEN-221,Diesel Generator Drive,309.53,341.32,2003.3,159.06,252,L,0
M-GEN-222,Diesel Generator Drive,309.14,343.36,1498.3,94.15,190,H,0
M-GEN-223,Diesel Generator Drive,300.53,339.32,1849.3,141.59,267,M,0
M-GEN-224,Diesel Generator Drive,303.17,327.01,1538.6,100.56,38,M,0
M-GEN-225,Diesel Generator Drive,308.02,338.21,1821.8,169.24,96,M,0
M-GEN-226,Diesel Generator Drive,298.38,342.3,1647.7,89.57,89,L,0
M-GEN-227,Diesel Generator Drive,299.31,343.13,1573.5,97.62,112,M,0
M-GEN-228,Diesel Generator Drive,304.58,334.67,1647.8,119.1,101,M,0
M-GEN-229,Diesel Generator Drive,303.61,334.94,1330.7,154.04,200,M,0
M-GEN-230,Diesel Generator Drive,303.51,343.67,1220.5,159.25,157,M,0
M-GEN-231,Diesel Generator Drive,306.21,331.4,1391.9,170.05,215,M,0
M-GEN-232,Diesel Generator Drive,303.38,332.48,2023.5,71.38,246,H,0
M-GEN-233,Diesel Generator Drive,305.39,328.33,1878.2,79.41,169,L,0
M-GEN-234,Diesel Generator Drive,303.94,322.11,1237.4,138.33,47,H,0
M-GEN-235,Diesel Generator Drive,303.11,325.24,1404.2,122.91,100,M,0
M-GEN-236,Diesel Generator Drive,304.17,327.27,1280.2,145.1,176,M,0
M-GEN-237,Diesel Generator Drive,304.99,343.89,2156.5,128.51,54,M,0
M-GEN-238,Diesel Generator Drive,298.32,330.38,2109.4,121.42,167,H,0
M-GEN-239,Diesel Generator Drive,298.19,344.83,1538.3,100.73,172,L,0
M-GEN-240,Diesel Generator Drive,301.02,333.1,1532.6,122.91,70,M,0
M-GEN-241,Diesel Generator Drive,298.57,341.0,1827.7,173.56,179,H,0
M-GEN-242,Diesel Generator Drive,303.81,336.62,1574.2,130.79,70,L,0
M-GEN-243,Diesel Generator Drive,308.91,327.87,1993.3,80.11,91,M,0
M-GEN-244,Diesel Generator Drive,302.64,335.49,1763.0,79.6,62,H,0
M-GEN-245,Diesel Generator Drive,309.43,336.13,2055.6,129.54,78,M,0
M-GEN-246,Diesel Generator Drive,304.06,330.2,1571.8,141.51,184,H,0
M-GEN-247,Diesel Generator Drive,307.79,335.9,1735.8,152.38,68,L,0
M-GEN-248,Diesel Generator Drive,301.25,326.57,2014.9,106.74,237,M,0
M-GEN-249,Diesel Generator Drive,304.61,325.77,1931.5,88.36,254,M,0
M-GEN-250,Diesel Generator Drive,303.66,320.6,2175.8,159.45,141,L,0
M-GEN-251,Diesel Generator Drive,309.17,333.33,1433.9,123.58,111,M,0
M-GEN-252,Diesel Generator Drive,308.94,327.05,2039.0,172.88,231,M,0
M-GEN-253,Diesel Generator Drive,304.77,340.49,1244.5,150.95,162,M,0
M-GEN-254,Diesel Generator Drive,307.2,326.66,2095.5,145.73,182,M,0
M-GEN-255,Diesel Generator Drive,300.55,335.42,1924.9,71.29,121,L,0
M-GEN-256,Diesel Generator Drive,305.59,335.38,1428.6,139.53,226,M,0
M-GEN-257,Diesel Generator Drive,300.19,321.93,1705.7,145.22,70,M,0
M-GEN-258,Diesel Generator Drive,304.82,323.9,1469.9,136.93,211,M,0
M-GEN-259,Diesel Generator Drive,306.56,334.54,2035.8,160.94,229,M,0
M-GEN-260,Diesel Generator Drive,309.93,320.98,1395.7,158.98,236,L,0
M-GEN-261,Diesel Generator Drive,308.47,330.57,2131.8,93.01,264,M,0
M-GEN-262,Diesel Generator Drive,299.97,338.4,1495.9,94.25,73,H,0
M-GEN-263,Diesel Generator Drive,307.18,332.16,2178.7,118.32,240,L,0
M-GEN-264,Diesel Generator Drive,298.27,322.63,1547.9,165.71,239,M,0
M-GEN-265,Diesel Generator Drive,300.4,340.06,1796.9,73.48,231,L,0
M-GEN-266,Diesel Generator Drive,298.51,327.15,2019.5,134.31,277,L,0
M-GEN-267,Diesel Generator Drive,300.14,336.85,1853.3,82.19,52,M,0
M-GEN-268,Diesel Generator Drive,302.84,333.64,1438.8,131.23,125,L,0
M-GEN-269,Diesel Generator Drive,301.67,341.77,1590.0,133.6,101,L,0
M-GEN-270,Diesel Generator Drive,308.12,340.23,1839.8,103.53,189,L,0
M-GEN-271,Diesel Generator Drive,305.78,343.91,1504.6,163.06,209,L,0
M-GEN-272,Diesel Generator Drive,306.53,332.01,1886.6,172.53,134,L,0
M-GEN-273,Diesel Generator Drive,298.59,320.35,1693.8,163.34,91,M,0
M-GEN-274,Diesel Generator Drive,304.56,327.27,1485.8,78.06,164,M,0
M-GEN-275,Diesel Generator Drive,301.47,344.26,2018.5,127.74,160,H,0
M-GEN-276,Diesel Generator Drive,305.79,343.84,2098.3,79.32,43,L,0
M-GEN-277,Diesel Generator Drive,300.4,333.76,1274.7,162.76,59,M,0
M-GEN-278,Diesel Generator Drive,298.68,323.92,1712.1,75.03,78,H,0
M-GEN-279,Diesel Generator Drive,298.49,344.27,1650.2,164.48,119,H,0
M-GEN-280,Diesel Generator Drive,306.35,320.97,1752.8,85.3,197,L,0
M-GEN-281,Diesel Generator Drive,309.47,333.19,1732.7,74.21,222,L,0
M-GEN-282,Diesel Generator Drive,303.26,339.84,1997.5,156.43,219,M,0
M-GEN-283,Diesel Generator Drive,307.02,323.61,1912.5,70.39,259,L,0
M-GEN-284,Diesel Generator Drive,306.2,322.36,2025.0,166.27,201,L,0
M-GEN-285,Diesel Generator Drive,299.11,337.72,1724.8,86.02,194,L,0
M-GEN-286,Diesel Generator Drive,299.98,339.84,1293.0,135.05,229,H,0
M-GEN-287,Diesel Generator Drive,304.86,330.62,1807.3,116.66,92,M,0
M-GEN-288,Diesel Generator Drive,308.38,323.91,1323.1,80.68,48,H,0
M-GEN-289,Diesel Generator Drive,299.92,324.82,1469.7,83.64,53,M,0
M-GEN-290,Diesel Generator Drive,306.62,335.75,1756.7,118.46,188,L,0
M-GEN-291,Diesel Generator Drive,305.53,321.52,1770.4,127.66,143,M,0
M-GEN-292,Diesel Generator Drive,306.07,320.93,1680.2,159.9,162,H,0
M-GEN-293,Diesel Generator Drive,307.3,343.53,2051.8,109.88,163,M,0
M-GEN-294,Diesel Generator Drive,306.59,336.65,1399.1,162.73,242,M,0
M-GEN-295,Diesel Generator Drive,299.57,335.21,1557.3,151.55,108,M,0
M-GEN-296,Diesel Generator Drive,308.41,335.4,1286.0,145.83,218,M,0
M-GEN-297,Diesel Generator Drive,309.61,329.32,2140.6,102.3,182,M,0
M-GEN-298,Diesel Generator Drive,309.91,330.21,1379.3,161.65,40,L,0
M-GEN-299,Diesel Generator Drive,299.33,334.3,1913.4,107.0,241,M,0
M-GEN-300,Diesel Generator Drive,302.74,328.13,1312.0,140.44,121,M,0
M-GEN-301,Diesel Generator Drive,309.4,326.82,2076.6,177.24,235,H,0
M-GEN-302,Diesel Generator Drive,308.42,325.34,1553.3,179.07,131,M,0
M-GEN-303,Diesel Generator Drive,301.73,329.24,1797.6,174.31,100,M,0
M-GEN-304,Diesel Generator Drive,298.32,325.05,1462.4,76.92,170,H,0
M-GEN-305,Diesel Generator Drive,304.13,324.72,2135.7,103.78,53,L,0
M-GEN-306,Diesel Generator Drive,302.82,340.5,1512.5,125.0,141,M,0
M-GEN-307,Diesel Generator Drive,302.82,332.42,1879.3,115.62,201,L,0
M-GEN-308,Diesel Generator Drive,306.99,331.77,1203.8,152.89,257,M,0
M-GEN-309,Diesel Generator Drive,304.29,333.99,1840.8,179.84,45,H,0
M-GEN-310,Diesel Generator Drive,309.57,331.01,1812.4,152.88,215,M,0
M-GEN-311,Diesel Generator Drive,303.66,334.4,1929.6,163.59,61,M,0
M-GEN-312,Diesel Generator Drive,302.77,336.64,1595.7,96.28,38,L,0
M-GEN-313,Diesel Generator Drive,303.03,328.23,1730.8,83.52,129,L,0
M-GEN-314,Diesel Generator Drive,306.83,339.3,1667.4,110.58,237,H,0
M-GEN-315,Diesel Generator Drive,306.7,342.2,1486.2,91.76,158,M,0
M-GEN-316,Diesel Generator Drive,308.45,326.11,1514.0,167.73,81,L,0
M-GEN-317,Diesel Generator Drive,300.52,342.8,1517.6,97.09,149,M,0
M-GEN-318,Diesel Generator Drive,300.42,328.46,1913.2,161.51,235,L,0
M-GEN-319,Diesel Generator Drive,298.07,330.67,1369.0,78.08,213,L,0
M-GEN-320,Diesel Generator Drive,307.78,342.26,1790.0,179.79,150,L,0
M-GEN-321,Diesel Generator Drive,299.36,323.72,1790.3,83.65,48,H,0
M-GEN-322,Diesel Generator Drive,307.45,343.19,1533.5,177.22,232,M,0
M-GEN-323,Diesel Generator Drive,305.03,344.54,2048.8,109.97,106,L,0
M-GEN-324,Diesel Generator Drive,304.59,324.09,1527.8,142.8,68,M,0
M-GEN-325,Diesel Generator Drive,306.52,326.77,1598.0,172.9,217,L,0
M-GEN-326,Diesel Generator Drive,304.2,325.33,1791.3,154.93,30,H,0
M-GEN-327,Diesel Generator Drive,303.69,330.93,2182.3,80.14,110,L,0
M-GEN-328,Diesel Generator Drive,305.35,334.04,1941.2,74.4,266,H,0
M-GEN-329,Diesel Generator Drive,298.98,328.47,1902.4,95.46,42,H,0
M-GEN-330,Diesel Generator Drive,301.08,323.38,1572.4,89.04,116,M,0
M-GEN-331,Diesel Generator Drive,306.91,325.68,1675.1,159.69,276,M,0
M-GEN-332,Diesel Generator Drive,303.19,335.79,1686.3,88.12,144,L,0
M-GEN-333,Diesel Generator Drive,305.69,327.09,2147.1,112.74,127,M,0
M-GEN-334,Diesel Generator Drive,304.83,327.26,1667.1,106.58,214,H,0
M-GEN-335,Diesel Generator Drive,307.0,324.03,1506.0,106.67,277,M,0
M-GEN-336,Diesel Generator Drive,307.33,333.88,2183.2,89.51,181,L,0
M-GEN-337,Diesel Generator Drive,305.54,342.42,1800.7,160.91,73,M,0
M-GEN-338,Diesel Generator Drive,303.33,341.29,1626.6,139.02,128,L,0
M-GEN-339,Diesel Generator Drive,300.4,334.84,1777.9,114.36,206,H,0
M-GEN-340,Diesel Generator Drive,308.1,328.7,1993.0,103.56,76,M,0
M-GEN-341,Diesel Generator Drive,307.57,337.59,1601.0,173.17,132,M,0
M-GEN-342,Diesel Generator Drive,299.74,321.76,1549.9,80.12,145,L,0
M-GEN-343,Diesel Generator Drive,303.71,332.01,1453.4,88.29,85,M,0
M-GEN-344,Diesel Generator Drive,305.1,325.5,1598.9,132.56,220,M,0
M-GEN-345,Diesel Generator Drive,301.26,338.26,1713.8,164.24,82,L,0
M-GEN-346,Diesel Generator Drive,299.94,334.62,1483.6,81.12,184,M,0
M-GEN-347,Diesel Generator Drive,303.83,334.81,1572.4,143.72,62,L,0
M-GEN-348,Diesel Generator Drive,304.96,332.16,1327.7,100.61,103,M,0
M-GEN-349,Diesel Generator Drive,309.45,342.89,1746.1,92.62,257,L,0
M-GEN-350,Diesel Generator Drive,298.47,332.27,1804.9,77.31,42,M,0
M-GEN-351,Diesel Generator Drive,298.02,321.17,1365.1,170.1,221,M,0
M-GEN-352,Diesel Generator Drive,303.75,337.15,1674.4,77.03,214,H,0
M-GEN-353,Diesel Generator Drive,303.83,341.54,1317.4,147.73,41,L,0
M-GEN-354,Diesel Generator Drive,306.19,344.22,1868.2,96.65,261,M,0
M-GEN-355,Diesel Generator Drive,304.91,330.73,1484.6,128.31,121,L,0
M-GEN-356,Diesel Generator Drive,298.35,333.25,2036.6,73.04,100,H,0
M-GEN-357,Diesel Generator Drive,305.14,327.92,2159.7,137.79,170,L,0
M-GEN-358,Diesel Generator Drive,300.68,334.06,1742.8,79.03,263,L,0
M-GEN-359,Diesel Generator Drive,308.66,344.56,1679.7,158.4,174,L,0
M-GEN-360,Diesel Generator Drive,300.97,320.35,1385.9,84.08,139,H,0
M-GEN-361,Diesel Generator Drive,300.64,322.41,1686.8,99.35,147,H,0
M-GEN-362,Diesel Generator Drive,304.2,323.25,1299.3,104.1,248,L,0
M-GEN-363,Diesel Generator Drive,309.51,331.5,1512.4,176.8,125,H,0
M-GEN-364,Diesel Generator Drive,307.84,324.23,1917.9,71.66,57,M,0
M-GEN-365,Diesel Generator Drive,298.81,342.22,1949.9,106.1,179,L,0
M-GEN-366,Diesel Generator Drive,307.06,329.89,2098.8,173.6,78,L,0
M-GEN-367,Diesel Generator Drive,306.55,342.2,1624.8,142.73,88,L,0
M-GEN-368,Diesel Generator Drive,304.98,332.02,1892.7,130.76,221,L,0
M-GEN-369,Diesel Generator Drive,307.61,327.69,2176.1,141.47,110,H,0
M-GEN-370,Diesel Generator Drive,309.86,334.98,1427.5,124.02,129,L,0
M-GEN-371,Diesel Generator Drive,303.91,332.12,1994.6,113.0,79,L,0
M-GEN-372,Diesel Generator Drive,308.92,321.14,2059.9,118.16,102,H,0
M-GEN-373,Diesel Generator Drive,300.47,328.32,1270.7,90.77,214,M,0
M-GEN-374,Diesel Generator Drive,307.24,324.13,1243.0,121.54,115,L,0
M-GEN-375,Diesel Generator Drive,304.47,343.28,1261.2,110.0,131,H,0
M-GEN-376,Diesel Generator Drive,305.0,321.01,1912.7,74.12,248,H,0
M-GEN-377,Diesel Generator Drive,303.48,323.88,1333.1,149.33,223,L,0
M-GEN-378,Diesel Generator Drive,302.85,344.77,1540.0,96.98,279,L,0
M-GEN-379,Diesel Generator Drive,305.1,325.23,1438.5,127.3,224,H,0
M-GEN-380,Diesel Generator Drive,306.25,322.58,2044.1,128.53,277,L,0
M-GEN-381,Diesel Generator Drive,303.97,323.53,1742.4,82.59,256,M,0
M-GEN-382,Diesel Generator Drive,308.38,327.6,1421.9,103.47,206,M,0
M-GEN-383,Diesel Generator Drive,299.29,323.43,1578.5,107.24,242,M,0
M-GEN-384,Diesel Generator Drive,300.24,320.71,1302.4,147.05,241,L,0
M-GEN-385,Diesel Generator Drive,307.48,326.52,2189.1,79.5,235,H,0
M-GEN-386,Diesel Generator Drive,301.21,332.39,1253.3,113.36,117,M,0
M-GEN-387,Diesel Generator Drive,306.62,322.26,1238.1,155.35,161,M,0
M-GEN-388,Diesel Generator Drive,309.77,330.94,1396.2,144.87,233,M,0
M-GEN-389,Diesel Generator Drive,306.3,332.85,1607.4,73.77,73,M,0
M-GEN-390,Diesel Generator Drive,302.76,341.07,1308.4,75.51,51,M,0
M-GEN-391,Diesel Generator Drive,305.13,335.81,1356.9,126.8,221,M,0
M-GEN-392,Diesel Generator Drive,303.26,322.59,2070.7,127.88,252,M,0
M-GEN-393,Diesel Generator Drive,300.84,327.69,1618.1,137.56,222,M,0
M-GEN-394,Diesel Generator Drive,300.25,325.07,2134.5,88.03,116,M,0
M-GEN-395,Diesel Generator Drive,304.67,341.45,1312.9,81.88,109,M,0
M-GEN-396,Diesel Generator Drive,302.49,329.8,2051.5,162.03,231,L,0
M-GEN-397,Diesel Generator Drive,298.48,323.73,1932.2,135.43,198,L,0
M-GEN-398,Diesel Generator Drive,308.94,335.88,1475.6,79.13,138,L,0
M-GEN-399,Diesel Generator Drive,301.38,323.0,2198.7,116.08,84,H,0
M-GEN-400,Diesel Generator Drive,308.35,340.49,1813.3,130.19,267,M,0
M-GEN-F1-001,Diesel Generator Drive,315.32,350.32,1618.6,112.26,214,M,1
M-GEN-F1-002,Diesel Generator Drive,318.68,359.97,1347.3,175.9,152,M,1
M-GEN-F1-003,Diesel Generator Drive,312.09,359.09,1255.6,90.39,49,M,1
M-GEN-F1-004,Diesel Generator Drive,318.37,359.2,1306.7,157.83,119,H,1
M-GEN-F1-005,Diesel Generator Drive,313.79,360.21,1933.3,90.72,37,M,1
M-GEN-F1-006,Diesel Generator Drive,318.36,362.2,1772.9,80.02,127,L,1
M-GEN-F1-007,Diesel Generator Drive,319.51,362.91,1899.4,116.87,203,L,1
M-GEN-F1-008,Diesel Generator Drive,313.15,360.08,2119.3,168.84,167,M,1
M-GEN-F1-009,Diesel Generator Drive,318.21,356.71,1521.2,98.48,134,M,1
M-GEN-F1-010,Diesel Generator Drive,316.2,353.39,1790.6,142.83,186,M,1
M-GEN-F1-011,Diesel Generator Drive,318.05,352.2,1321.1,89.76,194,M,1
M-GEN-F1-012,Diesel Generator Drive,315.64,359.91,1324.1,70.68,90,M,1
M-GEN-F1-013,Diesel Generator Drive,314.46,362.66,1767.7,134.8,157,M,1
M-GEN-F1-014,Diesel Generator Drive,319.83,362.65,1969.2,93.29,200,H,1
M-GEN-F1-015,Diesel Generator Drive,317.04,355.94,1239.2,169.43,216,L,1
M-GEN-F1-016,Diesel Generator Drive,313.54,354.33,2155.7,81.71,143,M,1
M-GEN-F1-017,Diesel Generator Drive,313.22,361.53,1334.2,135.2,91,M,1
M-GEN-F1-018,Diesel Generator Drive,313.69,358.12,2188.7,161.69,162,L,1
M-GEN-F1-019,Diesel Generator Drive,318.71,356.14,1767.0,168.5,165,H,1
M-GEN-F1-020,Diesel Generator Drive,318.24,350.3,2047.5,156.71,191,H,1
M-GEN-F2-001,Diesel Generator Drive,313.59,343.04,1824.0,291.29,95,M,1
M-GEN-F2-002,Diesel Generator Drive,300.05,340.82,1312.0,291.4,151,M,1
M-GEN-F2-003,Diesel Generator Drive,301.34,337.41,1885.4,278.59,96,M,1
M-GEN-F2-004,Diesel Generator Drive,308.28,326.81,1384.5,282.85,101,M,1
M-GEN-F2-005,Diesel Generator Drive,305.69,333.0,1471.0,315.51,128,L,1
M-GEN-F2-006,Diesel Generator Drive,313.23,352.58,1397.9,280.33,133,L,1
M-GEN-F2-007,Diesel Generator Drive,307.39,331.83,1627.1,230.18,191,M,1
M-GEN-F2-008,Diesel Generator Drive,308.78,330.23,1635.3,287.08,150,L,1
M-GEN-F2-009,Diesel Generator Drive,310.47,340.95,1896.9,266.93,125,M,1
M-GEN-F2-010,Diesel Generator Drive,305.61,335.2,1287.7,299.4,67,H,1
M-GEN-F2-011,Diesel Generator Drive,301.73,345.34,1307.9,339.22,177,M,1
M-GEN-F2-012,Diesel Generator Drive,307.9,324.24,1858.7,256.73,43,L,1
M-GEN-F2-013,Diesel Generator Drive,303.94,341.59,1858.3,315.78,95,L,1
M-GEN-F2-014,Diesel Generator Drive,304.83,339.5,1677.7,233.3,145,M,1
M-GEN-F2-015,Diesel Generator Drive,312.1,334.96,1388.9,280.75,163,M,1
M-GEN-F2-016,Diesel Generator Drive,301.07,334.78,1249.8,311.5,201,H,1
M-GEN-F2-017,Diesel Generator Drive,306.88,341.55,1542.3,283.82,167,M,1
M-GEN-F2-018,Diesel Generator Drive,312.79,340.77,1256.0,336.54,58,L,1
M-GEN-F2-019,Diesel Generator Drive,306.9,346.97,1600.5,231.9,102,M,1
M-GEN-F2-020,Diesel Generator Drive,308.43,354.16,1672.9,258.51,38,L,1
M-GEN-F3-001,Diesel Generator Drive,308.67,335.34,3170.6,259.99,76,M,1
M-GEN-F3-002,Diesel Generator Drive,304.09,321.23,3397.4,211.58,94,M,1
M-GEN-F3-003,Diesel Generator Drive,305.66,321.64,3014.9,217.75,30,M,1
M-GEN-F3-004,Diesel Generator Drive,300.83,324.16,3517.8,200.82,204,M,1
M-GEN-F3-005,Diesel Generator Drive,300.06,328.75,3685.0,242.56,148,M,1
M-GEN-F3-006,Diesel Generator Drive,303.55,324.18,2806.0,247.49,201,M,1
M-GEN-F3-007,Diesel Generator Drive,304.04,344.81,2922.9,226.1,100,H,1
M-GEN-F3-008,Diesel Generator Drive,304.11,325.22,2781.5,249.15,178,L,1
M-GEN-F3-009,Diesel Generator Drive,309.21,341.73,2774.7,214.1,53,M,1
M-GEN-F3-010,Diesel Generator Drive,299.49,336.33,3428.4,209.49,150,H,1
M-GEN-F3-011,Diesel Generator Drive,303.21,327.13,3738.3,264.44,58,L,1
M-GEN-F3-012,Diesel Generator Drive,303.03,334.42,3227.1,250.28,94,H,1
M-GEN-F3-013,Diesel Generator Drive,303.01,333.61,3250.4,255.07,38,L,1
M-GEN-F3-014,Diesel Generator Drive,309.89,322.48,3018.4,240.5,102,M,1
M-GEN-F3-015,Diesel Generator Drive,301.91,337.8,3040.4,228.95,141,L,1
M-GEN-F3-016,Diesel Generator Drive,305.7,322.42,2990.8,228.22,173,M,1
M-GEN-F3-017,Diesel Generator Drive,305.91,340.99,2754.8,253.13,174,L,1
M-GEN-F3-018,Diesel Generator Drive,309.47,327.74,3111.9,216.91,93,M,1
M-GEN-F3-019,Diesel Generator Drive,308.44,321.57,2863.0,241.96,178,M,1
M-GEN-F3-020,Diesel Generator Drive,298.56,331.34,2842.9,269.15,223,H,1
M-GEN-F4-001,Diesel Generator Drive,306.01,340.33,1524.8,173.42,309,H,1
M-GEN-F4-002,Diesel Generator Drive,309.1,336.06,2016.9,151.05,306,M,1
M-GEN-F4-003,Diesel Generator Drive,308.58,320.39,1407.2,112.21,314,H,1
M-GEN-F4-004,Diesel Generator Drive,308.18,323.99,2029.7,126.35,329,M,1
M-GEN-F4-005,Diesel Generator Drive,306.56,338.28,1840.7,184.55,295,M,1
M-GEN-F4-006,Diesel Generator Drive,304.29,325.98,1756.4,141.93,330,H,1
M-GEN-F4-007,Diesel Generator Drive,303.22,339.16,1610.0,144.76,367,L,1
M-GEN-F4-008,Diesel Generator Drive,309.14,321.94,1818.6,108.05,325,M,1
M-GEN-F4-009,Diesel Generator Drive,304.95,332.64,2014.4,171.88,356,L,1
M-GEN-F4-010,Diesel Generator Drive,306.54,329.88,1412.8,114.66,324,L,1
M-GEN-F4-011,Diesel Generator Drive,298.48,340.36,1958.1,146.42,324,H,1
M-GEN-F4-012,Diesel Generator Drive,301.48,322.74,2018.9,147.8,313,H,1
M-GEN-F4-013,Diesel Generator Drive,304.29,338.8,1966.5,106.81,369,M,1
M-GEN-F4-014,Diesel Generator Drive,301.98,329.82,1324.4,145.58,351,M,1
M-GEN-F4-015,Diesel Generator Drive,308.4,331.92,2100.6,174.75,299,H,1
M-GEN-F4-016,Diesel Generator Drive,307.6,328.92,1389.2,197.28,368,L,1
M-GEN-F4-017,Diesel Generator Drive,306.7,320.02,1306.0,170.26,325,H,1
M-GEN-F4-018,Diesel Generator Drive,306.89,330.47,1858.8,142.1,296,M,1
M-GEN-F4-019,Diesel Generator Drive,307.46,323.9,2091.1,102.24,326,M,1
M-GEN-F4-020,Diesel Generator Drive,301.77,332.51,1918.4,176.31,364,L,1
M-GEN-F5-001,Diesel Generator Drive,315.93,353.76,2684.3,226.45,302,H,1
M-GEN-F5-002,Diesel Generator Drive,314.63,354.23,2612.9,279.26,317,H,1
M-GEN-F5-003,Diesel Generator Drive,311.31,350.15,2559.4,278.88,328,M,1
M-GEN-F5-004,Diesel Generator Drive,312.24,354.09,2995.2,232.66,316,L,1
M-GEN-F5-005,Diesel Generator Drive,314.85,356.13,2603.5,262.97,295,M,1
M-GEN-F5-006,Diesel Generator Drive,312.52,354.61,2513.6,260.91,325,L,1
M-GEN-F5-007,Diesel Generator Drive,314.44,353.18,2937.5,230.04,323,L,1
M-GEN-F5-008,Diesel Generator Drive,312.96,356.91,2655.0,213.84,305,H,1
M-GEN-F5-009,Diesel Generator Drive,312.7,350.02,2710.1,270.02,293,M,1
M-GEN-F5-010,Diesel Generator Drive,311.22,356.08,3028.1,246.88,328,M,1
M-GEN-F5-011,Diesel Generator Drive,312.7,350.96,2920.7,241.83,336,L,1
M-GEN-F5-012,Diesel Generator Drive,312.05,353.49,2774.4,277.32,324,M,1
M-GEN-F5-013,Diesel Generator Drive,314.4,352.12,3053.8,211.67,291,M,1
M-GEN-F5-014,Diesel Generator Drive,311.77,353.36,2425.9,244.23,304,M,1
M-GEN-F5-015,Diesel Generator Drive,313.22,355.84,2852.6,219.96,314,L,1
M-GEN-F5-016,Diesel Generator Drive,313.2,352.76,3041.3,218.0,326,M,1
M-GEN-F5-017,Diesel Generator Drive,315.33,349.43,3073.7,269.26,304,L,1
M-GEN-F5-018,Diesel Generator Drive,315.61,349.9,3023.0,236.17,290,H,1
M-GEN-F5-019,Diesel Generator Drive,315.42,356.86,3010.9,242.76,338,M,1
M-GEN-F5-020,Diesel Generator Drive,311.57,351.73,3079.0,257.7,306,M,1
M-WIND-001,Wind Turbine Gearbox,296.44,305.99,761.5,82.31,113,L,0
M-WIND-002,Wind Turbine Gearbox,292.9,315.56,1412.1,145.84,53,M,0
M-WIND-003,Wind Turbine Gearbox,296.62,311.86,1210.1,141.58,96,L,0
M-WIND-004,Wind Turbine Gearbox,292.42,314.18,1483.2,163.67,158,L,0
M-WIND-005,Wind Turbine Gearbox,300.71,312.69,1664.2,97.04,139,M,0
M-WIND-006,Wind Turbine Gearbox,303.09,311.45,1229.6,81.42,142,M,0
M-WIND-007,Wind Turbine Gearbox,302.64,306.48,580.7,133.12,151,H,0
M-WIND-008,Wind Turbine Gearbox,293.95,324.48,1167.1,90.54,62,H,0
M-WIND-009,Wind Turbine Gearbox,295.84,322.31,1582.8,124.15,243,L,0
M-WIND-010,Wind Turbine Gearbox,297.24,313.09,734.7,113.45,134,L,0
M-WIND-011,Wind Turbine Gearbox,298.29,309.02,624.6,139.6,216,L,0
M-WIND-012,Wind Turbine Gearbox,301.96,321.48,1082.2,183.88,161,H,0
M-WIND-013,Wind Turbine Gearbox,295.96,311.8,1009.8,159.03,214,M,0
M-WIND-014,Wind Turbine Gearbox,294.74,316.91,609.4,162.64,94,L,0
M-WIND-015,Wind Turbine Gearbox,296.02,309.42,1368.2,146.48,92,L,0
M-WIND-016,Wind Turbine Gearbox,296.8,308.04,1535.0,96.01,292,M,0
M-WIND-017,Wind Turbine Gearbox,300.92,314.04,743.8,170.97,122,M,0
M-WIND-018,Wind Turbine Gearbox,293.86,309.82,1094.7,177.95,203,H,0
M-WIND-019,Wind Turbine Gearbox,301.01,316.6,1310.6,122.43,189,M,0
M-WIND-020,Wind Turbine Gearbox,291.22,321.89,1381.4,160.45,98,M,0
M-WIND-021,Wind Turbine Gearbox,293.48,318.75,933.6,98.9,276,H,0
M-WIND-022,Wind Turbine Gearbox,301.43,307.04,1390.1,93.25,177,H,0
M-WIND-023,Wind Turbine Gearbox,303.0,313.03,520.1,155.38,161,L,0
M-WIND-024,Wind Turbine Gearbox,296.5,313.22,1090.3,183.18,196,M,0
M-WIND-025,Wind Turbine Gearbox,300.81,323.75,1588.8,191.27,135,M,0
M-WIND-026,Wind Turbine Gearbox,293.05,322.16,1579.8,158.05,65,M,0
M-WIND-027,Wind Turbine Gearbox,301.01,309.97,1311.3,145.13,115,L,0
M-WIND-028,Wind Turbine Gearbox,293.85,322.9,1203.2,91.02,258,L,0
M-WIND-029,Wind Turbine Gearbox,302.46,317.76,1425.1,188.85,81,H,0
M-WIND-030,Wind Turbine Gearbox,291.88,322.4,1231.8,101.13,85,M,0
M-WIND-031,Wind Turbine Gearbox,302.24,321.1,1606.6,172.27,65,L,0
M-WIND-032,Wind Turbine Gearbox,297.78,319.53,1129.6,138.02,81,L,0
M-WIND-033,Wind Turbine Gearbox,295.62,316.65,769.3,124.27,267,M,0
M-WIND-034,Wind Turbine Gearbox,293.09,310.21,1247.1,142.48,93,M,0
M-WIND-035,Wind Turbine Gearbox,303.61,308.98,1374.8,150.37,132,M,0
M-WIND-036,Wind Turbine Gearbox,293.15,321.68,528.9,148.05,129,L,0
M-WIND-037,Wind Turbine Gearbox,297.49,321.05,1701.0,120.12,270,L,0
M-WIND-038,Wind Turbine Gearbox,291.62,307.08,1562.5,136.2,173,L,0
M-WIND-039,Wind Turbine Gearbox,303.56,307.25,985.7,187.43,254,L,0
M-WIND-040,Wind Turbine Gearbox,291.53,317.42,1256.4,100.06,243,M,0
M-WIND-041,Wind Turbine Gearbox,299.31,312.24,609.7,142.98,126,H,0
M-WIND-042,Wind Turbine Gearbox,292.98,317.38,631.8,90.5,286,H,0
M-WIND-043,Wind Turbine Gearbox,295.64,307.67,1721.0,137.74,77,L,0
M-WIND-044,Wind Turbine Gearbox,301.71,323.02,1417.4,86.57,187,M,0
M-WIND-045,Wind Turbine Gearbox,301.23,316.82,1442.8,101.65,159,M,0
M-WIND-046,Wind Turbine Gearbox,304.71,305.38,1560.9,91.65,70,M,0
M-WIND-047,Wind Turbine Gearbox,300.51,318.57,1316.2,172.95,108,M,0
M-WIND-048,Wind Turbine Gearbox,299.57,318.09,1272.8,106.58,278,L,0
M-WIND-049,Wind Turbine Gearbox,300.34,313.88,1198.3,93.0,140,L,0
M-WIND-050,Wind Turbine Gearbox,298.22,316.21,1740.2,186.36,192,M,0
M-WIND-051,Wind Turbine Gearbox,291.75,322.27,1696.1,139.31,73,M,0
M-WIND-052,Wind Turbine Gearbox,295.51,308.16,1694.9,108.73,227,M,0
M-WIND-053,Wind Turbine Gearbox,302.42,319.02,660.1,133.95,114,L,0
M-WIND-054,Wind Turbine Gearbox,298.17,311.8,928.3,93.74,103,L,0
M-WIND-055,Wind Turbine Gearbox,299.15,312.11,1587.0,138.13,248,L,0
M-WIND-056,Wind Turbine Gearbox,302.72,322.0,1382.8,169.93,244,H,0
M-WIND-057,Wind Turbine Gearbox,294.5,307.08,746.2,173.39,286,M,0
M-WIND-058,Wind Turbine Gearbox,303.29,311.36,1599.5,120.65,273,L,0
M-WIND-059,Wind Turbine Gearbox,304.75,321.55,1017.7,93.21,268,M,0
M-WIND-060,Wind Turbine Gearbox,302.87,312.74,537.6,86.29,217,H,0
M-WIND-061,Wind Turbine Gearbox,301.18,313.39,1232.0,176.15,113,M,0
M-WIND-062,Wind Turbine Gearbox,300.94,323.37,877.4,154.73,287,M,0
M-WIND-063,Wind Turbine Gearbox,303.39,323.79,1708.1,171.02,188,H,0
M-WIND-064,Wind Turbine Gearbox,293.34,310.12,543.2,92.23,123,H,0
M-WIND-065,Wind Turbine Gearbox,292.54,306.09,1041.5,178.56,253,L,0
M-WIND-066,Wind Turbine Gearbox,301.18,309.89,1413.1,170.46,185,L,0
M-WIND-067,Wind Turbine Gearbox,291.07,316.9,1123.9,176.63,81,M,0
M-WIND-068,Wind Turbine Gearbox,298.38,323.94,608.2,169.21,101,H,0
M-WIND-069,Wind Turbine Gearbox,295.92,316.66,1575.1,156.16,172,M,0
M-WIND-070,Wind Turbine Gearbox,294.39,320.41,648.3,97.58,229,L,0
M-WIND-071,Wind Turbine Gearbox,291.8,317.19,810.9,83.09,258,M,0
M-WIND-072,Wind Turbine Gearbox,290.36,322.91,1196.4,168.45,155,H,0
M-WIND-073,Wind Turbine Gearbox,296.98,310.75,885.8,157.27,73,M,0
M-WIND-074,Wind Turbine Gearbox,298.2,319.2,1322.8,186.35,298,L,0
M-WIND-075,Wind Turbine Gearbox,301.46,318.72,546.1,144.02,215,M,0
M-WIND-076,Wind Turbine Gearbox,295.77,315.85,1678.6,111.31,149,M,0
M-WIND-077,Wind Turbine Gearbox,292.79,321.7,1365.9,122.27,230,M,0
M-WIND-078,Wind Turbine Gearbox,301.62,306.41,1054.8,111.4,254,L,0
M-WIND-079,Wind Turbine Gearbox,302.63,318.03,1533.9,132.65,219,H,0
M-WIND-080,Wind Turbine Gearbox,303.21,318.7,1625.9,172.5,121,M,0
M-WIND-081,Wind Turbine Gearbox,301.99,308.69,643.9,81.81,124,H,0
M-WIND-082,Wind Turbine Gearbox,302.03,314.69,828.3,152.25,67,L,0
M-WIND-083,Wind Turbine Gearbox,297.52,305.13,915.0,170.02,97,L,0
M-WIND-084,Wind Turbine Gearbox,303.45,320.56,602.1,122.46,124,H,0
M-WIND-085,Wind Turbine Gearbox,304.99,307.94,909.9,185.62,86,M,0
M-WIND-086,Wind Turbine Gearbox,304.64,309.95,1414.0,89.6,200,M,0
M-WIND-087,Wind Turbine Gearbox,300.49,313.66,888.7,145.52,84,L,0
M-WIND-088,Wind Turbine Gearbox,301.26,315.9,977.2,189.83,208,M,0
M-WIND-089,Wind Turbine Gearbox,302.1,317.7,665.1,93.71,284,M,0
M-WIND-090,Wind Turbine Gearbox,299.95,305.73,1223.5,107.74,84,L,0
M-WIND-091,Wind Turbine Gearbox,302.14,319.3,514.5,114.19,140,M,0
M-WIND-092,Wind Turbine Gearbox,301.33,317.56,1525.8,131.28,185,H,0
M-WIND-093,Wind Turbine Gearbox,296.41,313.65,1295.0,125.35,109,M,0
M-WIND-094,Wind Turbine Gearbox,292.01,319.02,1309.3,149.51,182,M,0
M-WIND-095,Wind Turbine Gearbox,301.53,323.44,1072.0,129.09,90,M,0
M-WIND-096,Wind Turbine Gearbox,298.37,324.76,1259.6,114.63,190,L,0
M-WIND-097,Wind Turbine Gearbox,300.85,307.57,946.1,115.84,264,M,0
M-WIND-098,Wind Turbine Gearbox,302.15,308.52,1680.4,87.0,143,H,0
M-WIND-099,Wind Turbine Gearbox,292.76,324.24,602.0,97.45,281,L,0
M-WIND-100,Wind Turbine Gearbox,296.1,306.38,1520.6,139.13,130,M,0
M-WIND-101,Wind Turbine Gearbox,297.58,316.02,1563.5,172.6,241,L,0
M-WIND-102,Wind Turbine Gearbox,301.37,318.55,1628.4,146.89,180,L,0
M-WIND-103,Wind Turbine Gearbox,292.49,320.54,1717.0,115.55,202,H,0
M-WIND-104,Wind Turbine Gearbox,301.49,316.19,1375.8,97.16,252,M,0
M-WIND-105,Wind Turbine Gearbox,300.27,316.86,1349.9,86.03,235,L,0
M-WIND-106,Wind Turbine Gearbox,297.12,313.18,945.3,191.35,238,M,0
M-WIND-107,Wind Turbine Gearbox,303.88,311.98,1319.2,162.33,299,M,0
M-WIND-108,Wind Turbine Gearbox,296.0,306.69,628.0,141.42,92,H,0
M-WIND-109,Wind Turbine Gearbox,304.47,324.03,922.9,174.78,268,M,0
M-WIND-110,Wind Turbine Gearbox,293.36,307.6,683.1,175.63,146,M,0
M-WIND-111,Wind Turbine Gearbox,298.08,312.89,661.0,120.01,260,L,0
M-WIND-112,Wind Turbine Gearbox,290.43,307.81,1482.7,120.29,210,M,0
M-WIND-113,Wind Turbine Gearbox,299.78,306.07,1710.5,82.52,52,M,0
M-WIND-114,Wind Turbine Gearbox,304.9,306.45,1636.9,99.09,77,L,0
M-WIND-115,Wind Turbine Gearbox,302.7,320.84,813.3,185.58,67,M,0
M-WIND-116,Wind Turbine Gearbox,296.95,306.35,1253.8,147.13,298,M,0
M-WIND-117,Wind Turbine Gearbox,295.96,320.8,935.5,143.94,63,M,0
M-WIND-118,Wind Turbine Gearbox,297.92,319.05,628.7,175.66,275,M,0
M-WIND-119,Wind Turbine Gearbox,301.48,308.61,1180.4,175.72,146,H,0
M-WIND-120,Wind Turbine Gearbox,298.1,321.89,640.8,83.56,252,M,0
M-WIND-121,Wind Turbine Gearbox,295.47,306.74,625.6,153.75,188,M,0
M-WIND-122,Wind Turbine Gearbox,296.79,312.76,1403.6,183.45,241,H,0
M-WIND-123,Wind Turbine Gearbox,291.49,313.59,1607.3,108.44,269,H,0
M-WIND-124,Wind Turbine Gearbox,291.09,323.27,710.6,135.65,131,H,0
M-WIND-125,Wind Turbine Gearbox,299.48,324.27,1355.5,122.44,227,H,0
M-WIND-126,Wind Turbine Gearbox,298.7,314.39,968.0,168.75,79,M,0
M-WIND-127,Wind Turbine Gearbox,302.82,309.03,843.9,159.28,243,M,0
M-WIND-128,Wind Turbine Gearbox,295.4,319.8,870.9,159.95,89,M,0
M-WIND-129,Wind Turbine Gearbox,300.33,314.2,525.0,128.77,122,H,0
M-WIND-130,Wind Turbine Gearbox,290.14,305.91,1734.0,169.98,284,H,0
M-WIND-131,Wind Turbine Gearbox,298.56,306.67,534.8,135.95,211,H,0
M-WIND-132,Wind Turbine Gearbox,295.48,306.8,970.7,136.62,134,M,0
M-WIND-133,Wind Turbine Gearbox,298.77,311.66,1006.5,132.93,143,L,0
M-WIND-134,Wind Turbine Gearbox,292.1,322.14,930.6,166.88,270,L,0
M-WIND-135,Wind Turbine Gearbox,296.79,310.13,1287.5,102.08,247,L,0
M-WIND-136,Wind Turbine Gearbox,301.93,313.67,1224.7,92.33,221,M,0
M-WIND-137,Wind Turbine Gearbox,297.64,321.94,1504.0,144.22,138,M,0
M-WIND-138,Wind Turbine Gearbox,295.26,308.03,1339.5,162.98,292,M,0
M-WIND-139,Wind Turbine Gearbox,304.96,308.74,1353.6,199.37,210,M,0
M-WIND-140,Wind Turbine Gearbox,297.73,321.91,1720.8,134.47,243,L,0
M-WIND-141,Wind Turbine Gearbox,294.23,314.86,1794.0,122.42,204,M,0
M-WIND-142,Wind Turbine Gearbox,292.31,321.13,1036.8,140.04,210,M,0
M-WIND-143,Wind Turbine Gearbox,294.88,315.93,950.8,132.1,77,L,0
M-WIND-144,Wind Turbine Gearbox,296.18,306.66,1527.0,82.36,199,L,0
M-WIND-145,Wind Turbine Gearbox,292.87,307.63,648.0,199.2,238,M,0
M-WIND-146,Wind Turbine Gearbox,295.03,317.97,1095.0,112.56,64,L,0
M-WIND-147,Wind Turbine Gearbox,303.32,309.12,582.4,94.24,153,M,0
M-WIND-148,Wind Turbine Gearbox,291.1,314.1,765.1,88.03,214,M,0
M-WIND-149,Wind Turbine Gearbox,302.4,311.05,676.6,123.22,244,M,0
M-WIND-150,Wind Turbine Gearbox,293.83,307.95,1782.5,196.08,214,M,0
M-WIND-151,Wind Turbine Gearbox,301.5,316.68,1474.4,183.25,129,L,0
M-WIND-152,Wind Turbine Gearbox,303.48,315.94,1389.9,129.32,213,M,0
M-WIND-153,Wind Turbine Gearbox,294.84,311.46,1347.2,194.8,100,M,0
M-WIND-154,Wind Turbine Gearbox,302.09,307.46,1792.4,161.38,277,L,0
M-WIND-155,Wind Turbine Gearbox,301.66,305.66,1028.4,104.22,267,M,0
M-WIND-156,Wind Turbine Gearbox,291.61,312.19,590.1,168.8,154,M,0
M-WIND-157,Wind Turbine Gearbox,297.77,305.84,834.5,101.04,282,M,0
M-WIND-158,Wind Turbine Gearbox,298.77,315.06,1357.0,113.49,80,H,0
M-WIND-159,Wind Turbine Gearbox,292.9,314.66,806.8,132.08,57,M,0
M-WIND-160,Wind Turbine Gearbox,303.17,305.95,783.5,118.13,121,H,0
M-WIND-161,Wind Turbine Gearbox,291.6,323.25,1424.8,195.01,160,L,0
M-WIND-162,Wind Turbine Gearbox,302.25,322.5,550.9,158.3,191,M,0
M-WIND-163,Wind Turbine Gearbox,297.57,320.92,1758.5,179.47,267,M,0
M-WIND-164,Wind Turbine Gearbox,300.36,313.31,968.4,187.43,276,M,0
M-WIND-165,Wind Turbine Gearbox,302.57,312.21,1063.9,178.52,149,H,0
M-WIND-166,Wind Turbine Gearbox,295.3,312.96,701.0,121.29,283,L,0
M-WIND-167,Wind Turbine Gearbox,296.69,319.2,697.4,170.31,168,L,0
M-WIND-168,Wind Turbine Gearbox,299.66,309.66,1585.1,148.66,246,H,0
M-WIND-169,Wind Turbine Gearbox,299.23,310.84,1619.2,193.94,63,L,0
M-WIND-170,Wind Turbine Gearbox,291.54,322.15,661.9,103.4,112,L,0
M-WIND-171,Wind Turbine Gearbox,294.39,316.92,1243.5,128.27,184,H,0
M-WIND-172,Wind Turbine Gearbox,303.14,309.14,1644.3,142.25,203,M,0
M-WIND-173,Wind Turbine Gearbox,293.33,314.81,847.6,130.78,160,M,0
M-WIND-174,Wind Turbine Gearbox,294.38,324.46,1263.7,179.82,61,H,0
M-WIND-175,Wind Turbine Gearbox,297.79,321.54,1294.2,154.26,84,L,0
M-WIND-176,Wind Turbine Gearbox,297.95,307.05,1038.5,88.64,154,L,0
M-WIND-177,Wind Turbine Gearbox,294.85,311.26,1168.6,139.82,166,M,0
M-WIND-178,Wind Turbine Gearbox,290.72,314.49,1789.6,171.72,121,M,0
M-WIND-179,Wind Turbine Gearbox,294.95,308.83,1505.6,105.15,264,M,0
M-WIND-180,Wind Turbine Gearbox,301.35,310.19,1348.6,105.5,55,L,0
M-WIND-181,Wind Turbine Gearbox,302.84,322.61,547.2,171.31,258,M,0
M-WIND-182,Wind Turbine Gearbox,297.06,313.16,1072.1,181.6,154,M,0
M-WIND-183,Wind Turbine Gearbox,291.96,318.5,609.5,87.34,220,M,0
M-WIND-184,Wind Turbine Gearbox,292.99,324.14,1524.2,162.37,238,M,0
M-WIND-185,Wind Turbine Gearbox,296.83,322.4,533.0,176.29,161,M,0
M-WIND-186,Wind Turbine Gearbox,294.89,317.14,1378.4,99.29,191,M,0
M-WIND-187,Wind Turbine Gearbox,301.73,315.91,1058.4,143.47,172,L,0
M-WIND-188,Wind Turbine Gearbox,294.68,305.75,1360.6,152.46,277,H,0
M-WIND-189,Wind Turbine Gearbox,297.84,308.02,1092.4,175.92,264,L,0
M-WIND-190,Wind Turbine Gearbox,298.21,317.68,1217.0,147.35,271,M,0
M-WIND-191,Wind Turbine Gearbox,296.58,317.2,1495.0,171.43,79,M,0
M-WIND-192,Wind Turbine Gearbox,303.67,312.15,503.5,103.98,292,M,0
M-WIND-193,Wind Turbine Gearbox,299.21,319.53,1340.6,125.31,157,L,0
M-WIND-194,Wind Turbine Gearbox,299.94,305.47,764.5,114.36,141,M,0
M-WIND-195,Wind Turbine Gearbox,295.5,321.5,1116.0,140.26,156,M,0
M-WIND-196,Wind Turbine Gearbox,300.87,309.59,1396.3,143.56,75,H,0
M-WIND-197,Wind Turbine Gearbox,292.54,320.22,1000.0,176.59,175,H,0
M-WIND-198,Wind Turbine Gearbox,302.69,323.73,596.5,105.0,228,L,0
M-WIND-199,Wind Turbine Gearbox,303.14,306.98,1289.4,159.82,207,M,0
M-WIND-200,Wind Turbine Gearbox,294.38,318.37,1447.0,149.09,174,M,0
M-WIND-201,Wind Turbine Gearbox,298.17,307.57,594.5,173.34,219,M,0
M-WIND-202,Wind Turbine Gearbox,303.92,312.62,1019.7,129.65,166,M,0
M-WIND-203,Wind Turbine Gearbox,301.67,309.35,1064.3,140.62,92,L,0
M-WIND-204,Wind Turbine Gearbox,290.84,316.72,762.8,81.02,128,M,0
M-WIND-205,Wind Turbine Gearbox,302.26,313.16,1690.1,181.1,98,H,0
M-WIND-206,Wind Turbine Gearbox,293.66,312.19,1258.5,94.89,183,M,0
M-WIND-207,Wind Turbine Gearbox,299.91,316.0,1572.7,156.99,281,L,0
M-WIND-208,Wind Turbine Gearbox,296.54,309.19,513.7,90.85,97,M,0
M-WIND-209,Wind Turbine Gearbox,301.13,312.72,921.9,86.28,184,M,0
M-WIND-210,Wind Turbine Gearbox,303.17,315.06,510.0,87.83,117,H,0
M-WIND-211,Wind Turbine Gearbox,301.56,307.16,709.0,160.01,109,L,0
M-WIND-212,Wind Turbine Gearbox,302.95,319.89,946.1,86.81,134,M,0
M-WIND-213,Wind Turbine Gearbox,291.91,307.41,1368.5,107.89,219,M,0
M-WIND-214,Wind Turbine Gearbox,303.52,320.94,696.8,153.22,213,L,0
M-WIND-215,Wind Turbine Gearbox,299.61,307.81,836.0,156.51,277,L,0
M-WIND-216,Wind Turbine Gearbox,295.39,321.61,1164.7,135.72,137,M,0
M-WIND-217,Wind Turbine Gearbox,298.99,312.49,1491.7,125.52,196,M,0
M-WIND-218,Wind Turbine Gearbox,291.75,308.22,1353.8,177.35,167,M,0
M-WIND-219,Wind Turbine Gearbox,295.05,316.95,1108.0,80.09,242,H,0
M-WIND-220,Wind Turbine Gearbox,300.12,311.88,1251.4,182.61,88,L,0
M-WIND-221,Wind Turbine Gearbox,290.57,323.43,762.1,175.33,66,M,0
M-WIND-222,Wind Turbine Gearbox,299.5,318.18,1408.5,122.1,216,M,0
M-WIND-223,Wind Turbine Gearbox,298.49,315.94,718.6,181.59,266,M,0
M-WIND-224,Wind Turbine Gearbox,296.25,314.3,1213.6,82.67,239,L,0
M-WIND-225,Wind Turbine Gearbox,292.13,322.93,1606.2,145.07,118,M,0
M-WIND-226,Wind Turbine Gearbox,297.34,315.14,1347.4,176.2,283,L,0
M-WIND-227,Wind Turbine Gearbox,303.64,314.99,550.5,86.22,117,M,0
M-WIND-228,Wind Turbine Gearbox,295.03,308.32,1605.6,198.2,54,H,0
M-WIND-229,Wind Turbine Gearbox,297.49,311.75,1516.8,158.52,67,M,0
M-WIND-230,Wind Turbine Gearbox,295.05,324.3,1117.9,191.32,57,H,0
M-WIND-231,Wind Turbine Gearbox,295.79,322.74,1208.0,178.9,120,H,0
M-WIND-232,Wind Turbine Gearbox,293.69,317.91,1632.8,134.6,98,M,0
M-WIND-233,Wind Turbine Gearbox,292.95,316.41,633.0,177.34,251,M,0
M-WIND-234,Wind Turbine Gearbox,290.57,310.6,679.8,142.81,75,L,0
M-WIND-235,Wind Turbine Gearbox,302.75,308.12,1403.4,163.58,149,H,0
M-WIND-236,Wind Turbine Gearbox,291.98,319.79,786.2,152.41,266,M,0
M-WIND-237,Wind Turbine Gearbox,304.61,317.91,909.0,182.3,127,L,0
M-WIND-238,Wind Turbine Gearbox,297.17,324.06,738.7,81.37,99,H,0
M-WIND-239,Wind Turbine Gearbox,301.01,310.29,1331.3,160.24,222,L,0
M-WIND-240,Wind Turbine Gearbox,292.23,306.01,538.6,92.45,144,L,0
M-WIND-241,Wind Turbine Gearbox,295.3,314.06,1558.7,190.23,292,L,0
M-WIND-242,Wind Turbine Gearbox,297.54,309.59,1277.9,103.62,63,L,0
M-WIND-243,Wind Turbine Gearbox,297.27,315.16,1292.0,134.17,161,L,0
M-WIND-244,Wind Turbine Gearbox,302.25,309.25,879.3,159.27,192,L,0
M-WIND-245,Wind Turbine Gearbox,300.91,319.17,1644.3,171.99,110,L,0
M-WIND-246,Wind Turbine Gearbox,295.03,323.22,1571.6,88.89,242,M,0
M-WIND-247,Wind Turbine Gearbox,304.66,314.17,587.1,115.18,157,M,0
M-WIND-248,Wind Turbine Gearbox,292.28,315.3,1128.5,180.4,125,M,0
M-WIND-249,Wind Turbine Gearbox,295.83,317.64,1587.0,161.07,166,M,0
M-WIND-250,Wind Turbine Gearbox,294.83,307.88,915.6,133.24,159,L,0
M-WIND-251,Wind Turbine Gearbox,304.05,312.78,612.4,84.01,50,L,0
M-WIND-252,Wind Turbine Gearbox,304.93,306.03,965.7,160.32,94,M,0
M-WIND-253,Wind Turbine Gearbox,302.2,322.16,1418.3,89.81,137,L,0
M-WIND-254,Wind Turbine Gearbox,292.89,314.08,934.4,104.66,130,H,0
M-WIND-255,Wind Turbine Gearbox,303.16,308.49,1310.6,193.08,288,M,0
M-WIND-256,Wind Turbine Gearbox,294.06,309.96,1471.7,197.68,69,L,0
M-WIND-257,Wind Turbine Gearbox,291.84,310.96,1236.6,115.67,212,M,0
M-WIND-258,Wind Turbine Gearbox,293.29,315.62,531.2,168.93,180,L,0
M-WIND-259,Wind Turbine Gearbox,291.54,319.65,891.2,124.78,137,M,0
M-WIND-260,Wind Turbine Gearbox,296.46,305.42,1600.8,185.82,59,L,0
M-WIND-261,Wind Turbine Gearbox,291.08,321.16,1296.9,116.76,203,M,0
M-WIND-262,Wind Turbine Gearbox,299.54,314.51,1504.7,85.43,136,M,0
M-WIND-263,Wind Turbine Gearbox,298.82,308.39,596.9,82.52,153,M,0
M-WIND-264,Wind Turbine Gearbox,298.52,313.99,1012.3,181.2,205,M,0
M-WIND-265,Wind Turbine Gearbox,295.73,320.54,697.7,128.24,61,H,0
M-WIND-266,Wind Turbine Gearbox,291.22,313.83,1406.5,117.52,56,L,0
M-WIND-267,Wind Turbine Gearbox,293.11,319.45,509.6,117.48,205,L,0
M-WIND-268,Wind Turbine Gearbox,301.31,313.99,1434.1,144.5,253,L,0
M-WIND-269,Wind Turbine Gearbox,304.64,307.1,942.9,103.09,207,M,0
M-WIND-270,Wind Turbine Gearbox,293.06,313.43,1282.8,159.07,75,L,0
M-WIND-271,Wind Turbine Gearbox,290.51,324.46,911.2,117.96,161,M,0
M-WIND-272,Wind Turbine Gearbox,292.39,310.1,1750.0,185.22,103,M,0
M-WIND-273,Wind Turbine Gearbox,293.05,316.0,975.5,123.49,208,M,0
M-WIND-274,Wind Turbine Gearbox,296.06,323.51,1482.0,125.99,107,M,0
M-WIND-275,Wind Turbine Gearbox,302.12,322.22,1233.6,142.02,229,H,0
M-WIND-276,Wind Turbine Gearbox,302.78,306.48,1283.9,150.76,127,H,0
M-WIND-277,Wind Turbine Gearbox,300.77,305.48,733.5,145.31,284,H,0
M-WIND-278,Wind Turbine Gearbox,298.68,311.58,1370.2,194.35,117,L,0
M-WIND-279,Wind Turbine Gearbox,303.06,317.14,1485.7,183.79,250,M,0
M-WIND-280,Wind Turbine Gearbox,302.19,311.27,1627.2,110.66,193,M,0
M-WIND-281,Wind Turbine Gearbox,296.39,320.66,1703.0,102.35,58,M,0
M-WIND-282,Wind Turbine Gearbox,299.03,311.83,1521.1,179.14,132,M,0
M-WIND-283,Wind Turbine Gearbox,299.63,311.85,1759.9,121.57,205,M,0
M-WIND-284,Wind Turbine Gearbox,290.18,306.83,802.0,177.46,160,M,0
M-WIND-285,Wind Turbine Gearbox,304.16,307.94,1620.4,125.51,134,M,0
M-WIND-286,Wind Turbine Gearbox,303.48,311.97,1489.8,82.31,205,M,0
M-WIND-287,Wind Turbine Gearbox,298.34,323.76,1720.2,121.05,164,L,0
M-WIND-288,Wind Turbine Gearbox,302.66,313.36,953.7,178.47,144,M,0
M-WIND-289,Wind Turbine Gearbox,292.03,315.86,924.4,150.87,162,L,0
M-WIND-290,Wind Turbine Gearbox,294.17,308.44,1413.8,126.1,190,L,0
M-WIND-291,Wind Turbine Gearbox,297.26,308.05,1054.7,137.42,241,H,0
M-WIND-292,Wind Turbine Gearbox,295.2,306.0,1412.6,169.27,164,M,0
M-WIND-293,Wind Turbine Gearbox,301.25,310.37,1289.1,195.67,214,H,0
M-WIND-294,Wind Turbine Gearbox,294.35,315.38,594.5,161.19,213,L,0
M-WIND-295,Wind Turbine Gearbox,297.5,318.84,736.6,80.34,93,H,0
M-WIND-296,Wind Turbine Gearbox,296.42,314.37,1337.8,96.89,103,L,0
M-WIND-297,Wind Turbine Gearbox,298.65,305.59,1602.9,155.58,96,M,0
M-WIND-298,Wind Turbine Gearbox,298.3,316.22,1546.7,123.03,187,M,0
M-WIND-299,Wind Turbine Gearbox,298.38,306.46,1034.6,120.67,298,M,0
M-WIND-300,Wind Turbine Gearbox,296.53,314.67,1695.1,153.37,147,L,0
M-WIND-301,Wind Turbine Gearbox,303.95,310.29,1011.4,195.98,185,M,0
M-WIND-302,Wind Turbine Gearbox,292.93,312.69,1320.6,84.64,70,H,0
M-WIND-303,Wind Turbine Gearbox,293.28,308.66,1606.0,102.23,215,H,0
M-WIND-304,Wind Turbine Gearbox,298.9,313.71,1031.3,182.79,91,M,0
M-WIND-305,Wind Turbine Gearbox,302.33,319.28,1778.3,80.25,271,M,0
M-WIND-306,Wind Turbine Gearbox,290.04,314.31,1497.7,101.91,219,H,0
M-WIND-307,Wind Turbine Gearbox,302.05,316.37,544.1,90.91,265,H,0
M-WIND-308,Wind Turbine Gearbox,294.48,316.34,777.5,106.91,244,M,0
M-WIND-309,Wind Turbine Gearbox,290.58,319.42,1740.7,179.83,187,M,0
M-WIND-310,Wind Turbine Gearbox,303.88,320.32,1241.9,185.58,200,L,0
M-WIND-311,Wind Turbine Gearbox,302.87,316.01,1699.7,121.09,225,H,0
M-WIND-312,Wind Turbine Gearbox,303.43,309.96,1733.7,82.04,220,H,0
M-WIND-313,Wind Turbine Gearbox,301.56,314.84,1682.5,165.81,242,H,0
M-WIND-314,Wind Turbine Gearbox,291.45,322.01,793.5,184.03,85,M,0
M-WIND-315,Wind Turbine Gearbox,303.93,321.79,570.5,133.77,277,H,0
M-WIND-316,Wind Turbine Gearbox,291.61,317.9,636.5,133.86,176,L,0
M-WIND-317,Wind Turbine Gearbox,304.36,315.24,1163.5,167.22,98,L,0
M-WIND-318,Wind Turbine Gearbox,290.02,305.04,1313.4,120.98,149,M,0
M-WIND-319,Wind Turbine Gearbox,296.12,321.56,1409.0,91.36,64,M,0
M-WIND-320,Wind Turbine Gearbox,300.95,318.29,1623.3,95.99,201,L,0
M-WIND-321,Wind Turbine Gearbox,304.07,307.02,811.5,122.55,185,M,0
M-WIND-322,Wind Turbine Gearbox,302.92,324.01,591.1,163.96,78,L,0
M-WIND-323,Wind Turbine Gearbox,292.13,324.83,1056.1,125.83,196,M,0
M-WIND-324,Wind Turbine Gearbox,293.52,317.58,1446.9,193.44,152,L,0
M-WIND-325,Wind Turbine Gearbox,302.5,321.63,544.6,122.68,53,M,0
M-WIND-326,Wind Turbine Gearbox,302.98,321.3,1554.6,122.22,61,H,0
M-WIND-327,Wind Turbine Gearbox,300.06,307.68,662.9,122.44,73,M,0
M-WIND-328,Wind Turbine Gearbox,304.55,305.4,1579.7,199.23,159,L,0
M-WIND-329,Wind Turbine Gearbox,293.92,324.65,1620.0,186.16,82,L,0
M-WIND-330,Wind Turbine Gearbox,304.13,321.38,618.8,90.17,139,L,0
M-WIND-331,Wind Turbine Gearbox,290.19,324.01,1183.1,123.0,190,L,0
M-WIND-332,Wind Turbine Gearbox,294.1,310.82,1108.6,160.39,226,M,0
M-WIND-333,Wind Turbine Gearbox,294.84,314.74,1204.5,157.93,204,M,0
M-WIND-334,Wind Turbine Gearbox,294.45,311.16,1339.0,131.98,83,H,0
M-WIND-335,Wind Turbine Gearbox,290.45,322.35,1095.2,158.89,282,H,0
M-WIND-336,Wind Turbine Gearbox,296.71,315.78,1594.0,199.25,227,M,0
M-WIND-337,Wind Turbine Gearbox,303.8,321.75,1624.6,80.32,178,L,0
M-WIND-338,Wind Turbine Gearbox,292.72,320.03,511.9,149.02,262,M,0
M-WIND-339,Wind Turbine Gearbox,301.09,315.61,1341.5,142.0,168,L,0
M-WIND-340,Wind Turbine Gearbox,291.39,316.69,649.3,147.54,290,H,0
M-WIND-341,Wind Turbine Gearbox,296.33,321.04,980.6,142.44,78,M,0
M-WIND-342,Wind Turbine Gearbox,300.3,321.57,1340.4,180.43,201,L,0
M-WIND-343,Wind Turbine Gearbox,304.74,306.66,1123.5,102.79,166,M,0
M-WIND-344,Wind Turbine Gearbox,299.33,313.79,922.1,85.18,58,H,0
M-WIND-345,Wind Turbine Gearbox,296.73,313.35,747.9,178.68,220,M,0
M-WIND-346,Wind Turbine Gearbox,301.95,324.78,818.6,123.51,298,H,0
M-WIND-347,Wind Turbine Gearbox,291.16,315.42,1109.0,89.39,122,M,0
M-WIND-348,Wind Turbine Gearbox,302.33,319.16,1688.9,119.9,127,M,0
M-WIND-349,Wind Turbine Gearbox,290.11,309.15,774.9,87.33,163,L,0
M-WIND-350,Wind Turbine Gearbox,290.06,317.57,1643.1,92.9,279,L,0
M-WIND-351,Wind Turbine Gearbox,293.22,323.11,1545.2,93.37,257,M,0
M-WIND-352,Wind Turbine Gearbox,302.24,317.35,1009.4,152.14,209,L,0
M-WIND-353,Wind Turbine Gearbox,302.46,318.26,1786.5,173.43,277,M,0
M-WIND-354,Wind Turbine Gearbox,294.74,312.25,1071.6,195.37,68,M,0
M-WIND-355,Wind Turbine Gearbox,292.42,321.22,540.5,134.62,148,H,0
M-WIND-356,Wind Turbine Gearbox,295.65,321.18,678.7,198.02,64,M,0
M-WIND-357,Wind Turbine Gearbox,301.62,312.15,1124.5,102.4,228,H,0
M-WIND-358,Wind Turbine Gearbox,302.73,315.79,1212.6,192.02,243,L,0
M-WIND-359,Wind Turbine Gearbox,302.87,306.84,1443.9,107.98,120,H,0
M-WIND-360,Wind Turbine Gearbox,303.41,319.78,681.1,119.35,169,M,0
M-WIND-361,Wind Turbine Gearbox,298.93,314.44,1343.2,186.06,149,L,0
M-WIND-362,Wind Turbine Gearbox,293.29,307.43,811.2,104.79,296,M,0
M-WIND-363,Wind Turbine Gearbox,299.77,318.92,1078.8,106.83,159,M,0
M-WIND-364,Wind Turbine Gearbox,304.31,316.37,1760.8,149.21,86,M,0
M-WIND-365,Wind Turbine Gearbox,301.88,313.43,629.7,91.53,109,M,0
M-WIND-366,Wind Turbine Gearbox,302.45,315.67,1469.9,157.47,181,M,0
M-WIND-367,Wind Turbine Gearbox,303.25,310.51,828.7,110.94,73,M,0
M-WIND-368,Wind Turbine Gearbox,294.91,315.44,1089.0,142.38,124,L,0
M-WIND-369,Wind Turbine Gearbox,298.01,309.17,1672.3,93.13,233,M,0
M-WIND-370,Wind Turbine Gearbox,291.09,323.03,911.2,168.91,119,M,0
M-WIND-371,Wind Turbine Gearbox,304.59,317.22,885.2,135.01,219,M,0
M-WIND-372,Wind Turbine Gearbox,303.66,322.35,690.9,174.19,285,M,0
M-WIND-373,Wind Turbine Gearbox,293.57,305.19,650.4,195.31,147,M,0
M-WIND-374,Wind Turbine Gearbox,294.0,308.28,1161.4,166.78,187,H,0
M-WIND-375,Wind Turbine Gearbox,302.05,323.63,1072.5,123.98,107,M,0
M-WIND-376,Wind Turbine Gearbox,299.67,320.4,931.9,120.76,162,H,0
M-WIND-377,Wind Turbine Gearbox,303.91,319.11,1063.7,94.67,262,M,0
M-WIND-378,Wind Turbine Gearbox,301.95,305.67,855.8,154.65,171,M,0
M-WIND-379,Wind Turbine Gearbox,293.02,311.04,1465.0,102.04,198,M,0
M-WIND-380,Wind Turbine Gearbox,301.45,309.03,851.1,127.84,91,M,0
M-WIND-381,Wind Turbine Gearbox,296.24,324.8,1272.0,88.34,164,L,0
M-WIND-382,Wind Turbine Gearbox,303.0,324.24,1662.5,101.16,50,M,0
M-WIND-383,Wind Turbine Gearbox,300.54,307.62,716.9,195.57,285,H,0
M-WIND-384,Wind Turbine Gearbox,293.71,322.84,1065.5,175.77,148,L,0
M-WIND-385,Wind Turbine Gearbox,295.95,322.98,923.2,142.77,180,M,0
M-WIND-386,Wind Turbine Gearbox,294.6,317.85,683.3,187.23,86,L,0
M-WIND-387,Wind Turbine Gearbox,300.4,311.82,925.7,195.93,98,L,0
M-WIND-388,Wind Turbine Gearbox,292.76,323.11,1464.5,191.92,269,M,0
M-WIND-389,Wind Turbine Gearbox,292.28,309.43,762.4,106.48,169,L,0
M-WIND-390,Wind Turbine Gearbox,290.35,309.77,1275.8,183.84,124,M,0
M-WIND-391,Wind Turbine Gearbox,295.6,310.87,1408.4,158.7,260,L,0
M-WIND-392,Wind Turbine Gearbox,303.51,315.8,741.4,106.66,197,L,0
M-WIND-393,Wind Turbine Gearbox,297.96,323.71,840.9,90.36,249,L,0
M-WIND-394,Wind Turbine Gearbox,296.72,307.05,555.0,87.51,159,M,0
M-WIND-395,Wind Turbine Gearbox,296.93,314.77,1095.5,154.39,219,M,0
M-WIND-396,Wind Turbine Gearbox,295.06,312.37,591.2,118.6,99,M,0
M-WIND-397,Wind Turbine Gearbox,300.72,324.77,1700.6,178.6,234,L,0
M-WIND-398,Wind Turbine Gearbox,301.28,314.42,1281.8,116.69,50,M,0
M-WIND-399,Wind Turbine Gearbox,296.07,319.66,1617.0,195.52,137,L,0
M-WIND-400,Wind Turbine Gearbox,301.99,305.62,1273.8,123.88,58,M,0
M-WIND-F1-001,Wind Turbine Gearbox,311.68,333.28,1721.8,153.25,83,L,1
M-WIND-F1-002,Wind Turbine Gearbox,310.99,336.15,1584.9,96.58,143,L,1
M-WIND-F1-003,Wind Turbine Gearbox,312.28,330.07,1523.7,193.36,183,L,1
M-WIND-F1-004,Wind Turbine Gearbox,309.89,334.56,917.1,168.2,228,L,1
M-WIND-F1-005,Wind Turbine Gearbox,308.2,338.14,1794.7,115.44,170,L,1
M-WIND-F1-006,Wind Turbine Gearbox,314.2,334.18,622.1,157.52,229,M,1
M-WIND-F1-007,Wind Turbine Gearbox,310.66,341.23,1052.0,161.71,123,M,1
M-WIND-F1-008,Wind Turbine Gearbox,308.5,331.15,1650.7,101.75,61,M,1
M-WIND-F1-009,Wind Turbine Gearbox,311.37,337.38,1108.5,97.03,53,H,1
M-WIND-F1-010,Wind Turbine Gearbox,314.55,336.91,1019.6,129.3,173,M,1
M-WIND-F1-011,Wind Turbine Gearbox,313.37,333.38,977.4,192.2,99,M,1
M-WIND-F1-012,Wind Turbine Gearbox,309.92,336.13,558.7,100.07,69,L,1
M-WIND-F1-013,Wind Turbine Gearbox,314.69,330.88,599.9,146.26,145,M,1
M-WIND-F1-014,Wind Turbine Gearbox,312.89,340.36,693.8,84.54,218,M,1
M-WIND-F1-015,Wind Turbine Gearbox,314.77,336.93,1163.0,154.76,82,M,1
M-WIND-F1-016,Wind Turbine Gearbox,314.25,332.76,802.9,141.2,171,H,1
M-WIND-F1-017,Wind Turbine Gearbox,310.65,335.19,1625.3,180.76,222,L,1
M-WIND-F1-018,Wind Turbine Gearbox,313.29,341.17,727.2,120.9,179,L,1
M-WIND-F1-019,Wind Turbine Gearbox,312.34,332.7,1728.1,171.24,186,L,1
M-WIND-F1-020,Wind Turbine Gearbox,312.27,330.29,829.7,194.79,104,L,1
M-WIND-F2-001,Wind Turbine Gearbox,298.64,332.6,1124.6,332.15,95,H,1
M-WIND-F2-002,Wind Turbine Gearbox,304.62,310.76,1308.4,322.21,205,M,1
M-WIND-F2-003,Wind Turbine Gearbox,300.75,324.97,583.2,346.06,123,H,1
M-WIND-F2-004,Wind Turbine Gearbox,297.97,311.56,1494.6,309.38,76,M,1
M-WIND-F2-005,Wind Turbine Gearbox,304.04,329.44,546.3,257.78,224,M,1
M-WIND-F2-006,Wind Turbine Gearbox,294.48,312.2,1033.1,350.24,149,H,1
M-WIND-F2-007,Wind Turbine Gearbox,299.71,317.1,1264.8,318.06,233,M,1
M-WIND-F2-008,Wind Turbine Gearbox,302.38,322.53,848.3,331.98,113,L,1
M-WIND-F2-009,Wind Turbine Gearbox,295.26,318.56,1153.7,331.7,177,L,1
M-WIND-F2-010,Wind Turbine Gearbox,296.73,332.21,533.5,274.5,63,M,1
M-WIND-F2-011,Wind Turbine Gearbox,295.93,314.18,1038.3,330.48,167,M,1
M-WIND-F2-012,Wind Turbine Gearbox,308.86,331.37,767.5,348.63,158,H,1
M-WIND-F2-013,Wind Turbine Gearbox,291.89,329.79,1110.4,324.27,113,L,1
M-WIND-F2-014,Wind Turbine Gearbox,303.84,333.12,611.2,325.88,171,H,1
M-WIND-F2-015,Wind Turbine Gearbox,297.23,314.58,1602.6,320.64,109,M,1
M-WIND-F2-016,Wind Turbine Gearbox,302.87,318.03,1613.2,355.17,126,M,1
M-WIND-F2-017,Wind Turbine Gearbox,303.79,313.52,1483.5,357.38,193,M,1
M-WIND-F2-018,Wind Turbine Gearbox,293.45,313.69,604.2,372.24,211,H,1
M-WIND-F2-019,Wind Turbine Gearbox,303.2,315.39,519.3,288.01,133,H,1
M-WIND-F2-020,Wind Turbine Gearbox,296.83,327.21,755.8,313.04,218,H,1
M-WIND-F3-001,Wind Turbine Gearbox,301.78,312.68,2647.0,238.47,160,L,1
M-WIND-F3-002,Wind Turbine Gearbox,293.02,311.87,2670.6,253.34,105,M,1
M-WIND-F3-003,Wind Turbine Gearbox,294.36,311.04,2709.6,258.17,178,L,1
M-WIND-F3-004,Wind Turbine Gearbox,304.14,308.03,2723.6,266.59,214,L,1
M-WIND-F3-005,Wind Turbine Gearbox,301.41,316.91,2339.3,242.13,164,H,1
M-WIND-F3-006,Wind Turbine Gearbox,292.76,323.23,3020.7,220.42,213,L,1
M-WIND-F3-007,Wind Turbine Gearbox,297.89,313.98,2986.9,220.6,209,M,1
M-WIND-F3-008,Wind Turbine Gearbox,299.62,311.46,2630.7,284.67,84,M,1
M-WIND-F3-009,Wind Turbine Gearbox,303.48,323.02,2964.7,261.48,195,M,1
M-WIND-F3-010,Wind Turbine Gearbox,296.9,310.68,2416.7,223.03,150,M,1
M-WIND-F3-011,Wind Turbine Gearbox,292.82,307.43,2472.3,291.92,148,M,1
M-WIND-F3-012,Wind Turbine Gearbox,290.81,315.4,2760.9,232.06,236,L,1
M-WIND-F3-013,Wind Turbine Gearbox,304.9,312.21,2900.1,246.3,192,L,1
M-WIND-F3-014,Wind Turbine Gearbox,292.33,307.81,2254.0,283.87,176,M,1
M-WIND-F3-015,Wind Turbine Gearbox,301.61,322.0,3014.6,236.1,133,L,1
M-WIND-F3-016,Wind Turbine Gearbox,296.92,314.75,3008.2,278.77,154,M,1
M-WIND-F3-017,Wind Turbine Gearbox,303.73,305.18,2448.9,295.69,144,M,1
M-WIND-F3-018,Wind Turbine Gearbox,297.99,312.95,2758.8,281.32,119,M,1
M-WIND-F3-019,Wind Turbine Gearbox,291.24,315.95,2833.0,266.82,216,M,1
M-WIND-F3-020,Wind Turbine Gearbox,297.38,306.75,2790.0,255.43,150,H,1
M-WIND-F4-001,Wind Turbine Gearbox,304.96,320.44,1020.8,174.63,361,L,1
M-WIND-F4-002,Wind Turbine Gearbox,301.53,311.99,1771.0,133.87,358,L,1
M-WIND-F4-003,Wind Turbine Gearbox,294.07,324.13,780.9,155.15,328,L,1
M-WIND-F4-004,Wind Turbine Gearbox,293.32,305.69,550.6,150.89,354,H,1
M-WIND-F4-005,Wind Turbine Gearbox,291.39,306.95,1369.1,133.57,357,H,1
M-WIND-F4-006,Wind Turbine Gearbox,303.38,311.09,1511.7,213.66,389,L,1
M-WIND-F4-007,Wind Turbine Gearbox,296.64,308.05,562.2,222.71,348,L,1
M-WIND-F4-008,Wind Turbine Gearbox,297.44,322.59,1474.6,100.99,371,M,1
M-WIND-F4-009,Wind Turbine Gearbox,301.6,323.97,1709.2,107.0,319,L,1
M-WIND-F4-010,Wind Turbine Gearbox,300.65,308.52,1389.9,90.35,362,L,1
M-WIND-F4-011,Wind Turbine Gearbox,299.63,306.31,1788.3,142.13,343,H,1
M-WIND-F4-012,Wind Turbine Gearbox,292.51,310.42,1539.0,193.15,358,L,1
M-WIND-F4-013,Wind Turbine Gearbox,304.97,312.7,1008.6,199.89,363,H,1
M-WIND-F4-014,Wind Turbine Gearbox,299.83,319.39,1781.7,177.19,366,L,1
M-WIND-F4-015,Wind Turbine Gearbox,291.44,319.69,1210.9,103.21,365,M,1
M-WIND-F4-016,Wind Turbine Gearbox,298.07,310.62,635.9,126.13,347,M,1
M-WIND-F4-017,Wind Turbine Gearbox,292.23,311.42,1617.2,226.38,355,M,1
M-WIND-F4-018,Wind Turbine Gearbox,298.72,309.29,1791.6,201.28,332,M,1
M-WIND-F4-019,Wind Turbine Gearbox,299.73,311.46,961.9,206.7,335,L,1
M-WIND-F4-020,Wind Turbine Gearbox,304.02,307.48,687.6,231.32,330,H,1
M-WIND-F5-001,Wind Turbine Gearbox,310.34,331.26,2141.1,250.42,355,L,1
M-WIND-F5-002,Wind Turbine Gearbox,308.98,332.63,2057.5,313.34,347,M,1
M-WIND-F5-003,Wind Turbine Gearbox,310.74,336.48,2336.1,318.65,319,L,1
M-WIND-F5-004,Wind Turbine Gearbox,306.76,334.53,2476.7,278.25,348,H,1
M-WIND-F5-005,Wind Turbine Gearbox,309.17,329.51,1999.9,287.07,338,M,1
M-WIND-F5-006,Wind Turbine Gearbox,308.56,334.47,2328.2,236.63,343,M,1
M-WIND-F5-007,Wind Turbine Gearbox,309.35,335.78,2291.4,314.41,359,L,1
M-WIND-F5-008,Wind Turbine Gearbox,307.79,330.14,2422.9,243.2,317,L,1
M-WIND-F5-009,Wind Turbine Gearbox,308.8,331.35,2500.0,293.66,336,M,1
M-WIND-F5-010,Wind Turbine Gearbox,309.38,334.85,2364.5,247.58,344,M,1
M-WIND-F5-011,Wind Turbine Gearbox,310.25,334.0,2059.0,258.67,347,L,1
M-WIND-F5-012,Wind Turbine Gearbox,307.11,331.84,1988.3,259.85,311,L,1
M-WIND-F5-013,Wind Turbine Gearbox,309.33,336.75,2461.6,284.31,335,L,1
M-WIND-F5-014,Wind Turbine Gearbox,307.49,330.79,2201.4,234.79,325,H,1
M-WIND-F5-015,Wind Turbine Gearbox,306.26,333.41,2362.4,278.3,313,M,1
M-WIND-F5-016,Wind Turbine Gearbox,306.55,334.2,2426.3,240.5,313,M,1
M-WIND-F5-017,Wind Turbine Gearbox,307.52,331.09,2094.2,258.52,358,L,1
M-WIND-F5-018,Wind Turbine Gearbox,309.01,335.4,1988.0,240.03,324,M,1
M-WIND-F5-019,Wind Turbine Gearbox,310.42,330.85,2055.2,306.31,330,M,1
M-WIND-F5-020,Wind Turbine Gearbox,308.74,330.41,2358.3,267.87,324,L,1
M-HOIST-001,Crane Hoist Motor,298.06,316.07,800.5,64.9,48,H,0
M-HOIST-002,Crane Hoist Motor,303.05,314.24,1337.9,81.6,195,M,0
M-HOIST-003,Crane Hoist Motor,298.43,313.97,1337.6,67.4,109,H,0
M-HOIST-004,Crane Hoist Motor,304.3,324.14,884.4,111.92,134,L,0
M-HOIST-005,Crane Hoist Motor,305.36,310.66,608.7,102.34,175,M,0
M-HOIST-006,Crane Hoist Motor,304.75,318.65,935.1,112.41,240,M,0
M-HOIST-007,Crane Hoist Motor,305.91,310.18,584.8,145.47,190,M,0
M-HOIST-008,Crane Hoist Motor,301.34,312.77,879.9,113.86,175,H,0
M-HOIST-009,Crane Hoist Motor,302.46,318.5,1460.0,109.45,163,L,0
M-HOIST-010,Crane Hoist Motor,302.19,315.76,1090.9,130.5,176,H,0
M-HOIST-011,Crane Hoist Motor,301.98,317.69,1023.7,90.56,150,M,0
M-HOIST-012,Crane Hoist Motor,302.68,316.77,1301.6,128.12,127,L,0
M-HOIST-013,Crane Hoist Motor,298.66,314.89,536.8,135.55,203,M,0
M-HOIST-014,Crane Hoist Motor,300.14,320.62,855.3,138.17,75,M,0
M-HOIST-015,Crane Hoist Motor,307.61,317.76,946.4,91.66,221,M,0
M-HOIST-016,Crane Hoist Motor,301.56,311.85,1020.7,143.14,250,L,0
M-HOIST-017,Crane Hoist Motor,302.73,321.62,1052.5,109.32,215,L,0
M-HOIST-018,Crane Hoist Motor,298.2,324.14,1323.0,124.9,225,M,0
M-HOIST-019,Crane Hoist Motor,305.73,318.98,1042.9,79.04,224,L,0
M-HOIST-020,Crane Hoist Motor,307.71,311.81,791.6,121.69,226,L,0
M-HOIST-021,Crane Hoist Motor,302.56,320.89,572.1,119.63,31,H,0
M-HOIST-022,Crane Hoist Motor,305.57,317.16,559.6,103.37,44,M,0
M-HOIST-023,Crane Hoist Motor,299.57,313.29,695.6,93.46,54,M,0
M-HOIST-024,Crane Hoist Motor,302.07,322.6,1325.9,134.19,138,M,0
M-HOIST-025,Crane Hoist Motor,302.15,320.31,1029.8,116.19,189,L,0
M-HOIST-026,Crane Hoist Motor,307.44,322.61,565.1,148.14,191,M,0
M-HOIST-027,Crane Hoist Motor,298.23,317.19,1126.5,85.07,49,M,0
M-HOIST-028,Crane Hoist Motor,302.46,310.66,1019.4,69.69,127,M,0
M-HOIST-029,Crane Hoist Motor,307.7,310.52,1060.0,73.67,103,H,0
M-HOIST-030,Crane Hoist Motor,307.95,310.49,1041.4,114.72,207,M,0
M-HOIST-031,Crane Hoist Motor,300.31,318.97,1475.0,136.36,134,M,0
M-HOIST-032,Crane Hoist Motor,299.33,318.55,780.2,69.73,139,H,0
M-HOIST-033,Crane Hoist Motor,299.2,313.29,1490.6,132.76,154,M,0
M-HOIST-034,Crane Hoist Motor,303.19,319.73,504.6,148.91,174,L,0
M-HOIST-035,Crane Hoist Motor,302.69,319.35,961.5,60.85,225,M,0
M-HOIST-036,Crane Hoist Motor,302.71,315.4,932.7,125.3,191,L,0
M-HOIST-037,Crane Hoist Motor,307.75,315.87,839.0,104.42,65,L,0
M-HOIST-038,Crane Hoist Motor,303.81,313.17,1364.0,115.72,37,H,0
M-HOIST-039,Crane Hoist Motor,306.91,315.72,1484.4,107.68,77,M,0
M-HOIST-040,Crane Hoist Motor,299.02,322.11,1127.8,146.76,188,H,0
M-HOIST-041,Crane Hoist Motor,302.76,317.97,1416.8,98.92,166,H,0
M-HOIST-042,Crane Hoist Motor,300.45,318.23,1197.0,99.19,129,M,0
M-HOIST-043,Crane Hoist Motor,304.98,310.08,1012.8,60.32,166,H,0
M-HOIST-044,Crane Hoist Motor,307.4,317.17,1184.0,136.82,84,M,0
M-HOIST-045,Crane Hoist Motor,306.63,318.07,892.8,93.2,118,M,0
M-HOIST-046,Crane Hoist Motor,298.46,316.23,1060.6,130.77,151,L,0
M-HOIST-047,Crane Hoist Motor,302.44,319.76,517.6,81.46,217,M,0
M-HOIST-048,Crane Hoist Motor,307.46,321.29,949.7,130.08,137,M,0
M-HOIST-049,Crane Hoist Motor,298.47,322.98,918.9,121.67,65,L,0
M-HOIST-050,Crane Hoist Motor,306.24,317.23,1172.1,106.93,157,L,0
M-HOIST-051,Crane Hoist Motor,307.67,315.51,831.7,87.34,207,L,0
M-HOIST-052,Crane Hoist Motor,298.44,311.33,1146.2,84.75,51,M,0
M-HOIST-053,Crane Hoist Motor,306.77,315.49,1195.6,141.05,68,M,0
M-HOIST-054,Crane Hoist Motor,307.08,312.9,1488.7,92.86,80,L,0
M-HOIST-055,Crane Hoist Motor,302.68,320.06,989.6,117.92,38,M,0
M-HOIST-056,Crane Hoist Motor,304.57,315.26,1275.8,146.48,38,L,0
M-HOIST-057,Crane Hoist Motor,299.69,323.76,1446.8,111.23,140,L,0
M-HOIST-058,Crane Hoist Motor,307.18,313.49,882.4,97.58,224,H,0
M-HOIST-059,Crane Hoist Motor,304.23,315.26,1385.5,90.58,254,H,0
M-HOIST-060,Crane Hoist Motor,300.4,316.86,756.3,126.37,217,M,0
M-HOIST-061,Crane Hoist Motor,307.7,316.84,1479.8,71.21,224,H,0
M-HOIST-062,Crane Hoist Motor,303.32,317.27,1356.3,123.07,131,L,0
M-HOIST-063,Crane Hoist Motor,306.86,310.37,1371.0,107.39,222,H,0
M-HOIST-064,Crane Hoist Motor,299.51,320.83,775.4,110.3,188,M,0
M-HOIST-065,Crane Hoist Motor,304.99,319.31,879.1,68.14,226,L,0
M-HOIST-066,Crane Hoist Motor,298.06,322.61,651.0,89.96,125,M,0
M-HOIST-067,Crane Hoist Motor,298.92,322.4,1442.7,145.74,51,L,0
M-HOIST-068,Crane Hoist Motor,303.68,320.9,1430.6,119.49,135,M,0
M-HOIST-069,Crane Hoist Motor,304.85,324.17,1389.8,111.94,78,M,0
M-HOIST-070,Crane Hoist Motor,301.62,314.34,1246.7,135.24,103,L,0
M-HOIST-071,Crane Hoist Motor,305.34,316.62,1198.7,129.24,159,M,0
M-HOIST-072,Crane Hoist Motor,299.02,310.02,1437.3,84.07,182,L,0
M-HOIST-073,Crane Hoist Motor,306.18,311.84,1301.9,125.38,105,M,0
M-HOIST-074,Crane Hoist Motor,306.26,314.37,1369.0,67.09,151,M,0
M-HOIST-075,Crane Hoist Motor,305.28,312.62,841.5,71.46,216,H,0
M-HOIST-076,Crane Hoist Motor,305.23,320.61,642.4,110.94,144,M,0
M-HOIST-077,Crane Hoist Motor,307.37,311.21,1320.5,137.59,59,M,0
M-HOIST-078,Crane Hoist Motor,305.02,318.23,1002.9,88.6,188,M,0
M-HOIST-079,Crane Hoist Motor,302.6,322.86,589.5,107.55,141,M,0
M-HOIST-080,Crane Hoist Motor,303.98,310.23,992.5,103.71,148,M,0
M-HOIST-081,Crane Hoist Motor,300.08,319.71,592.7,87.53,221,H,0
M-HOIST-082,Crane Hoist Motor,302.68,320.03,641.6,88.12,158,M,0
M-HOIST-083,Crane Hoist Motor,299.1,313.49,609.4,148.52,84,M,0
M-HOIST-084,Crane Hoist Motor,302.29,318.54,998.1,125.44,230,M,0
M-HOIST-085,Crane Hoist Motor,299.84,324.77,1366.1,92.75,235,M,0
M-HOIST-086,Crane Hoist Motor,302.37,323.1,1175.3,134.38,126,L,0
M-HOIST-087,Crane Hoist Motor,301.67,321.03,935.5,96.47,213,H,0
M-HOIST-088,Crane Hoist Motor,307.28,317.63,1136.1,96.47,178,L,0
M-HOIST-089,Crane Hoist Motor,306.68,322.82,857.8,115.43,209,L,0
M-HOIST-090,Crane Hoist Motor,306.91,322.48,1217.9,127.4,215,L,0
M-HOIST-091,Crane Hoist Motor,301.53,321.73,1449.2,80.97,41,H,0
M-HOIST-092,Crane Hoist Motor,300.17,323.8,626.8,127.28,229,L,0
M-HOIST-093,Crane Hoist Motor,302.17,317.43,823.2,73.26,78,H,0
M-HOIST-094,Crane Hoist Motor,302.08,312.56,903.4,136.61,180,M,0
M-HOIST-095,Crane Hoist Motor,306.12,310.62,1294.5,77.67,109,M,0
M-HOIST-096,Crane Hoist Motor,299.06,312.61,1456.3,114.02,139,L,0
M-HOIST-097,Crane Hoist Motor,306.14,311.65,1240.9,143.92,164,M,0
M-HOIST-098,Crane Hoist Motor,306.7,320.19,1495.3,85.44,224,M,0
M-HOIST-099,Crane Hoist Motor,301.66,323.25,1496.2,65.21,242,M,0
M-HOIST-100,Crane Hoist Motor,300.05,310.63,1422.2,128.35,42,M,0
M-HOIST-101,Crane Hoist Motor,299.2,321.27,909.1,64.66,220,M,0
M-HOIST-102,Crane Hoist Motor,305.73,320.12,934.4,122.88,33,M,0
M-HOIST-103,Crane Hoist Motor,305.78,321.45,1387.4,114.99,246,M,0
M-HOIST-104,Crane Hoist Motor,303.0,312.96,1278.8,122.29,135,H,0
M-HOIST-105,Crane Hoist Motor,299.26,311.72,875.6,74.31,227,L,0
M-HOIST-106,Crane Hoist Motor,306.57,319.13,1096.4,140.18,123,H,0
M-HOIST-107,Crane Hoist Motor,302.7,318.31,1049.5,74.31,210,L,0
M-HOIST-108,Crane Hoist Motor,300.3,318.27,1290.3,60.69,93,M,0
M-HOIST-109,Crane Hoist Motor,306.45,321.98,651.0,101.65,100,M,0
M-HOIST-110,Crane Hoist Motor,303.41,317.49,641.6,70.95,59,L,0
M-HOIST-111,Crane Hoist Motor,298.2,313.04,1455.9,65.94,38,M,0
M-HOIST-112,Crane Hoist Motor,299.51,318.49,838.6,78.81,259,M,0
M-HOIST-113,Crane Hoist Motor,304.41,323.11,1422.4,96.91,254,L,0
M-HOIST-114,Crane Hoist Motor,303.83,320.4,860.1,98.2,164,M,0
M-HOIST-115,Crane Hoist Motor,305.69,313.77,1296.8,73.69,79,L,0
M-HOIST-116,Crane Hoist Motor,300.63,321.93,1283.9,83.16,46,H,0
M-HOIST-117,Crane Hoist Motor,305.53,322.7,883.1,74.78,47,M,0
M-HOIST-118,Crane Hoist Motor,307.8,312.55,586.2,130.69,171,M,0
M-HOIST-119,Crane Hoist Motor,302.48,320.53,1198.4,98.2,83,L,0
M-HOIST-120,Crane Hoist Motor,299.65,318.01,1192.7,117.5,172,M,0
M-HOIST-121,Crane Hoist Motor,306.76,315.48,1127.4,122.73,165,L,0
M-HOIST-122,Crane Hoist Motor,304.55,316.37,1345.6,104.06,151,M,0
M-HOIST-123,Crane Hoist Motor,301.23,320.84,598.1,138.2,203,M,0
M-HOIST-124,Crane Hoist Motor,300.26,315.82,1305.1,62.84,137,M,0
M-HOIST-125,Crane Hoist Motor,306.75,316.21,1197.9,92.21,105,M,0
M-HOIST-126,Crane Hoist Motor,304.78,324.46,708.1,117.95,91,M,0
M-HOIST-127,Crane Hoist Motor,303.42,316.75,998.6,139.22,50,L,0
M-HOIST-128,Crane Hoist Motor,302.62,315.0,677.1,133.33,166,L,0
M-HOIST-129,Crane Hoist Motor,301.15,315.89,1413.6,146.51,200,L,0
M-HOIST-130,Crane Hoist Motor,304.94,318.81,1095.1,146.74,202,M,0
M-HOIST-131,Crane Hoist Motor,299.89,324.66,1020.3,144.93,194,H,0
M-HOIST-132,Crane Hoist Motor,303.39,323.39,551.8,138.01,171,H,0
M-HOIST-133,Crane Hoist Motor,301.74,310.45,501.7,140.68,202,M,0
M-HOIST-134,Crane Hoist Motor,299.14,310.82,1417.2,116.3,66,M,0
M-HOIST-135,Crane Hoist Motor,307.99,321.82,946.5,133.28,201,H,0
M-HOIST-136,Crane Hoist Motor,307.26,323.26,1090.6,105.73,82,L,0
M-HOIST-137,Crane Hoist Motor,302.32,318.69,670.1,79.24,256,M,0
M-HOIST-138,Crane Hoist Motor,306.16,322.45,1481.5,148.46,135,L,0
M-HOIST-139,Crane Hoist Motor,301.65,319.11,1321.7,142.24,150,M,0
M-HOIST-140,Crane Hoist Motor,305.29,316.84,1171.8,132.38,223,M,0
M-HOIST-141,Crane Hoist Motor,303.71,310.38,1297.8,71.26,230,M,0
M-HOIST-142,Crane Hoist Motor,299.67,321.94,700.3,95.5,160,M,0
M-HOIST-143,Crane Hoist Motor,299.79,316.09,644.2,124.72,69,M,0
M-HOIST-144,Crane Hoist Motor,303.6,324.18,578.3,143.74,77,L,0
M-HOIST-145,Crane Hoist Motor,298.9,324.83,1307.6,65.67,79,M,0
M-HOIST-146,Crane Hoist Motor,303.24,319.44,963.5,126.07,110,H,0
M-HOIST-147,Crane Hoist Motor,298.34,314.87,926.9,119.32,215,M,0
M-HOIST-148,Crane Hoist Motor,302.93,313.51,1451.2,118.28,185,M,0
M-HOIST-149,Crane Hoist Motor,300.82,313.01,1156.6,142.95,78,M,0
M-HOIST-150,Crane Hoist Motor,303.29,319.62,1087.8,84.55,189,M,0
M-HOIST-151,Crane Hoist Motor,304.53,314.5,582.4,71.45,221,H,0
M-HOIST-152,Crane Hoist Motor,301.31,314.31,557.9,113.96,213,L,0
M-HOIST-153,Crane Hoist Motor,307.36,310.74,757.5,97.09,231,M,0
M-HOIST-154,Crane Hoist Motor,303.7,319.89,798.0,112.37,41,M,0
M-HOIST-155,Crane Hoist Motor,301.79,315.34,734.9,133.6,232,L,0
M-HOIST-156,Crane Hoist Motor,301.96,313.89,598.4,120.52,105,M,0
M-HOIST-157,Crane Hoist Motor,301.71,318.32,661.9,146.52,198,H,0
M-HOIST-158,Crane Hoist Motor,301.07,310.75,729.5,85.79,195,L,0
M-HOIST-159,Crane Hoist Motor,298.45,318.82,1460.9,116.55,250,M,0
M-HOIST-160,Crane Hoist Motor,302.6,317.43,1423.9,94.23,256,M,0
M-HOIST-161,Crane Hoist Motor,300.18,311.56,672.9,63.54,189,M,0
M-HOIST-162,Crane Hoist Motor,305.38,321.73,1431.4,70.53,72,M,0
M-HOIST-163,Crane Hoist Motor,299.3,311.39,1166.3,125.22,223,L,0
M-HOIST-164,Crane Hoist Motor,302.42,324.7,537.9,138.31,103,L,0
M-HOIST-165,Crane Hoist Motor,300.23,321.11,925.5,94.33,43,L,0
M-HOIST-166,Crane Hoist Motor,299.75,316.94,641.3,114.4,83,M,0
M-HOIST-167,Crane Hoist Motor,307.47,323.81,700.5,68.93,39,L,0
M-HOIST-168,Crane Hoist Motor,300.49,314.26,726.2,135.61,255,L,0
M-HOIST-169,Crane Hoist Motor,306.24,319.31,1028.8,124.94,38,H,0
M-HOIST-170,Crane Hoist Motor,304.87,315.03,988.8,130.38,162,L,0
M-HOIST-171,Crane Hoist Motor,302.19,314.31,734.8,71.85,38,H,0
M-HOIST-172,Crane Hoist Motor,300.71,314.18,881.8,113.25,204,H,0
M-HOIST-173,Crane Hoist Motor,305.59,312.08,1488.7,85.65,222,H,0
M-HOIST-174,Crane Hoist Motor,307.51,322.4,859.4,97.93,30,M,0
M-HOIST-175,Crane Hoist Motor,300.89,316.79,639.0,103.09,183,M,0
M-HOIST-176,Crane Hoist Motor,300.32,318.22,529.0,90.68,151,M,0
M-HOIST-177,Crane Hoist Motor,301.45,322.72,1434.0,134.47,52,M,0
M-HOIST-178,Crane Hoist Motor,305.11,324.62,742.3,140.84,199,L,0
M-HOIST-179,Crane Hoist Motor,298.94,315.92,978.1,120.49,180,L,0
M-HOIST-180,Crane Hoist Motor,306.39,310.83,986.5,96.64,259,M,0
M-HOIST-181,Crane Hoist Motor,304.83,314.27,1114.6,78.6,168,L,0
M-HOIST-182,Crane Hoist Motor,298.19,317.57,1482.4,74.33,72,M,0
M-HOIST-183,Crane Hoist Motor,306.71,318.44,1008.7,67.81,251,M,0
M-HOIST-184,Crane Hoist Motor,300.52,316.18,914.2,101.27,188,L,0
M-HOIST-185,Crane Hoist Motor,298.57,317.36,914.0,60.98,217,H,0
M-HOIST-186,Crane Hoist Motor,299.15,310.72,700.4,75.91,110,M,0
M-HOIST-187,Crane Hoist Motor,298.54,322.9,826.6,114.59,32,M,0
M-HOIST-188,Crane Hoist Motor,298.02,312.48,947.9,108.16,65,L,0
M-HOIST-189,Crane Hoist Motor,299.89,311.74,833.4,109.63,257,M,0
M-HOIST-190,Crane Hoist Motor,302.26,310.89,1265.8,76.36,201,L,0
M-HOIST-191,Crane Hoist Motor,305.68,319.64,1103.9,100.83,63,L,0
M-HOIST-192,Crane Hoist Motor,302.77,319.38,874.0,78.07,215,M,0
M-HOIST-193,Crane Hoist Motor,306.67,324.49,1330.0,71.53,226,M,0
M-HOIST-194,Crane Hoist Motor,300.41,311.4,778.5,72.37,35,L,0
M-HOIST-195,Crane Hoist Motor,306.32,321.08,693.0,62.5,141,L,0
M-HOIST-196,Crane Hoist Motor,307.63,322.66,1393.5,81.48,65,M,0
M-HOIST-197,Crane Hoist Motor,299.39,321.98,1403.0,87.66,231,H,0
M-HOIST-198,Crane Hoist Motor,304.77,317.91,776.7,129.14,78,M,0
M-HOIST-199,Crane Hoist Motor,305.1,315.07,1355.4,137.89,76,M,0
M-HOIST-200,Crane Hoist Motor,302.32,316.15,1002.0,66.69,230,M,0
M-HOIST-201,Crane Hoist Motor,298.02,320.28,1150.5,148.48,195,M,0
M-HOIST-202,Crane Hoist Motor,307.53,315.48,1321.2,90.21,41,L,0
M-HOIST-203,Crane Hoist Motor,301.5,315.08,1215.9,88.98,57,M,0
M-HOIST-204,Crane Hoist Motor,306.24,311.95,1054.5,71.9,41,M,0
M-HOIST-205,Crane Hoist Motor,304.58,314.12,945.7,104.22,223,L,0
M-HOIST-206,Crane Hoist Motor,298.02,316.21,1156.1,136.72,41,M,0
M-HOIST-207,Crane Hoist Motor,306.42,313.83,705.3,102.11,251,M,0
M-HOIST-208,Crane Hoist Motor,302.24,310.31,1056.7,91.39,72,M,0
M-HOIST-209,Crane Hoist Motor,301.41,310.58,1225.5,125.93,172,L,0
M-HOIST-210,Crane Hoist Motor,300.03,314.29,958.7,65.42,233,M,0
M-HOIST-211,Crane Hoist Motor,301.25,317.17,825.1,85.76,133,M,0
M-HOIST-212,Crane Hoist Motor,302.33,318.22,1283.4,65.15,216,M,0
M-HOIST-213,Crane Hoist Motor,300.52,318.99,1475.7,61.57,184,M,0
M-HOIST-214,Crane Hoist Motor,303.74,310.15,1106.4,70.35,47,M,0
M-HOIST-215,Crane Hoist Motor,305.0,323.35,503.4,94.09,32,M,0
M-HOIST-216,Crane Hoist Motor,302.92,317.95,855.9,125.28,125,M,0
M-HOIST-217,Crane Hoist Motor,306.0,312.61,820.9,106.93,206,M,0
M-HOIST-218,Crane Hoist Motor,298.73,324.83,1207.9,125.05,136,M,0
M-HOIST-219,Crane Hoist Motor,307.94,318.93,718.9,146.79,153,H,0
M-HOIST-220,Crane Hoist Motor,303.73,311.06,1027.6,134.28,153,M,0
M-HOIST-221,Crane Hoist Motor,306.83,323.91,847.5,104.91,256,H,0
M-HOIST-222,Crane Hoist Motor,300.98,316.43,600.9,84.48,155,M,0
M-HOIST-223,Crane Hoist Motor,304.86,315.22,589.8,128.81,160,L,0
M-HOIST-224,Crane Hoist Motor,301.6,310.29,546.7,131.59,124,L,0
M-HOIST-225,Crane Hoist Motor,306.3,310.24,1370.0,79.16,141,M,0
M-HOIST-226,Crane Hoist Motor,298.6,311.88,923.0,117.84,90,M,0
M-HOIST-227,Crane Hoist Motor,301.79,319.46,924.4,136.65,256,L,0
M-HOIST-228,Crane Hoist Motor,299.69,316.86,958.8,135.64,112,M,0
M-HOIST-229,Crane Hoist Motor,304.09,311.67,1058.0,82.22,77,M,0
M-HOIST-230,Crane Hoist Motor,298.99,311.05,1146.9,144.69,188,M,0
M-HOIST-231,Crane Hoist Motor,301.35,318.12,1366.3,78.22,137,M,0
M-HOIST-232,Crane Hoist Motor,307.31,318.04,1280.9,67.9,105,M,0
M-HOIST-233,Crane Hoist Motor,304.78,323.28,1090.4,86.06,153,L,0
M-HOIST-234,Crane Hoist Motor,305.84,324.17,690.8,119.49,76,M,0
M-HOIST-235,Crane Hoist Motor,299.43,321.59,1414.0,62.69,217,M,0
M-HOIST-236,Crane Hoist Motor,302.87,321.22,1006.9,80.81,238,M,0
M-HOIST-237,Crane Hoist Motor,307.31,322.7,1376.6,92.55,257,L,0
M-HOIST-238,Crane Hoist Motor,301.38,323.45,1255.3,125.26,31,H,0
M-HOIST-239,Crane Hoist Motor,304.95,314.18,558.5,85.74,222,M,0
M-HOIST-240,Crane Hoist Motor,304.16,322.01,823.4,61.0,104,L,0
M-HOIST-241,Crane Hoist Motor,302.82,318.55,1260.4,70.34,198,M,0
M-HOIST-242,Crane Hoist Motor,301.88,314.04,653.5,92.53,51,L,0
M-HOIST-243,Crane Hoist Motor,301.06,319.8,796.7,78.96,194,M,0
M-HOIST-244,Crane Hoist Motor,300.18,319.18,505.0,75.92,197,M,0
M-HOIST-245,Crane Hoist Motor,300.04,317.59,965.2,117.05,46,L,0
M-HOIST-246,Crane Hoist Motor,298.58,316.81,1210.5,91.03,239,L,0
M-HOIST-247,Crane Hoist Motor,302.26,312.76,543.4,132.15,74,M,0
M-HOIST-248,Crane Hoist Motor,298.1,310.27,730.4,138.56,209,L,0
M-HOIST-249,Crane Hoist Motor,306.27,312.8,1479.1,80.9,64,M,0
M-HOIST-250,Crane Hoist Motor,303.3,311.87,1238.6,93.44,160,L,0
M-HOIST-251,Crane Hoist Motor,307.02,322.29,1037.5,149.21,151,M,0
M-HOIST-252,Crane Hoist Motor,299.58,312.23,668.7,113.26,125,M,0
M-HOIST-253,Crane Hoist Motor,299.28,315.72,878.0,115.87,119,M,0
M-HOIST-254,Crane Hoist Motor,300.73,311.97,800.0,63.85,76,M,0
M-HOIST-255,Crane Hoist Motor,299.46,319.97,780.8,115.4,178,M,0
M-HOIST-256,Crane Hoist Motor,302.49,318.72,762.5,61.91,178,M,0
M-HOIST-257,Crane Hoist Motor,302.76,323.14,1008.6,87.31,194,L,0
M-HOIST-258,Crane Hoist Motor,305.37,323.63,612.7,70.89,65,L,0
M-HOIST-259,Crane Hoist Motor,301.9,317.17,761.9,126.25,224,H,0
M-HOIST-260,Crane Hoist Motor,299.93,315.09,780.2,107.84,203,L,0
M-HOIST-261,Crane Hoist Motor,300.08,312.63,863.7,73.3,51,M,0
M-HOIST-262,Crane Hoist Motor,301.94,318.82,1223.3,80.05,218,H,0
M-HOIST-263,Crane Hoist Motor,302.44,319.5,791.3,121.53,229,H,0
M-HOIST-264,Crane Hoist Motor,303.13,310.28,779.6,72.32,173,M,0
M-HOIST-265,Crane Hoist Motor,300.82,313.08,743.8,80.26,190,L,0
M-HOIST-266,Crane Hoist Motor,302.9,319.01,1318.1,102.85,99,L,0
M-HOIST-267,Crane Hoist Motor,307.06,313.31,1203.1,118.24,179,L,0
M-HOIST-268,Crane Hoist Motor,304.74,317.77,1346.1,83.84,186,L,0
M-HOIST-269,Crane Hoist Motor,306.7,324.97,1057.6,103.6,168,M,0
M-HOIST-270,Crane Hoist Motor,305.13,314.22,987.0,93.38,38,M,0
M-HOIST-271,Crane Hoist Motor,306.75,323.82,1017.4,128.93,193,M,0
M-HOIST-272,Crane Hoist Motor,298.63,321.22,782.7,109.44,150,L,0
M-HOIST-273,Crane Hoist Motor,304.45,322.71,1252.2,149.98,228,M,0
M-HOIST-274,Crane Hoist Motor,307.61,315.1,1107.8,144.72,79,L,0
M-HOIST-275,Crane Hoist Motor,307.53,322.81,1319.2,83.82,123,L,0
M-HOIST-276,Crane Hoist Motor,299.18,323.33,710.3,110.83,54,H,0
M-HOIST-277,Crane Hoist Motor,303.86,319.52,769.8,70.72,156,L,0
M-HOIST-278,Crane Hoist Motor,300.01,320.37,885.9,144.88,48,H,0
M-HOIST-279,Crane Hoist Motor,299.24,321.74,1422.8,134.02,195,H,0
M-HOIST-280,Crane Hoist Motor,300.14,324.03,1122.8,102.15,180,H,0
M-HOIST-281,Crane Hoist Motor,306.93,319.84,971.2,101.16,219,M,0
M-HOIST-282,Crane Hoist Motor,299.37,312.79,581.1,105.71,185,L,0
M-HOIST-283,Crane Hoist Motor,305.51,318.75,1364.0,140.3,193,H,0
M-HOIST-284,Crane Hoist Motor,300.92,315.04,1497.4,101.77,205,L,0
M-HOIST-285,Crane Hoist Motor,304.53,310.27,519.3,133.69,200,M,0
M-HOIST-286,Crane Hoist Motor,300.49,311.3,664.3,112.23,155,L,0
M-HOIST-287,Crane Hoist Motor,307.57,318.64,1341.4,133.1,203,M,0
M-HOIST-288,Crane Hoist Motor,301.89,313.96,1437.1,135.1,70,M,0
M-HOIST-289,Crane Hoist Motor,303.81,316.2,713.9,131.2,30,M,0
M-HOIST-290,Crane Hoist Motor,307.29,321.41,901.3,143.59,237,H,0
M-HOIST-291,Crane Hoist Motor,299.28,315.81,1429.4,135.98,40,M,0
M-HOIST-292,Crane Hoist Motor,305.2,314.14,1222.5,93.28,93,M,0
M-HOIST-293,Crane Hoist Motor,307.51,323.58,1414.0,142.56,71,L,0
M-HOIST-294,Crane Hoist Motor,300.12,322.57,1041.9,81.6,121,M,0
M-HOIST-295,Crane Hoist Motor,305.33,319.09,1316.8,95.71,201,L,0
M-HOIST-296,Crane Hoist Motor,298.63,315.63,1386.0,123.45,126,H,0
M-HOIST-297,Crane Hoist Motor,298.97,313.44,744.7,93.36,70,H,0
M-HOIST-298,Crane Hoist Motor,306.44,313.74,1061.6,77.94,143,M,0
M-HOIST-299,Crane Hoist Motor,298.87,324.73,957.8,95.37,75,M,0
M-HOIST-300,Crane Hoist Motor,304.35,314.57,980.4,81.34,151,L,0
M-HOIST-301,Crane Hoist Motor,298.6,317.77,899.4,66.66,246,M,0
M-HOIST-302,Crane Hoist Motor,303.65,315.59,771.1,107.45,188,L,0
M-HOIST-303,Crane Hoist Motor,304.34,317.89,1277.3,106.57,254,M,0
M-HOIST-304,Crane Hoist Motor,301.17,316.7,990.0,85.51,66,M,0
M-HOIST-305,Crane Hoist Motor,306.97,313.83,861.8,128.2,48,L,0
M-HOIST-306,Crane Hoist Motor,305.2,318.25,709.5,68.34,83,L,0
M-HOIST-307,Crane Hoist Motor,307.33,321.07,1027.6,145.56,220,M,0
M-HOIST-308,Crane Hoist Motor,298.38,314.32,808.2,91.25,119,L,0
M-HOIST-309,Crane Hoist Motor,305.42,320.38,926.5,90.38,57,M,0
M-HOIST-310,Crane Hoist Motor,300.05,315.87,656.4,90.96,39,H,0
M-HOIST-311,Crane Hoist Motor,306.7,319.62,1087.7,106.24,197,L,0
M-HOIST-312,Crane Hoist Motor,307.35,313.67,1285.2,149.2,36,M,0
M-HOIST-313,Crane Hoist Motor,302.36,322.33,513.7,113.88,235,H,0
M-HOIST-314,Crane Hoist Motor,299.16,325.0,1326.0,122.77,121,L,0
M-HOIST-315,Crane Hoist Motor,307.23,320.99,898.1,112.52,52,H,0
M-HOIST-316,Crane Hoist Motor,305.83,310.44,549.2,105.72,69,M,0
M-HOIST-317,Crane Hoist Motor,301.99,317.83,783.5,103.52,115,H,0
M-HOIST-318,Crane Hoist Motor,306.67,314.22,1109.4,111.28,75,H,0
M-HOIST-319,Crane Hoist Motor,306.57,317.47,914.5,128.66,37,L,0
M-HOIST-320,Crane Hoist Motor,302.09,318.27,1252.4,109.21,44,L,0
M-HOIST-321,Crane Hoist Motor,305.86,316.93,939.1,82.67,178,L,0
M-HOIST-322,Crane Hoist Motor,304.56,321.57,1337.5,80.35,122,M,0
M-HOIST-323,Crane Hoist Motor,303.59,310.74,1088.4,67.97,215,L,0
M-HOIST-324,Crane Hoist Motor,300.9,317.6,1323.2,88.32,66,L,0
M-HOIST-325,Crane Hoist Motor,304.98,318.55,1444.4,145.96,228,M,0
M-HOIST-326,Crane Hoist Motor,300.25,322.54,1151.4,95.65,124,L,0
M-HOIST-327,Crane Hoist Motor,299.63,324.16,1133.2,131.22,115,M,0
M-HOIST-328,Crane Hoist Motor,305.5,316.53,987.9,112.39,44,L,0
M-HOIST-329,Crane Hoist Motor,306.67,314.22,1379.8,127.07,141,M,0
M-HOIST-330,Crane Hoist Motor,301.99,318.02,912.5,97.82,76,L,0
M-HOIST-331,Crane Hoist Motor,304.1,324.88,641.2,70.24,148,H,0
M-HOIST-332,Crane Hoist Motor,304.11,312.94,983.0,115.02,135,M,0
M-HOIST-333,Crane Hoist Motor,305.82,322.82,778.0,133.21,120,M,0
M-HOIST-334,Crane Hoist Motor,300.32,319.39,600.9,113.25,257,L,0
M-HOIST-335,Crane Hoist Motor,306.95,316.96,642.1,85.96,41,M,0
M-HOIST-336,Crane Hoist Motor,304.5,316.37,1063.2,88.86,49,M,0
M-HOIST-337,Crane Hoist Motor,303.48,324.74,847.3,121.0,219,M,0
M-HOIST-338,Crane Hoist Motor,307.3,315.08,1469.8,60.19,175,L,0
M-HOIST-339,Crane Hoist Motor,300.8,311.76,524.4,66.7,154,L,0
M-HOIST-340,Crane Hoist Motor,298.63,311.7,505.1,85.4,241,M,0
M-HOIST-341,Crane Hoist Motor,302.41,312.68,616.3,76.42,78,H,0
M-HOIST-342,Crane Hoist Motor,305.92,317.16,1039.8,93.72,78,H,0
M-HOIST-343,Crane Hoist Motor,298.76,312.78,1350.2,79.49,111,M,0
M-HOIST-344,Crane Hoist Motor,303.11,319.99,694.3,107.16,206,M,0
M-HOIST-345,Crane Hoist Motor,307.72,318.67,1174.8,101.32,227,M,0
M-HOIST-346,Crane Hoist Motor,307.42,314.61,1365.8,117.54,213,H,0
M-HOIST-347,Crane Hoist Motor,300.77,322.71,818.3,124.14,258,H,0
M-HOIST-348,Crane Hoist Motor,302.18,312.48,654.3,116.97,74,M,0
M-HOIST-349,Crane Hoist Motor,307.78,315.0,1373.6,95.67,90,M,0
M-HOIST-350,Crane Hoist Motor,299.28,320.18,1009.0,115.24,99,M,0
M-HOIST-351,Crane Hoist Motor,299.65,319.79,581.1,96.02,170,L,0
M-HOIST-352,Crane Hoist Motor,306.12,317.9,1383.4,105.53,148,L,0
M-HOIST-353,Crane Hoist Motor,306.78,319.04,1444.2,80.93,242,M,0
M-HOIST-354,Crane Hoist Motor,303.26,321.94,1301.6,85.03,256,H,0
M-HOIST-355,Crane Hoist Motor,298.35,322.62,1319.0,124.15,225,H,0
M-HOIST-356,Crane Hoist Motor,298.96,324.54,1124.2,142.79,238,M,0
M-HOIST-357,Crane Hoist Motor,304.28,315.4,649.1,121.79,218,M,0
M-HOIST-358,Crane Hoist Motor,298.51,312.17,602.0,119.2,159,M,0
M-HOIST-359,Crane Hoist Motor,303.43,314.14,1304.7,89.57,178,M,0
M-HOIST-360,Crane Hoist Motor,298.72,313.85,1465.1,77.15,54,M,0
M-HOIST-361,Crane Hoist Motor,306.78,314.59,917.4,87.91,257,L,0
M-HOIST-362,Crane Hoist Motor,302.83,321.77,720.1,93.69,186,M,0
M-HOIST-363,Crane Hoist Motor,300.25,323.83,744.3,65.34,202,M,0
M-HOIST-364,Crane Hoist Motor,302.5,311.67,568.5,101.44,107,M,0
M-HOIST-365,Crane Hoist Motor,307.66,316.11,1102.7,68.78,233,L,0
M-HOIST-366,Crane Hoist Motor,303.22,312.75,925.9,86.76,258,M,0
M-HOIST-367,Crane Hoist Motor,302.22,312.54,739.1,124.04,153,M,0
M-HOIST-368,Crane Hoist Motor,300.97,313.01,533.9,147.94,203,L,0
M-HOIST-369,Crane Hoist Motor,302.13,323.04,756.2,105.89,76,L,0
M-HOIST-370,Crane Hoist Motor,302.98,318.04,1359.5,126.53,252,M,0
M-HOIST-371,Crane Hoist Motor,302.61,319.23,953.3,97.77,108,L,0
M-HOIST-372,Crane Hoist Motor,303.33,319.11,704.1,82.66,108,M,0
M-HOIST-373,Crane Hoist Motor,298.44,323.33,1403.7,119.55,102,M,0
M-HOIST-374,Crane Hoist Motor,305.34,314.29,1108.9,141.56,124,M,0
M-HOIST-375,Crane Hoist Motor,307.29,315.11,1259.6,127.96,243,L,0
M-HOIST-376,Crane Hoist Motor,305.49,319.55,741.2,120.36,93,M,0
M-HOIST-377,Crane Hoist Motor,305.1,320.12,901.2,76.44,141,M,0
M-HOIST-378,Crane Hoist Motor,300.55,314.9,1206.2,104.76,115,L,0
M-HOIST-379,Crane Hoist Motor,305.07,317.42,921.3,133.7,69,M,0
M-HOIST-380,Crane Hoist Motor,298.21,310.1,1431.8,106.26,102,L,0
M-HOIST-381,Crane Hoist Motor,307.85,310.52,538.0,136.93,158,L,0
M-HOIST-382,Crane Hoist Motor,304.95,317.06,661.3,95.09,211,M,0
M-HOIST-383,Crane Hoist Motor,305.12,313.71,963.5,67.69,134,M,0
M-HOIST-384,Crane Hoist Motor,303.63,316.1,869.7,84.79,206,L,0
M-HOIST-385,Crane Hoist Motor,302.83,315.74,1137.4,110.2,183,M,0
M-HOIST-386,Crane Hoist Motor,305.88,314.75,918.7,71.92,226,M,0
M-HOIST-387,Crane Hoist Motor,300.35,322.78,1204.8,99.8,257,M,0
M-HOIST-388,Crane Hoist Motor,299.0,321.0,1257.0,65.31,218,L,0
M-HOIST-389,Crane Hoist Motor,307.3,311.78,1100.8,79.75,121,M,0
M-HOIST-390,Crane Hoist Motor,302.49,311.69,803.5,66.38,143,M,0
M-HOIST-391,Crane Hoist Motor,303.9,316.85,743.9,69.26,203,M,0
M-HOIST-392,Crane Hoist Motor,298.33,324.84,1142.5,78.65,223,L,0
M-HOIST-393,Crane Hoist Motor,303.74,323.28,529.2,145.07,43,M,0
M-HOIST-394,Crane Hoist Motor,301.46,310.59,1429.3,72.18,226,M,0
M-HOIST-395,Crane Hoist Motor,305.41,313.81,1083.4,131.96,160,M,0
M-HOIST-396,Crane Hoist Motor,300.33,312.62,1338.8,114.98,146,M,0
M-HOIST-397,Crane Hoist Motor,302.34,319.3,571.9,92.46,85,M,0
M-HOIST-398,Crane Hoist Motor,304.06,314.49,541.6,76.45,66,M,0
M-HOIST-399,Crane Hoist Motor,299.69,317.24,1114.5,139.16,86,H,0
M-HOIST-400,Crane Hoist Motor,299.73,315.41,1149.2,120.47,78,H,0
M-HOIST-F1-001,Crane Hoist Motor,313.59,331.84,1312.9,67.55,163,H,1
M-HOIST-F1-002,Crane Hoist Motor,316.46,338.15,822.4,96.5,149,H,1
M-HOIST-F1-003,Crane Hoist Motor,317.12,336.28,1260.1,105.6,110,M,1
M-HOIST-F1-004,Crane Hoist Motor,312.9,339.53,1346.2,136.9,51,L,1
M-HOIST-F1-005,Crane Hoist Motor,311.6,330.16,775.5,86.36,174,L,1
M-HOIST-F1-006,Crane Hoist Motor,310.68,334.24,751.3,113.59,126,M,1
M-HOIST-F1-007,Crane Hoist Motor,317.29,335.47,1155.9,142.65,126,M,1
M-HOIST-F1-008,Crane Hoist Motor,313.22,339.81,1220.0,127.36,162,L,1
M-HOIST-F1-009,Crane Hoist Motor,316.11,341.12,1073.7,117.98,202,L,1
M-HOIST-F1-010,Crane Hoist Motor,316.22,338.91,858.5,109.33,39,M,1
M-HOIST-F1-011,Crane Hoist Motor,310.9,339.47,1392.3,75.67,73,L,1
M-HOIST-F1-012,Crane Hoist Motor,314.69,337.65,1062.9,79.64,73,L,1
M-HOIST-F1-013,Crane Hoist Motor,315.79,331.18,722.9,116.44,80,M,1
M-HOIST-F1-014,Crane Hoist Motor,311.62,332.41,1113.3,141.53,94,H,1
M-HOIST-F1-015,Crane Hoist Motor,310.99,342.14,1028.7,101.97,188,M,1
M-HOIST-F1-016,Crane Hoist Motor,313.84,342.05,974.5,95.19,133,L,1
M-HOIST-F1-017,Crane Hoist Motor,317.71,340.08,999.3,139.33,104,M,1
M-HOIST-F1-018,Crane Hoist Motor,311.44,338.6,776.1,129.46,103,M,1
M-HOIST-F1-019,Crane Hoist Motor,315.97,335.53,1214.0,136.96,54,M,1
M-HOIST-F1-020,Crane Hoist Motor,317.56,340.56,1473.6,137.43,85,H,1
M-HOIST-F2-001,Crane Hoist Motor,301.74,318.55,564.4,275.91,119,H,1
M-HOIST-F2-002,Crane Hoist Motor,308.91,320.84,560.4,206.0,147,L,1
M-HOIST-F2-003,Crane Hoist Motor,302.3,326.12,500.7,214.64,62,H,1
M-HOIST-F2-004,Crane Hoist Motor,305.29,327.25,539.4,200.94,195,M,1
M-HOIST-F2-005,Crane Hoist Motor,308.88,329.7,773.3,207.4,73,M,1
M-HOIST-F2-006,Crane Hoist Motor,303.96,324.41,1189.9,236.47,207,M,1
M-HOIST-F2-007,Crane Hoist Motor,301.69,324.49,1191.4,208.78,159,H,1
M-HOIST-F2-008,Crane Hoist Motor,311.25,327.93,638.2,272.74,44,M,1
M-HOIST-F2-009,Crane Hoist Motor,308.58,333.69,796.5,268.47,65,H,1
M-HOIST-F2-010,Crane Hoist Motor,299.37,327.82,631.1,192.41,203,M,1
M-HOIST-F2-011,Crane Hoist Motor,305.01,326.87,622.8,222.32,145,M,1
M-HOIST-F2-012,Crane Hoist Motor,309.95,323.19,1256.4,254.01,130,H,1
M-HOIST-F2-013,Crane Hoist Motor,306.47,326.49,1145.0,257.62,124,M,1
M-HOIST-F2-014,Crane Hoist Motor,309.04,321.38,614.7,272.74,201,M,1
M-HOIST-F2-015,Crane Hoist Motor,311.87,320.78,556.6,243.31,184,M,1
M-HOIST-F2-016,Crane Hoist Motor,299.12,314.25,1115.7,269.92,75,M,1
M-HOIST-F2-017,Crane Hoist Motor,311.49,323.67,615.4,276.39,118,M,1
M-HOIST-F2-018,Crane Hoist Motor,300.27,323.62,1154.2,257.43,118,L,1
M-HOIST-F2-019,Crane Hoist Motor,303.56,329.44,572.9,206.93,186,M,1
M-HOIST-F2-020,Crane Hoist Motor,301.68,315.87,834.0,194.03,118,L,1
M-HOIST-F3-001,Crane Hoist Motor,305.87,310.61,2024.8,176.26,41,H,1
M-HOIST-F3-002,Crane Hoist Motor,307.08,314.65,2094.2,194.14,162,L,1
M-HOIST-F3-003,Crane Hoist Motor,307.64,313.16,2025.8,183.78,109,L,1
M-HOIST-F3-004,Crane Hoist Motor,300.39,321.74,1953.0,207.61,172,L,1
M-HOIST-F3-005,Crane Hoist Motor,303.1,314.93,2379.3,184.25,56,L,1
M-HOIST-F3-006,Crane Hoist Motor,302.11,318.56,2488.8,173.15,129,M,1
M-HOIST-F3-007,Crane Hoist Motor,306.62,315.12,2100.9,196.16,59,M,1
M-HOIST-F3-008,Crane Hoist Motor,302.36,312.96,2424.8,190.86,84,H,1
M-HOIST-F3-009,Crane Hoist Motor,298.9,324.4,2546.4,218.88,111,L,1
M-HOIST-F3-010,Crane Hoist Motor,306.34,314.5,2239.5,222.41,79,M,1
M-HOIST-F3-011,Crane Hoist Motor,304.63,316.79,2167.7,192.38,122,H,1
M-HOIST-F3-012,Crane Hoist Motor,305.95,319.92,2530.4,179.74,55,M,1
M-HOIST-F3-013,Crane Hoist Motor,303.1,313.08,2145.5,203.56,39,L,1
M-HOIST-F3-014,Crane Hoist Motor,307.4,314.02,2382.2,190.08,148,L,1
M-HOIST-F3-015,Crane Hoist Motor,300.95,321.81,1878.8,224.2,89,M,1
M-HOIST-F3-016,Crane Hoist Motor,299.39,322.18,2239.4,222.1,145,M,1
M-HOIST-F3-017,Crane Hoist Motor,306.36,314.22,2018.1,166.7,74,M,1
M-HOIST-F3-018,Crane Hoist Motor,300.98,315.53,2232.5,177.98,143,H,1
M-HOIST-F3-019,Crane Hoist Motor,307.31,310.39,2481.1,197.83,156,M,1
M-HOIST-F3-020,Crane Hoist Motor,299.74,324.21,2130.8,193.83,205,M,1
M-HOIST-F4-001,Crane Hoist Motor,299.0,318.8,1054.8,154.13,346,M,1
M-HOIST-F4-002,Crane Hoist Motor,305.22,316.52,1283.8,84.73,312,H,1
M-HOIST-F4-003,Crane Hoist Motor,303.61,312.53,1460.0,129.19,314,L,1
M-HOIST-F4-004,Crane Hoist Motor,302.98,320.15,546.7,146.75,282,L,1
M-HOIST-F4-005,Crane Hoist Motor,306.77,314.73,1378.1,121.02,317,M,1
M-HOIST-F4-006,Crane Hoist Motor,302.77,323.62,1447.3,116.83,313,H,1
M-HOIST-F4-007,Crane Hoist Motor,301.26,317.7,702.6,131.72,326,M,1
M-HOIST-F4-008,Crane Hoist Motor,302.43,321.54,819.5,119.5,295,M,1
M-HOIST-F4-009,Crane Hoist Motor,302.41,313.26,808.2,97.86,343,M,1
M-HOIST-F4-010,Crane Hoist Motor,304.53,324.02,682.2,172.81,315,L,1
M-HOIST-F4-011,Crane Hoist Motor,299.68,314.09,694.2,140.49,285,L,1
M-HOIST-F4-012,Crane Hoist Motor,300.5,313.83,781.1,151.09,344,L,1
M-HOIST-F4-013,Crane Hoist Motor,299.01,313.94,1172.2,136.51,301,L,1
M-HOIST-F4-014,Crane Hoist Motor,299.3,319.59,773.1,126.1,304,L,1
M-HOIST-F4-015,Crane Hoist Motor,302.87,324.64,755.0,153.55,328,L,1
M-HOIST-F4-016,Crane Hoist Motor,304.94,320.24,1160.7,178.3,292,H,1
M-HOIST-F4-017,Crane Hoist Motor,304.78,312.59,1179.4,102.44,278,L,1
M-HOIST-F4-018,Crane Hoist Motor,298.52,313.36,836.4,81.13,343,M,1
M-HOIST-F4-019,Crane Hoist Motor,306.75,320.23,1491.9,125.87,279,H,1
M-HOIST-F4-020,Crane Hoist Motor,303.88,315.22,612.9,93.15,310,M,1
M-HOIST-F5-001,Crane Hoist Motor,313.67,329.73,1811.0,206.66,275,M,1
M-HOIST-F5-002,Crane Hoist Motor,311.58,332.68,1945.2,191.93,286,H,1
M-HOIST-F5-003,Crane Hoist Motor,311.62,331.98,1767.1,180.92,271,H,1
M-HOIST-F5-004,Crane Hoist Motor,310.24,332.88,1758.4,227.69,293,M,1
M-HOIST-F5-005,Crane Hoist Motor,310.04,332.33,1921.2,193.5,286,L,1
M-HOIST-F5-006,Crane Hoist Motor,313.19,333.26,2053.4,222.23,272,M,1
M-HOIST-F5-007,Crane Hoist Motor,312.49,333.33,2024.4,192.81,273,M,1
M-HOIST-F5-008,Crane Hoist Motor,312.65,335.12,1655.0,217.95,271,L,1
M-HOIST-F5-009,Crane Hoist Motor,312.52,333.54,1877.8,220.77,272,L,1
M-HOIST-F5-010,Crane Hoist Motor,310.01,332.82,1869.1,224.96,279,M,1
M-HOIST-F5-011,Crane Hoist Motor,312.32,332.3,1784.5,214.45,274,L,1
M-HOIST-F5-012,Crane Hoist Motor,311.62,330.65,1833.8,181.35,300,M,1
M-HOIST-F5-013,Crane Hoist Motor,311.03,331.72,2032.4,211.38,303,H,1
M-HOIST-F5-014,Crane Hoist Motor,312.57,332.56,1815.0,235.23,272,H,1
M-HOIST-F5-015,Crane Hoist Motor,310.88,331.59,1879.8,199.56,309,L,1
M-HOIST-F5-016,Crane Hoist Motor,312.86,331.95,1833.3,221.13,276,L,1
M-HOIST-F5-017,Crane Hoist Motor,311.71,335.79,2007.1,197.77,275,L,1
M-HOIST-F5-018,Crane Hoist Motor,310.72,331.99,2059.1,234.42,283,H,1
M-HOIST-F5-019,Crane Hoist Motor,309.01,332.51,1905.9,190.75,282,M,1
M-HOIST-F5-020,Crane Hoist Motor,310.32,335.87,1939.3,228.45,313,M,1
M-MHD-001,Material Handling Roller Drive,300.3,317.71,1780.2,77.87,142,M,0
M-MHD-002,Material Handling Roller Drive,304.05,315.46,1420.1,46.23,50,M,0
M-MHD-003,Material Handling Roller Drive,298.66,308.43,926.9,32.07,184,H,0
M-MHD-004,Material Handling Roller Drive,304.0,307.78,1711.6,79.38,186,L,0
M-MHD-005,Material Handling Roller Drive,299.06,317.82,1135.5,86.06,111,H,0
M-MHD-006,Material Handling Roller Drive,303.06,315.24,1036.8,79.41,53,H,0
M-MHD-007,Material Handling Roller Drive,303.28,308.77,892.3,87.38,136,M,0
M-MHD-008,Material Handling Roller Drive,300.54,313.72,1834.0,70.35,175,H,0
M-MHD-009,Material Handling Roller Drive,299.46,312.6,1543.3,46.24,224,H,0
M-MHD-010,Material Handling Roller Drive,297.01,307.98,1704.7,32.19,227,L,0
M-MHD-011,Material Handling Roller Drive,297.44,310.22,1044.7,54.48,131,L,0
M-MHD-012,Material Handling Roller Drive,296.32,317.83,1928.7,64.23,120,M,0
M-MHD-013,Material Handling Roller Drive,296.17,314.59,1395.7,47.16,116,M,0
M-MHD-014,Material Handling Roller Drive,302.3,312.99,1265.7,48.85,204,M,0
M-MHD-015,Material Handling Roller Drive,302.44,313.04,890.3,33.56,110,L,0
M-MHD-016,Material Handling Roller Drive,300.72,316.39,915.9,73.46,71,M,0
M-MHD-017,Material Handling Roller Drive,298.64,314.26,1281.1,57.73,71,M,0
M-MHD-018,Material Handling Roller Drive,297.62,312.2,974.0,46.09,131,M,0
M-MHD-019,Material Handling Roller Drive,301.3,305.18,1967.9,73.8,125,L,0
M-MHD-020,Material Handling Roller Drive,303.83,309.77,939.4,45.13,63,L,0
M-MHD-021,Material Handling Roller Drive,300.93,316.05,1387.6,76.19,87,M,0
M-MHD-022,Material Handling Roller Drive,301.75,314.87,1759.4,46.59,100,M,0
M-MHD-023,Material Handling Roller Drive,302.73,308.52,1269.2,78.18,91,M,0
M-MHD-024,Material Handling Roller Drive,301.86,317.68,875.1,80.09,45,M,0
M-MHD-025,Material Handling Roller Drive,299.75,314.34,1911.9,36.12,176,M,0
M-MHD-026,Material Handling Roller Drive,304.12,308.62,1632.6,39.89,221,H,0
M-MHD-027,Material Handling Roller Drive,298.1,313.79,1824.2,89.61,56,M,0
M-MHD-028,Material Handling Roller Drive,304.03,305.42,1680.0,55.38,164,M,0
M-MHD-029,Material Handling Roller Drive,301.64,313.67,1557.5,69.87,139,L,0
M-MHD-030,Material Handling Roller Drive,302.98,315.24,1824.2,48.98,176,L,0
M-MHD-031,Material Handling Roller Drive,299.31,315.11,1149.8,40.53,113,L,0
M-MHD-032,Material Handling Roller Drive,298.76,308.83,1133.2,43.09,148,M,0
M-MHD-033,Material Handling Roller Drive,304.41,309.5,1450.9,54.55,222,M,0
M-MHD-034,Material Handling Roller Drive,301.07,314.92,1005.6,31.96,115,M,0
M-MHD-035,Material Handling Roller Drive,298.58,311.01,1538.2,88.4,146,M,0
M-MHD-036,Material Handling Roller Drive,296.2,309.04,1230.2,58.62,184,L,0
M-MHD-037,Material Handling Roller Drive,303.61,308.77,1215.8,39.01,200,M,0
M-MHD-038,Material Handling Roller Drive,296.7,308.95,983.3,88.15,88,M,0
M-MHD-039,Material Handling Roller Drive,298.86,311.17,1998.3,47.24,79,M,0
M-MHD-040,Material Handling Roller Drive,297.52,314.61,1255.2,64.85,158,H,0
M-MHD-041,Material Handling Roller Drive,301.8,311.93,899.4,37.47,112,M,0
M-MHD-042,Material Handling Roller Drive,299.94,313.26,985.3,69.75,191,H,0
M-MHD-043,Material Handling Roller Drive,299.32,308.58,1318.4,66.92,59,H,0
M-MHD-044,Material Handling Roller Drive,302.56,313.91,1353.0,60.08,76,M,0
M-MHD-045,Material Handling Roller Drive,298.88,314.44,1466.8,73.77,144,M,0
M-MHD-046,Material Handling Roller Drive,298.89,310.14,1864.9,64.56,130,H,0
M-MHD-047,Material Handling Roller Drive,302.04,313.92,1628.8,35.47,83,M,0
M-MHD-048,Material Handling Roller Drive,303.44,317.75,1297.7,63.26,21,H,0
M-MHD-049,Material Handling Roller Drive,296.67,314.35,1013.8,75.47,110,L,0
M-MHD-050,Material Handling Roller Drive,303.83,316.44,1452.2,77.31,159,H,0
M-MHD-051,Material Handling Roller Drive,299.43,317.51,1727.1,45.78,79,M,0
M-MHD-052,Material Handling Roller Drive,298.96,317.07,1320.3,51.86,70,L,0
M-MHD-053,Material Handling Roller Drive,304.62,309.21,1540.0,87.51,124,M,0
M-MHD-054,Material Handling Roller Drive,300.75,305.43,1160.1,71.94,223,M,0
M-MHD-055,Material Handling Roller Drive,297.71,310.55,1388.0,39.13,89,M,0
M-MHD-056,Material Handling Roller Drive,298.36,309.6,1131.5,66.77,141,M,0
M-MHD-057,Material Handling Roller Drive,296.87,307.39,933.0,33.8,71,H,0
M-MHD-058,Material Handling Roller Drive,302.52,314.05,1041.6,39.93,50,M,0
M-MHD-059,Material Handling Roller Drive,298.65,305.37,1481.4,83.88,133,H,0
M-MHD-060,Material Handling Roller Drive,301.4,311.3,1888.3,51.79,177,H,0
M-MHD-061,Material Handling Roller Drive,302.49,305.54,1213.7,86.89,167,L,0
M-MHD-062,Material Handling Roller Drive,300.46,312.88,1421.3,58.73,141,H,0
M-MHD-063,Material Handling Roller Drive,297.67,307.79,1259.4,56.07,175,H,0
M-MHD-064,Material Handling Roller Drive,301.13,308.54,1418.8,67.6,142,M,0
M-MHD-065,Material Handling Roller Drive,302.39,313.5,1918.4,68.05,171,L,0
M-MHD-066,Material Handling Roller Drive,296.95,314.05,1182.3,79.39,120,M,0
M-MHD-067,Material Handling Roller Drive,298.34,313.46,842.8,74.91,54,M,0
M-MHD-068,Material Handling Roller Drive,296.01,309.07,1265.9,44.04,68,L,0
M-MHD-069,Material Handling Roller Drive,298.94,314.39,1084.9,78.54,162,L,0
M-MHD-070,Material Handling Roller Drive,299.96,316.43,1248.8,66.05,154,L,0
M-MHD-071,Material Handling Roller Drive,297.21,306.76,1354.5,85.07,24,M,0
M-MHD-072,Material Handling Roller Drive,298.55,308.96,829.6,79.54,21,M,0
M-MHD-073,Material Handling Roller Drive,296.51,315.38,1695.9,73.29,174,L,0
M-MHD-074,Material Handling Roller Drive,299.75,316.2,1021.1,57.08,21,M,0
M-MHD-075,Material Handling Roller Drive,300.12,316.82,1180.3,70.34,195,M,0
M-MHD-076,Material Handling Roller Drive,297.52,312.69,1141.3,69.15,48,H,0
M-MHD-077,Material Handling Roller Drive,302.08,317.66,1096.3,72.83,131,L,0
M-MHD-078,Material Handling Roller Drive,299.5,317.63,898.9,89.08,197,L,0
M-MHD-079,Material Handling Roller Drive,303.58,316.2,1778.2,83.97,116,L,0
M-MHD-080,Material Handling Roller Drive,299.46,314.47,1652.4,79.25,175,H,0
M-MHD-081,Material Handling Roller Drive,302.65,305.3,1439.9,80.34,194,L,0
M-MHD-082,Material Handling Roller Drive,301.42,307.39,1409.6,60.97,88,M,0
M-MHD-083,Material Handling Roller Drive,303.85,311.73,1645.7,59.75,149,H,0
M-MHD-084,Material Handling Roller Drive,304.38,310.67,1698.0,70.03,187,H,0
M-MHD-085,Material Handling Roller Drive,304.42,315.79,1800.5,58.03,187,M,0
M-MHD-086,Material Handling Roller Drive,300.53,315.2,1553.4,34.63,86,M,0
M-MHD-087,Material Handling Roller Drive,304.13,317.13,1806.7,45.26,119,M,0
M-MHD-088,Material Handling Roller Drive,299.95,305.65,1008.4,39.2,149,M,0
M-MHD-089,Material Handling Roller Drive,298.92,310.77,1189.1,75.45,55,H,0
M-MHD-090,Material Handling Roller Drive,301.86,308.0,1572.0,33.51,71,H,0
M-MHD-091,Material Handling Roller Drive,298.62,309.28,1394.2,61.21,152,M,0
M-MHD-092,Material Handling Roller Drive,300.79,317.87,1052.8,39.16,196,M,0
M-MHD-093,Material Handling Roller Drive,303.62,310.52,826.0,52.49,148,M,0
M-MHD-094,Material Handling Roller Drive,300.13,317.98,1453.0,71.82,171,H,0
M-MHD-095,Material Handling Roller Drive,300.97,317.52,1701.0,50.43,96,M,0
M-MHD-096,Material Handling Roller Drive,301.67,306.27,1148.0,59.89,132,M,0
M-MHD-097,Material Handling Roller Drive,303.18,307.12,1070.0,82.34,194,L,0
M-MHD-098,Material Handling Roller Drive,297.88,305.76,1428.1,82.2,69,L,0
M-MHD-099,Material Handling Roller Drive,297.27,308.88,1157.9,39.07,203,M,0
M-MHD-100,Material Handling Roller Drive,297.72,306.91,1305.1,31.04,45,H,0
M-MHD-101,Material Handling Roller Drive,296.22,317.97,1338.7,73.74,174,L,0
M-MHD-102,Material Handling Roller Drive,296.93,311.83,1186.1,62.91,89,H,0
M-MHD-103,Material Handling Roller Drive,302.06,305.5,1874.5,38.78,149,L,0
M-MHD-104,Material Handling Roller Drive,296.66,316.74,1227.4,89.8,34,L,0
M-MHD-105,Material Handling Roller Drive,297.45,310.24,1331.9,54.37,90,L,0
M-MHD-106,Material Handling Roller Drive,303.38,309.36,1379.2,55.31,144,H,0
M-MHD-107,Material Handling Roller Drive,303.25,315.36,1508.5,74.77,227,L,0
M-MHD-108,Material Handling Roller Drive,301.5,311.65,1441.4,58.0,120,L,0
M-MHD-109,Material Handling Roller Drive,304.93,305.59,1076.2,42.61,194,M,0
M-MHD-110,Material Handling Roller Drive,300.73,311.1,1824.4,59.98,160,H,0
M-MHD-111,Material Handling Roller Drive,301.87,308.13,1840.2,75.09,42,H,0
M-MHD-112,Material Handling Roller Drive,298.64,306.63,1688.4,89.21,157,M,0
M-MHD-113,Material Handling Roller Drive,301.08,315.47,1954.6,30.3,129,M,0
M-MHD-114,Material Handling Roller Drive,299.73,311.55,1284.2,50.64,44,M,0
M-MHD-115,Material Handling Roller Drive,303.39,306.36,1686.2,46.07,100,L,0
M-MHD-116,Material Handling Roller Drive,302.08,314.35,1522.9,49.34,161,M,0
M-MHD-117,Material Handling Roller Drive,303.49,312.42,1725.5,80.91,192,M,0
M-MHD-118,Material Handling Roller Drive,299.32,316.3,971.7,46.76,45,H,0
M-MHD-119,Material Handling Roller Drive,301.54,316.71,955.3,77.74,99,M,0
M-MHD-120,Material Handling Roller Drive,302.87,314.23,964.0,36.92,214,H,0
M-MHD-121,Material Handling Roller Drive,297.97,310.7,1785.2,66.16,139,M,0
M-MHD-122,Material Handling Roller Drive,303.22,308.02,822.7,37.63,54,H,0
M-MHD-123,Material Handling Roller Drive,302.73,316.5,1652.8,41.32,147,M,0
M-MHD-124,Material Handling Roller Drive,303.38,317.25,1691.5,60.75,127,L,0
M-MHD-125,Material Handling Roller Drive,297.1,306.99,1212.2,74.83,33,M,0
M-MHD-126,Material Handling Roller Drive,298.87,311.31,1356.5,72.86,151,L,0
M-MHD-127,Material Handling Roller Drive,297.63,310.62,1280.1,36.75,54,M,0
M-MHD-128,Material Handling Roller Drive,302.61,306.95,1118.4,70.59,145,H,0
M-MHD-129,Material Handling Roller Drive,304.49,306.92,873.7,48.26,25,H,0
M-MHD-130,Material Handling Roller Drive,301.21,316.61,1283.1,48.13,212,H,0
M-MHD-131,Material Handling Roller Drive,300.26,308.28,1258.1,54.65,134,M,0
M-MHD-132,Material Handling Roller Drive,304.89,305.33,1709.2,33.06,110,M,0
M-MHD-133,Material Handling Roller Drive,304.51,314.39,1355.4,87.13,171,L,0
M-MHD-134,Material Handling Roller Drive,302.34,306.01,1539.6,88.82,64,L,0
M-MHD-135,Material Handling Roller Drive,297.66,310.88,901.6,50.44,183,H,0
M-MHD-136,Material Handling Roller Drive,298.88,313.19,1938.3,44.72,56,M,0
M-MHD-137,Material Handling Roller Drive,298.13,313.3,1998.4,61.42,77,L,0
M-MHD-138,Material Handling Roller Drive,297.42,305.39,1526.3,42.62,103,M,0
M-MHD-139,Material Handling Roller Drive,304.26,309.39,1338.9,44.09,37,M,0
M-MHD-140,Material Handling Roller Drive,303.82,309.57,1737.2,31.96,69,H,0
M-MHD-141,Material Handling Roller Drive,299.63,316.63,1248.2,66.2,208,M,0
M-MHD-142,Material Handling Roller Drive,299.29,306.14,1218.9,74.77,197,L,0
M-MHD-143,Material Handling Roller Drive,296.06,306.52,1677.2,86.54,166,M,0
M-MHD-144,Material Handling Roller Drive,296.97,316.4,918.8,39.06,145,H,0
M-MHD-145,Material Handling Roller Drive,298.05,306.85,1933.2,37.5,215,M,0
M-MHD-146,Material Handling Roller Drive,303.39,317.35,1423.1,76.21,75,M,0
M-MHD-147,Material Handling Roller Drive,300.98,316.06,1544.9,31.33,84,L,0
M-MHD-148,Material Handling Roller Drive,298.16,309.78,1267.5,39.27,93,L,0
M-MHD-149,Material Handling Roller Drive,303.64,312.55,1614.5,62.07,29,M,0
M-MHD-150,Material Handling Roller Drive,304.97,307.96,1978.6,89.87,49,L,0
M-MHD-151,Material Handling Roller Drive,302.08,311.06,1213.6,67.79,196,H,0
M-MHD-152,Material Handling Roller Drive,300.82,313.45,830.7,83.34,219,M,0
M-MHD-153,Material Handling Roller Drive,297.05,317.12,1766.0,31.71,141,H,0
M-MHD-154,Material Handling Roller Drive,297.27,307.5,1275.4,82.58,26,M,0
M-MHD-155,Material Handling Roller Drive,304.68,313.34,1778.7,84.11,170,M,0
M-MHD-156,Material Handling Roller Drive,296.16,311.75,1363.1,61.36,110,L,0
M-MHD-157,Material Handling Roller Drive,304.0,306.63,1439.5,87.57,145,L,0
M-MHD-158,Material Handling Roller Drive,299.36,309.9,1190.8,31.31,214,M,0
M-MHD-159,Material Handling Roller Drive,299.3,314.87,1432.3,51.72,205,L,0
M-MHD-160,Material Handling Roller Drive,304.79,313.33,1628.1,49.47,40,H,0
M-MHD-161,Material Handling Roller Drive,301.81,306.47,1888.0,72.23,67,M,0
M-MHD-162,Material Handling Roller Drive,302.39,315.71,1807.3,66.06,52,L,0
M-MHD-163,Material Handling Roller Drive,303.12,315.86,989.2,71.06,221,M,0
M-MHD-164,Material Handling Roller Drive,302.45,308.37,1168.5,59.12,207,H,0
M-MHD-165,Material Handling Roller Drive,304.91,315.04,1231.7,51.25,121,L,0
M-MHD-166,Material Handling Roller Drive,296.16,312.13,867.3,36.94,165,M,0
M-MHD-167,Material Handling Roller Drive,296.37,307.14,1050.4,76.19,151,L,0
M-MHD-168,Material Handling Roller Drive,299.33,306.47,1766.3,38.42,100,M,0
M-MHD-169,Material Handling Roller Drive,298.67,312.82,997.2,56.75,154,L,0
M-MHD-170,Material Handling Roller Drive,299.34,309.14,1241.4,60.05,85,M,0
M-MHD-171,Material Handling Roller Drive,299.38,315.11,1103.4,80.68,79,M,0
M-MHD-172,Material Handling Roller Drive,304.74,317.37,1321.6,34.05,209,H,0
M-MHD-173,Material Handling Roller Drive,304.31,314.52,1921.1,69.92,228,M,0
M-MHD-174,Material Handling Roller Drive,298.97,310.11,1220.3,54.05,205,M,0
M-MHD-175,Material Handling Roller Drive,302.53,308.74,1987.8,46.84,53,L,0
M-MHD-176,Material Handling Roller Drive,303.55,310.12,1449.3,54.85,81,L,0
M-MHD-177,Material Handling Roller Drive,302.81,311.31,1346.7,40.81,153,L,0
M-MHD-178,Material Handling Roller Drive,302.47,311.58,846.4,85.82,84,M,0
M-MHD-179,Material Handling Roller Drive,300.23,310.58,1954.8,39.9,164,H,0
M-MHD-180,Material Handling Roller Drive,298.49,314.39,1764.9,58.14,185,L,0
M-MHD-181,Material Handling Roller Drive,304.42,309.45,1174.6,73.59,157,M,0
M-MHD-182,Material Handling Roller Drive,298.06,313.04,1316.3,37.93,154,M,0
M-MHD-183,Material Handling Roller Drive,299.28,315.82,888.4,59.75,220,H,0
M-MHD-184,Material Handling Roller Drive,297.55,309.92,1121.7,43.29,219,M,0
M-MHD-185,Material Handling Roller Drive,296.54,316.7,1337.9,74.16,97,L,0
M-MHD-186,Material Handling Roller Drive,298.59,313.62,1789.2,44.28,188,L,0
M-MHD-187,Material Handling Roller Drive,304.68,317.0,1266.3,65.43,214,H,0
M-MHD-188,Material Handling Roller Drive,301.65,307.8,1686.5,77.79,169,L,0
M-MHD-189,Material Handling Roller Drive,300.31,312.3,1290.8,88.44,213,L,0
M-MHD-190,Material Handling Roller Drive,304.86,316.64,1917.1,37.19,56,L,0
M-MHD-191,Material Handling Roller Drive,302.54,316.37,1724.0,38.38,212,L,0
M-MHD-192,Material Handling Roller Drive,301.14,311.92,1488.6,53.43,188,L,0
M-MHD-193,Material Handling Roller Drive,298.28,305.49,1043.5,75.44,202,M,0
M-MHD-194,Material Handling Roller Drive,297.37,316.16,1057.6,44.51,39,L,0
M-MHD-195,Material Handling Roller Drive,298.94,307.23,1944.4,50.13,176,M,0
M-MHD-196,Material Handling Roller Drive,302.54,308.02,1565.3,56.45,187,L,0
M-MHD-197,Material Handling Roller Drive,304.42,309.9,1705.2,88.13,90,M,0
M-MHD-198,Material Handling Roller Drive,302.92,310.79,1278.4,62.74,216,H,0
M-MHD-199,Material Handling Roller Drive,300.19,306.43,1860.3,38.2,38,L,0
M-MHD-200,Material Handling Roller Drive,301.07,315.74,1364.3,56.14,211,L,0
M-MHD-201,Material Handling Roller Drive,301.57,316.94,1835.3,62.64,217,M,0
M-MHD-202,Material Handling Roller Drive,303.96,309.02,836.6,77.23,215,M,0
M-MHD-203,Material Handling Roller Drive,300.81,314.74,1197.9,38.82,102,M,0
M-MHD-204,Material Handling Roller Drive,302.68,307.58,1778.1,60.13,209,M,0
M-MHD-205,Material Handling Roller Drive,300.02,308.73,927.5,52.3,106,M,0
M-MHD-206,Material Handling Roller Drive,303.74,311.03,1177.1,82.4,174,M,0
M-MHD-207,Material Handling Roller Drive,297.5,308.78,948.4,84.2,148,L,0
M-MHD-208,Material Handling Roller Drive,303.38,306.99,1331.6,88.32,69,H,0
M-MHD-209,Material Handling Roller Drive,299.11,311.64,867.1,55.6,73,M,0
M-MHD-210,Material Handling Roller Drive,298.38,306.37,892.0,65.75,219,L,0
M-MHD-211,Material Handling Roller Drive,303.51,314.56,1947.2,87.03,183,L,0
M-MHD-212,Material Handling Roller Drive,298.75,306.19,911.4,74.18,25,L,0
M-MHD-213,Material Handling Roller Drive,299.3,307.5,1289.1,72.2,77,H,0
M-MHD-214,Material Handling Roller Drive,302.64,316.45,1502.7,61.43,178,L,0
M-MHD-215,Material Handling Roller Drive,296.06,308.66,1918.4,87.61,127,M,0
M-MHD-216,Material Handling Roller Drive,296.01,313.74,1054.9,37.67,83,M,0
M-MHD-217,Material Handling Roller Drive,299.93,309.54,1672.2,78.82,202,M,0
M-MHD-218,Material Handling Roller Drive,302.46,316.51,1890.7,59.53,94,L,0
M-MHD-219,Material Handling Roller Drive,298.35,315.36,1890.4,74.38,162,H,0
M-MHD-220,Material Handling Roller Drive,297.83,313.67,1742.2,33.8,24,M,0
M-MHD-221,Material Handling Roller Drive,301.8,311.66,810.0,39.1,177,M,0
M-MHD-222,Material Handling Roller Drive,297.05,305.66,1820.5,58.3,125,H,0
M-MHD-223,Material Handling Roller Drive,300.4,313.4,947.4,84.15,184,L,0
M-MHD-224,Material Handling Roller Drive,300.83,309.34,1568.5,43.52,48,M,0
M-MHD-225,Material Handling Roller Drive,300.31,306.95,1436.5,62.79,203,L,0
M-MHD-226,Material Handling Roller Drive,297.96,315.63,1962.8,73.0,185,M,0
M-MHD-227,Material Handling Roller Drive,304.93,307.29,1701.0,53.71,94,M,0
M-MHD-228,Material Handling Roller Drive,299.97,315.28,1929.2,54.97,156,L,0
M-MHD-229,Material Handling Roller Drive,296.9,317.49,1054.0,84.9,227,H,0
M-MHD-230,Material Handling Roller Drive,304.03,313.33,1781.5,36.55,195,M,0
M-MHD-231,Material Handling Roller Drive,300.6,312.28,1693.4,47.86,218,M,0
M-MHD-232,Material Handling Roller Drive,303.89,305.16,1899.8,81.09,46,L,0
M-MHD-233,Material Handling Roller Drive,299.37,311.24,882.3,42.75,220,M,0
M-MHD-234,Material Handling Roller Drive,296.23,311.7,1993.6,49.97,49,M,0
M-MHD-235,Material Handling Roller Drive,304.28,316.17,1588.4,41.05,184,L,0
M-MHD-236,Material Handling Roller Drive,303.65,310.25,1290.6,39.31,182,L,0
M-MHD-237,Material Handling Roller Drive,296.9,305.26,1942.1,31.04,152,M,0
M-MHD-238,Material Handling Roller Drive,303.0,306.14,1618.8,66.9,199,M,0
M-MHD-239,Material Handling Roller Drive,302.55,310.69,1980.8,63.56,178,H,0
M-MHD-240,Material Handling Roller Drive,300.16,305.84,946.1,60.37,93,M,0
M-MHD-241,Material Handling Roller Drive,300.47,307.08,1239.0,81.64,199,M,0
M-MHD-242,Material Handling Roller Drive,302.74,314.8,852.9,66.65,188,M,0
M-MHD-243,Material Handling Roller Drive,300.87,311.91,1409.5,76.7,154,M,0
M-MHD-244,Material Handling Roller Drive,299.9,311.87,1302.7,44.25,46,H,0
M-MHD-245,Material Handling Roller Drive,298.67,310.23,1619.5,89.1,208,L,0
M-MHD-246,Material Handling Roller Drive,303.32,312.75,1103.3,58.32,49,M,0
M-MHD-247,Material Handling Roller Drive,296.21,307.46,1654.8,46.61,108,L,0
M-MHD-248,Material Handling Roller Drive,296.4,305.3,1074.8,71.07,69,L,0
M-MHD-249,Material Handling Roller Drive,299.17,308.69,1079.5,64.44,199,M,0
M-MHD-250,Material Handling Roller Drive,298.27,310.47,1885.7,50.07,157,M,0
M-MHD-251,Material Handling Roller Drive,302.07,316.45,1518.3,86.85,146,L,0
M-MHD-252,Material Handling Roller Drive,302.51,313.49,1795.8,30.67,74,M,0
M-MHD-253,Material Handling Roller Drive,297.0,317.19,957.2,45.77,90,M,0
M-MHD-254,Material Handling Roller Drive,302.91,312.86,1698.7,54.13,229,H,0
M-MHD-255,Material Handling Roller Drive,299.6,315.82,1096.1,75.05,96,H,0
M-MHD-256,Material Handling Roller Drive,299.63,315.2,934.3,60.97,175,L,0
M-MHD-257,Material Handling Roller Drive,299.51,311.06,1828.1,42.5,228,M,0
M-MHD-258,Material Handling Roller Drive,298.48,305.03,950.0,75.39,156,M,0
M-MHD-259,Material Handling Roller Drive,304.34,315.86,1123.1,49.81,58,M,0
M-MHD-260,Material Handling Roller Drive,302.31,310.15,1684.6,89.49,148,M,0
M-MHD-261,Material Handling Roller Drive,299.36,305.14,1944.7,76.34,166,H,0
M-MHD-262,Material Handling Roller Drive,302.83,313.71,1482.7,67.42,212,H,0
M-MHD-263,Material Handling Roller Drive,297.41,316.63,809.9,84.22,26,L,0
M-MHD-264,Material Handling Roller Drive,304.02,312.96,1569.7,33.03,64,L,0
M-MHD-265,Material Handling Roller Drive,303.41,305.77,1775.6,55.41,137,H,0
M-MHD-266,Material Handling Roller Drive,299.59,310.65,1603.4,69.45,135,H,0
M-MHD-267,Material Handling Roller Drive,297.45,307.08,1865.3,84.1,189,H,0
M-MHD-268,Material Handling Roller Drive,303.56,307.44,1465.6,74.03,30,M,0
M-MHD-269,Material Handling Roller Drive,298.26,311.47,1260.7,71.19,122,M,0
M-MHD-270,Material Handling Roller Drive,304.19,317.47,1762.3,64.84,205,M,0
M-MHD-271,Material Handling Roller Drive,297.34,305.23,1671.1,75.15,214,L,0
M-MHD-272,Material Handling Roller Drive,301.76,307.47,1512.9,56.08,68,L,0
M-MHD-273,Material Handling Roller Drive,297.35,313.19,1532.9,48.22,110,H,0
M-MHD-274,Material Handling Roller Drive,296.23,305.17,1009.2,82.02,129,H,0
M-MHD-275,Material Handling Roller Drive,304.15,312.4,833.5,75.76,119,M,0
M-MHD-276,Material Handling Roller Drive,301.52,306.23,1937.3,45.32,150,L,0
M-MHD-277,Material Handling Roller Drive,298.99,313.16,1986.7,81.11,183,M,0
M-MHD-278,Material Handling Roller Drive,300.06,311.31,1628.5,38.66,200,H,0
M-MHD-279,Material Handling Roller Drive,297.53,311.26,1102.5,51.93,89,M,0
M-MHD-280,Material Handling Roller Drive,299.42,311.57,1371.6,78.72,84,M,0
M-MHD-281,Material Handling Roller Drive,300.54,305.62,934.2,78.19,123,H,0
M-MHD-282,Material Handling Roller Drive,299.96,310.18,1095.4,52.33,59,M,0
M-MHD-283,Material Handling Roller Drive,299.68,312.9,1930.5,41.13,107,M,0
M-MHD-284,Material Handling Roller Drive,300.92,313.6,1121.5,68.07,62,H,0
M-MHD-285,Material Handling Roller Drive,303.48,311.16,1276.7,85.71,169,M,0
M-MHD-286,Material Handling Roller Drive,297.75,307.72,1379.7,69.14,103,H,0
M-MHD-287,Material Handling Roller Drive,302.15,315.06,1933.2,54.53,74,L,0
M-MHD-288,Material Handling Roller Drive,302.44,305.83,1496.0,31.71,67,H,0
M-MHD-289,Material Handling Roller Drive,297.84,311.37,1158.6,35.28,121,L,0
M-MHD-290,Material Handling Roller Drive,296.48,316.47,1583.7,61.17,103,M,0
M-MHD-291,Material Handling Roller Drive,299.02,306.5,895.1,48.53,160,M,0
M-MHD-292,Material Handling Roller Drive,303.31,309.94,1557.4,55.91,124,M,0
M-MHD-293,Material Handling Roller Drive,300.62,306.44,1264.1,56.9,167,M,0
M-MHD-294,Material Handling Roller Drive,301.99,307.27,830.3,60.36,119,M,0
M-MHD-295,Material Handling Roller Drive,298.82,305.39,1668.3,86.53,102,M,0
M-MHD-296,Material Handling Roller Drive,300.9,312.36,1840.9,74.18,181,H,0
M-MHD-297,Material Handling Roller Drive,297.32,313.62,1448.5,76.46,39,M,0
M-MHD-298,Material Handling Roller Drive,300.37,316.11,1024.6,50.92,51,M,0
M-MHD-299,Material Handling Roller Drive,303.93,313.71,1693.2,35.6,114,L,0
M-MHD-300,Material Handling Roller Drive,303.54,317.84,1431.2,30.12,208,L,0
M-MHD-301,Material Handling Roller Drive,304.35,315.03,1054.3,38.34,167,H,0
M-MHD-302,Material Handling Roller Drive,304.58,310.8,837.0,39.04,81,L,0
M-MHD-303,Material Handling Roller Drive,302.64,307.77,1578.3,31.91,41,M,0
M-MHD-304,Material Handling Roller Drive,302.33,316.89,1325.3,37.2,215,M,0
M-MHD-305,Material Handling Roller Drive,300.48,316.11,1502.9,48.09,133,M,0
M-MHD-306,Material Handling Roller Drive,304.01,308.05,1471.3,85.23,29,H,0
M-MHD-307,Material Handling Roller Drive,299.12,313.82,1810.2,41.95,71,L,0
M-MHD-308,Material Handling Roller Drive,297.34,308.4,1679.2,39.97,193,M,0
M-MHD-309,Material Handling Roller Drive,300.03,306.76,1615.6,83.04,165,M,0
M-MHD-310,Material Handling Roller Drive,302.29,311.63,1824.5,57.58,69,H,0
M-MHD-311,Material Handling Roller Drive,298.53,312.33,1004.1,32.39,114,M,0
M-MHD-312,Material Handling Roller Drive,299.78,310.9,1719.3,87.66,75,L,0
M-MHD-313,Material Handling Roller Drive,298.06,314.81,1617.6,33.13,172,L,0
M-MHD-314,Material Handling Roller Drive,304.37,313.91,1743.9,34.29,53,M,0
M-MHD-315,Material Handling Roller Drive,300.78,310.02,1588.6,56.74,182,L,0
M-MHD-316,Material Handling Roller Drive,302.73,315.78,1801.1,76.77,33,M,0
M-MHD-317,Material Handling Roller Drive,296.18,314.67,873.3,88.99,148,H,0
M-MHD-318,Material Handling Roller Drive,300.21,315.75,1016.0,62.21,20,L,0
M-MHD-319,Material Handling Roller Drive,297.75,310.03,1436.3,38.69,214,M,0
M-MHD-320,Material Handling Roller Drive,298.09,314.56,1873.1,84.76,110,M,0
M-MHD-321,Material Handling Roller Drive,304.36,305.69,1700.6,40.65,117,L,0
M-MHD-322,Material Handling Roller Drive,301.23,311.8,874.2,46.64,20,L,0
M-MHD-323,Material Handling Roller Drive,301.8,306.53,1236.2,78.68,49,M,0
M-MHD-324,Material Handling Roller Drive,300.87,306.88,1259.2,88.93,134,L,0
M-MHD-325,Material Handling Roller Drive,301.97,307.75,1815.3,37.32,213,M,0
M-MHD-326,Material Handling Roller Drive,304.59,315.37,1005.2,39.62,37,M,0
M-MHD-327,Material Handling Roller Drive,301.93,311.76,1536.0,31.87,36,M,0
M-MHD-328,Material Handling Roller Drive,303.63,309.67,999.8,48.5,106,M,0
M-MHD-329,Material Handling Roller Drive,299.69,316.66,1281.5,40.88,72,M,0
M-MHD-330,Material Handling Roller Drive,303.04,316.3,1022.3,30.21,202,M,0
M-MHD-331,Material Handling Roller Drive,303.39,312.16,1284.9,38.81,161,L,0
M-MHD-332,Material Handling Roller Drive,300.15,310.8,1706.3,60.01,184,H,0
M-MHD-333,Material Handling Roller Drive,303.72,308.41,1003.0,31.94,195,H,0
M-MHD-334,Material Handling Roller Drive,304.59,312.34,1638.4,73.52,81,L,0
M-MHD-335,Material Handling Roller Drive,304.52,309.81,1802.4,76.32,143,M,0
M-MHD-336,Material Handling Roller Drive,299.74,309.0,1311.5,89.38,96,M,0
M-MHD-337,Material Handling Roller Drive,298.88,311.07,900.5,75.79,158,M,0
M-MHD-338,Material Handling Roller Drive,300.72,316.34,853.3,85.81,118,L,0
M-MHD-339,Material Handling Roller Drive,303.75,305.76,1737.9,73.97,29,L,0
M-MHD-340,Material Handling Roller Drive,301.71,307.18,947.7,63.72,32,H,0
M-MHD-341,Material Handling Roller Drive,304.54,314.68,1536.2,42.53,65,M,0
M-MHD-342,Material Handling Roller Drive,302.79,305.05,853.1,82.21,190,M,0
M-MHD-343,Material Handling Roller Drive,300.5,306.89,922.7,84.32,100,M,0
M-MHD-344,Material Handling Roller Drive,300.11,314.5,1032.0,59.07,99,M,0
M-MHD-345,Material Handling Roller Drive,301.38,311.98,1394.8,65.47,49,M,0
M-MHD-346,Material Handling Roller Drive,298.92,315.0,842.9,46.92,212,M,0
M-MHD-347,Material Handling Roller Drive,297.37,314.85,857.4,55.58,199,L,0
M-MHD-348,Material Handling Roller Drive,298.24,308.85,1480.7,43.59,51,M,0
M-MHD-349,Material Handling Roller Drive,296.65,316.62,1201.0,50.18,186,M,0
M-MHD-350,Material Handling Roller Drive,302.85,307.36,1434.8,76.11,114,H,0
M-MHD-351,Material Handling Roller Drive,302.63,311.42,1179.7,89.57,203,H,0
M-MHD-352,Material Handling Roller Drive,301.34,309.61,844.9,30.68,142,M,0
M-MHD-353,Material Handling Roller Drive,302.33,310.91,1719.8,78.78,158,M,0
M-MHD-354,Material Handling Roller Drive,304.9,308.99,1417.5,61.22,109,H,0
M-MHD-355,Material Handling Roller Drive,299.19,307.8,1879.8,69.32,80,M,0
M-MHD-356,Material Handling Roller Drive,303.68,317.15,890.0,77.21,222,M,0
M-MHD-357,Material Handling Roller Drive,304.96,317.44,1588.3,80.86,82,L,0
M-MHD-358,Material Handling Roller Drive,301.33,311.63,1802.8,83.37,167,H,0
M-MHD-359,Material Handling Roller Drive,301.37,315.68,1454.3,86.09,208,M,0
M-MHD-360,Material Handling Roller Drive,299.63,305.72,1559.1,45.96,160,L,0
M-MHD-361,Material Handling Roller Drive,299.68,305.2,1838.3,62.94,86,M,0
M-MHD-362,Material Handling Roller Drive,302.07,306.92,1575.7,47.2,188,L,0
M-MHD-363,Material Handling Roller Drive,296.92,316.93,1884.1,50.57,26,M,0
M-MHD-364,Material Handling Roller Drive,299.1,307.49,930.3,41.76,69,L,0
M-MHD-365,Material Handling Roller Drive,303.05,311.43,1464.0,85.07,210,L,0
M-MHD-366,Material Handling Roller Drive,299.37,309.77,1865.5,85.59,187,L,0
M-MHD-367,Material Handling Roller Drive,301.02,309.4,1088.8,38.42,172,L,0
M-MHD-368,Material Handling Roller Drive,299.23,305.08,1926.3,56.23,224,M,0
M-MHD-369,Material Handling Roller Drive,297.12,309.25,1588.5,68.96,68,H,0
M-MHD-370,Material Handling Roller Drive,298.49,315.23,1090.2,72.11,202,M,0
M-MHD-371,Material Handling Roller Drive,296.06,306.85,1174.3,41.4,80,M,0
M-MHD-372,Material Handling Roller Drive,296.19,305.84,1826.9,61.34,216,H,0
M-MHD-373,Material Handling Roller Drive,296.0,314.61,1371.5,84.83,185,M,0
M-MHD-374,Material Handling Roller Drive,300.31,315.55,1764.4,46.62,161,M,0
M-MHD-375,Material Handling Roller Drive,303.7,316.29,1121.9,82.78,214,H,0
M-MHD-376,Material Handling Roller Drive,301.16,310.67,1282.4,72.29,47,L,0
M-MHD-377,Material Handling Roller Drive,296.24,312.52,1070.4,70.05,130,L,0
M-MHD-378,Material Handling Roller Drive,303.76,309.38,1434.2,49.07,173,M,0
M-MHD-379,Material Handling Roller Drive,297.04,313.59,813.3,47.84,210,H,0
M-MHD-380,Material Handling Roller Drive,300.54,315.34,1885.4,63.59,52,L,0
M-MHD-381,Material Handling Roller Drive,302.74,310.14,1132.4,32.86,60,L,0
M-MHD-382,Material Handling Roller Drive,296.98,306.68,1035.1,53.72,59,L,0
M-MHD-383,Material Handling Roller Drive,298.32,316.95,1981.9,75.29,21,M,0
M-MHD-384,Material Handling Roller Drive,298.41,312.06,990.1,34.63,57,M,0
M-MHD-385,Material Handling Roller Drive,296.44,307.54,1001.0,76.34,55,L,0
M-MHD-386,Material Handling Roller Drive,300.57,314.85,1340.4,84.06,78,L,0
M-MHD-387,Material Handling Roller Drive,297.47,316.47,834.1,57.45,108,M,0
M-MHD-388,Material Handling Roller Drive,299.97,312.66,1834.0,38.52,71,L,0
M-MHD-389,Material Handling Roller Drive,298.05,316.77,1449.0,34.91,24,L,0
M-MHD-390,Material Handling Roller Drive,303.71,308.12,1088.9,87.25,157,H,0
M-MHD-391,Material Handling Roller Drive,300.04,316.84,1545.4,54.45,51,L,0
M-MHD-392,Material Handling Roller Drive,298.49,312.36,1520.2,63.33,71,L,0
M-MHD-393,Material Handling Roller Drive,301.09,310.25,862.6,49.88,94,L,0
M-MHD-394,Material Handling Roller Drive,300.62,317.12,1700.9,62.28,55,M,0
M-MHD-395,Material Handling Roller Drive,297.44,310.76,1667.0,75.56,40,M,0
M-MHD-396,Material Handling Roller Drive,300.33,310.71,1161.5,58.55,128,M,0
M-MHD-397,Material Handling Roller Drive,299.4,317.29,1206.6,83.7,188,M,0
M-MHD-398,Material Handling Roller Drive,300.47,316.31,1391.3,70.76,189,L,0
M-MHD-399,Material Handling Roller Drive,297.96,317.68,1958.4,47.84,148,H,0
M-MHD-400,Material Handling Roller Drive,297.51,312.59,1580.1,62.08,167,L,0
M-MHD-F1-001,Material Handling Roller Drive,308.35,331.58,1475.1,37.06,57,M,1
M-MHD-F1-002,Material Handling Roller Drive,313.91,325.82,1019.5,73.26,180,M,1
M-MHD-F1-003,Material Handling Roller Drive,309.8,326.3,859.7,40.7,35,M,1
M-MHD-F1-004,Material Handling Roller Drive,314.83,333.24,1522.0,59.2,121,M,1
M-MHD-F1-005,Material Handling Roller Drive,308.43,330.67,1433.7,86.67,126,L,1
M-MHD-F1-006,Material Handling Roller Drive,307.74,332.89,1979.4,69.45,141,L,1
M-MHD-F1-007,Material Handling Roller Drive,310.13,333.71,1279.6,55.56,127,M,1
M-MHD-F1-008,Material Handling Roller Drive,314.94,327.28,947.4,49.35,160,M,1
M-MHD-F1-009,Material Handling Roller Drive,311.89,335.16,1112.0,37.88,35,M,1
M-MHD-F1-010,Material Handling Roller Drive,307.83,328.9,1835.3,76.65,115,L,1
M-MHD-F1-011,Material Handling Roller Drive,307.8,330.92,938.8,58.93,96,M,1
M-MHD-F1-012,Material Handling Roller Drive,313.64,325.97,1462.3,58.94,90,H,1
M-MHD-F1-013,Material Handling Roller Drive,312.57,323.16,1784.7,45.98,39,M,1
M-MHD-F1-014,Material Handling Roller Drive,311.47,327.03,946.1,31.1,135,L,1
M-MHD-F1-015,Material Handling Roller Drive,307.8,326.0,824.3,83.1,92,L,1
M-MHD-F1-016,Material Handling Roller Drive,310.74,334.21,1942.1,50.11,125,M,1
M-MHD-F1-017,Material Handling Roller Drive,307.17,328.7,1826.4,86.78,167,L,1
M-MHD-F1-018,Material Handling Roller Drive,312.22,326.03,1490.5,55.27,62,L,1
M-MHD-F1-019,Material Handling Roller Drive,312.03,333.27,1123.4,84.23,59,M,1
M-MHD-F1-020,Material Handling Roller Drive,307.46,330.03,918.5,49.93,161,L,1
M-MHD-F2-001,Material Handling Roller Drive,306.21,315.99,1378.7,125.6,131,M,1
M-MHD-F2-002,Material Handling Roller Drive,299.65,320.11,911.8,152.67,50,M,1
M-MHD-F2-003,Material Handling Roller Drive,301.71,319.76,1046.0,130.66,43,L,1
M-MHD-F2-004,Material Handling Roller Drive,297.84,316.15,1249.1,123.92,83,M,1
M-MHD-F2-005,Material Handling Roller Drive,299.69,321.15,830.9,124.06,122,M,1
M-MHD-F2-006,Material Handling Roller Drive,300.18,321.98,1269.8,143.34,74,L,1
M-MHD-F2-007,Material Handling Roller Drive,305.85,313.72,1036.6,157.79,83,H,1
M-MHD-F2-008,Material Handling Roller Drive,297.43,316.87,1214.7,153.85,114,L,1
M-MHD-F2-009,Material Handling Roller Drive,300.81,320.86,1685.7,116.55,136,L,1
M-MHD-F2-010,Material Handling Roller Drive,306.53,314.11,1216.5,126.52,70,L,1
M-MHD-F2-011,Material Handling Roller Drive,302.35,325.12,1594.9,138.5,182,L,1
M-MHD-F2-012,Material Handling Roller Drive,302.79,314.88,875.3,139.69,79,L,1
M-MHD-F2-013,Material Handling Roller Drive,297.24,324.8,1216.6,139.98,49,L,1
M-MHD-F2-014,Material Handling Roller Drive,301.78,325.01,1037.5,118.15,124,L,1
M-MHD-F2-015,Material Handling Roller Drive,304.76,320.57,1242.2,129.1,90,H,1
M-MHD-F2-016,Material Handling Roller Drive,300.14,318.26,944.8,158.8,21,M,1
M-MHD-F2-017,Material Handling Roller Drive,303.2,326.65,1373.5,129.75,77,M,1
M-MHD-F2-018,Material Handling Roller Drive,299.16,311.75,1280.6,128.31,35,M,1
M-MHD-F2-019,Material Handling Roller Drive,303.25,313.88,1037.7,148.81,133,M,1
M-MHD-F2-020,Material Handling Roller Drive,302.67,323.53,1489.9,116.55,79,L,1
M-MHD-F3-001,Material Handling Roller Drive,297.61,307.55,3030.2,109.22,73,M,1
M-MHD-F3-002,Material Handling Roller Drive,302.76,311.48,3293.4,102.84,143,M,1
M-MHD-F3-003,Material Handling Roller Drive,303.35,309.11,2882.1,128.65,156,M,1
M-MHD-F3-004,Material Handling Roller Drive,303.4,313.87,2809.4,133.91,25,M,1
M-MHD-F3-005,Material Handling Roller Drive,298.76,317.16,2499.5,121.61,137,H,1
M-MHD-F3-006,Material Handling Roller Drive,297.35,305.62,2558.9,128.1,174,L,1
M-MHD-F3-007,Material Handling Roller Drive,299.29,314.44,3227.0,128.25,30,M,1
M-MHD-F3-008,Material Handling Roller Drive,304.45,314.62,3234.4,117.51,84,M,1
M-MHD-F3-009,Material Handling Roller Drive,300.26,309.86,2747.9,104.68,106,M,1
M-MHD-F3-010,Material Handling Roller Drive,301.32,306.51,3314.9,125.71,41,H,1
M-MHD-F3-011,Material Handling Roller Drive,301.79,309.44,2719.0,129.24,76,M,1
M-MHD-F3-012,Material Handling Roller Drive,300.83,308.42,2731.6,132.95,74,L,1
M-MHD-F3-013,Material Handling Roller Drive,303.75,305.92,3063.1,125.97,91,M,1
M-MHD-F3-014,Material Handling Roller Drive,297.46,309.14,3107.7,120.69,42,L,1
M-MHD-F3-015,Material Handling Roller Drive,304.44,307.91,3275.1,108.62,112,L,1
M-MHD-F3-016,Material Handling Roller Drive,299.1,312.22,2850.4,126.37,98,M,1
M-MHD-F3-017,Material Handling Roller Drive,303.61,314.08,2927.5,115.61,40,H,1
M-MHD-F3-018,Material Handling Roller Drive,304.57,307.42,2676.9,120.99,155,L,1
M-MHD-F3-019,Material Handling Roller Drive,303.47,317.72,2455.7,113.39,169,M,1
M-MHD-F3-020,Material Handling Roller Drive,303.84,305.23,2904.4,132.21,62,L,1
M-MHD-F4-001,Material Handling Roller Drive,296.08,306.03,1372.2,40.98,261,M,1
M-MHD-F4-002,Material Handling Roller Drive,300.33,310.08,1906.6,99.45,301,M,1
M-MHD-F4-003,Material Handling Roller Drive,297.84,312.82,976.5,66.95,279,M,1
M-MHD-F4-004,Material Handling Roller Drive,303.52,309.17,849.4,36.52,310,M,1
M-MHD-F4-005,Material Handling Roller Drive,298.23,305.42,1434.5,43.28,276,M,1
M-MHD-F4-006,Material Handling Roller Drive,298.06,307.58,823.8,76.91,260,L,1
M-MHD-F4-007,Material Handling Roller Drive,301.43,312.23,1405.6,49.15,317,L,1
M-MHD-F4-008,Material Handling Roller Drive,298.89,315.09,943.1,91.54,266,M,1
M-MHD-F4-009,Material Handling Roller Drive,300.57,310.1,941.4,77.48,261,M,1
M-MHD-F4-010,Material Handling Roller Drive,298.08,316.15,1205.6,99.56,269,H,1
M-MHD-F4-011,Material Handling Roller Drive,301.19,312.22,1542.7,55.66,268,M,1
M-MHD-F4-012,Material Handling Roller Drive,304.36,313.88,1707.5,47.56,294,L,1
M-MHD-F4-013,Material Handling Roller Drive,299.08,307.05,1636.4,78.84,288,H,1
M-MHD-F4-014,Material Handling Roller Drive,298.36,313.12,1536.3,74.6,302,L,1
M-MHD-F4-015,Material Handling Roller Drive,298.49,307.05,1041.4,54.1,316,H,1
M-MHD-F4-016,Material Handling Roller Drive,303.91,307.64,1218.1,42.44,252,H,1
M-MHD-F4-017,Material Handling Roller Drive,299.08,311.81,1041.0,102.95,288,L,1
M-MHD-F4-018,Material Handling Roller Drive,297.34,306.87,1816.1,75.6,315,H,1
M-MHD-F4-019,Material Handling Roller Drive,296.23,316.92,1638.6,93.54,267,H,1
M-MHD-F4-020,Material Handling Roller Drive,300.35,317.87,1889.0,38.4,259,M,1
M-MHD-F5-001,Material Handling Roller Drive,310.15,328.6,2311.0,125.09,265,M,1
M-MHD-F5-002,Material Handling Roller Drive,308.68,324.34,2518.9,131.27,243,L,1
M-MHD-F5-003,Material Handling Roller Drive,306.83,324.88,2482.4,105.16,267,L,1
M-MHD-F5-004,Material Handling Roller Drive,310.51,324.61,2535.3,134.96,252,M,1
M-MHD-F5-005,Material Handling Roller Drive,307.83,325.03,2256.5,119.98,248,M,1
M-MHD-F5-006,Material Handling Roller Drive,307.65,325.44,2750.1,129.06,288,M,1
M-MHD-F5-007,Material Handling Roller Drive,310.03,328.67,2643.4,130.63,260,M,1
M-MHD-F5-008,Material Handling Roller Drive,306.97,326.95,2508.6,136.08,285,H,1
M-MHD-F5-009,Material Handling Roller Drive,309.45,329.6,2750.7,137.29,242,M,1
M-MHD-F5-010,Material Handling Roller Drive,306.74,329.42,2649.3,125.04,288,H,1
M-MHD-F5-011,Material Handling Roller Drive,309.21,326.88,2404.3,123.16,251,M,1
M-MHD-F5-012,Material Handling Roller Drive,308.09,322.19,2770.5,123.81,275,H,1
M-MHD-F5-013,Material Handling Roller Drive,306.64,329.22,2554.6,123.48,266,M,1
M-MHD-F5-014,Material Handling Roller Drive,310.56,323.71,2294.8,141.17,252,L,1
M-MHD-F5-015,Material Handling Roller Drive,309.86,325.06,2352.4,134.24,269,M,1
M-MHD-F5-016,Material Handling Roller Drive,310.45,327.77,2745.6,121.22,246,L,1
M-MHD-F5-017,Material Handling Roller Drive,309.01,326.85,2550.6,122.63,252,M,1
M-MHD-F5-018,Material Handling Roller Drive,309.59,329.33,2243.3,113.82,278,L,1
M-MHD-F5-019,Material Handling Roller Drive,307.06,323.48,2420.3,106.05,276,M,1
M-MHD-F5-020,Material Handling Roller Drive,310.29,325.44,2582.0,142.13,287,H,1
